o Mesh0
usemtl FFA0A0A0
v -66 4 69
v -65.84355926513672 4.034074306488037 69.81043243408203
v -65.74118041992188 4.034074306488037 69
v -66 4 69
v -65.74118041992188 4.034074306488037 69
v -65.84355926513672 4.034074306488037 68.18956756591797
v -65.84355926513672 4.034074306488037 68.18956756591797
v -65.74118041992188 4.034074306488037 69
v -65.5 4.133974552154541 69
v -65.6099624633789 4.133974552154541 68.12958526611328
v -65.6099624633789 4.133974552154541 68.12958526611328
v -65.5 4.133974552154541 69
v -65.29289245605469 4.292893409729004 69
v -65.40935516357422 4.292893409729004 68.07807922363281
v -65.40935516357422 4.292893409729004 68.07807922363281
v -65.29289245605469 4.292893409729004 69
v -65.13397216796875 4.5 69
v -65.25543212890625 4.5 68.03855895996094
v -65.25543212890625 4.5 68.03855895996094
v -65.13397216796875 4.5 69
v -65.03407287597656 4.741180896759033 69
v -65.1586685180664 4.741180896759033 68.01371765136719
v -65.1586685180664 4.741180896759033 68.01371765136719
v -65.03407287597656 4.741180896759033 69
v -65.05455780029297 5 68.34162139892578
v -65.1586685180664 4.741180896759033 68.01371765136719
v -65.05455780029297 5 68.34162139892578
v -65.33690643310547 5 67.39321899414062
v -65.84355926513672 4.034074306488037 69.81043243408203
v -66.10222625732422 4 69.77645874023438
v -66.14427185058594 4.034074306488037 70.5699462890625
v -66.14427185058594 4.034074306488037 70.5699462890625
v -66.10222625732422 4 69.77645874023438
v -66.40192413330078 4 70.5
v -66.14427185058594 4.034074306488037 70.5699462890625
v -66.40192413330078 4 70.5
v -66.62442016601562 4.034074306488037 71.2308120727539
v -66.62442016601562 4.034074306488037 71.2308120727539
v -66.40192413330078 4 70.5
v -66.87867736816406 4 71.12132263183594
v -66.62442016601562 4.034074306488037 71.2308120727539
v -66.87867736816406 4 71.12132263183594
v -67.25383758544922 4.034074306488037 71.75151062011719
v -67.25383758544922 4.034074306488037 71.75151062011719
v -66.87867736816406 4 71.12132263183594
v -67.5 4 71.59807586669922
v -67.25383758544922 4.034074306488037 71.75151062011719
v -67.5 4 71.59807586669922
v -67.99297332763672 4.034074306488037 72.09931945800781
v -67.99297332763672 4.034074306488037 72.09931945800781
v -67.5 4 71.59807586669922
v -68.22354125976562 4 71.89777374267578
v -67.99297332763672 4.034074306488037 72.09931945800781
v -68.22354125976562 4 71.89777374267578
v -68.79537963867188 4.034074306488037 72.25238800048828
v -68.79537963867188 4.034074306488037 72.25238800048828
v -68.22354125976562 4 71.89777374267578
v -69 4 72
v -68.79537963867188 4.034074306488037 72.25238800048828
v -69 4 72
v -69.61064147949219 4.034074306488037 72.20109558105469
v -69.61064147949219 4.034074306488037 72.20109558105469
v -69 4 72
v -69.77645874023438 4 71.89777374267578
v -69.61064147949219 4.034074306488037 72.20109558105469
v -69.77645874023438 4 71.89777374267578
v -70.38753509521484 4.034074306488037 71.94866943359375
v -70.38753509521484 4.034074306488037 71.94866943359375
v -69.77645874023438 4 71.89777374267578
v -70.5 4 71.59807586669922
v -70.38753509521484 4.034074306488037 71.94866943359375
v -70.5 4 71.59807586669922
v -71.0772476196289 4.034074306488037 71.5109634399414
v -71.0772476196289 4.034074306488037 71.5109634399414
v -70.5 4 71.59807586669922
v -71.12132263183594 4 71.12132263183594
v -71.0772476196289 4.034074306488037 71.5109634399414
v -71.12132263183594 4 71.12132263183594
v -71.63643646240234 4.034074306488037 70.91548919677734
v -71.63643646240234 4.034074306488037 70.91548919677734
v -71.12132263183594 4 71.12132263183594
v -71.59807586669922 4 70.5
v -71.63643646240234 4.034074306488037 70.91548919677734
v -71.59807586669922 4 70.5
v -72.02997589111328 4.034074306488037 70.19965362548828
v -72.02997589111328 4.034074306488037 70.19965362548828
v -71.59807586669922 4 70.5
v -71.89777374267578 4 69.77645874023438
v -72.02997589111328 4.034074306488037 70.19965362548828
v -71.89777374267578 4 69.77645874023438
v -72.23312377929688 4.034074306488037 69.40843963623047
v -72.23312377929688 4.034074306488037 69.40843963623047
v -71.89777374267578 4 69.77645874023438
v -72 4 69
v -72.23312377929688 4.034074306488037 69.40843963623047
v -72 4 69
v -72.23312377929688 4.034074306488037 68.59156036376953
v -72.23312377929688 4.034074306488037 68.59156036376953
v -72 4 69
v -71.89777374267578 4 68.22354125976562
v -72.23312377929688 4.034074306488037 68.59156036376953
v -71.89777374267578 4 68.22354125976562
v -72.02997589111328 4.034074306488037 67.80034637451172
v -72.02997589111328 4.034074306488037 67.80034637451172
v -71.89777374267578 4 68.22354125976562
v -71.59807586669922 4 67.5
v -72.02997589111328 4.034074306488037 67.80034637451172
v -71.59807586669922 4 67.5
v -71.63643646240234 4.034074306488037 67.08451080322266
v -71.63643646240234 4.034074306488037 67.08451080322266
v -71.59807586669922 4 67.5
v -71.12132263183594 4 66.87867736816406
v -71.63643646240234 4.034074306488037 67.08451080322266
v -71.12132263183594 4 66.87867736816406
v -71.0772476196289 4.034074306488037 66.4890365600586
v -71.0772476196289 4.034074306488037 66.4890365600586
v -71.12132263183594 4 66.87867736816406
v -70.5 4 66.40192413330078
v -71.0772476196289 4.034074306488037 66.4890365600586
v -70.5 4 66.40192413330078
v -70.38753509521484 4.034074306488037 66.05133056640625
v -70.38753509521484 4.034074306488037 66.05133056640625
v -70.5 4 66.40192413330078
v -69.77645874023438 4 66.10222625732422
v -70.38753509521484 4.034074306488037 66.05133056640625
v -69.77645874023438 4 66.10222625732422
v -69.61064147949219 4.034074306488037 65.79890441894531
v -69.61064147949219 4.034074306488037 65.79890441894531
v -69.77645874023438 4 66.10222625732422
v -69 4 66
v -69.61064147949219 4.034074306488037 65.79890441894531
v -69 4 66
v -68.79537963867188 4.034074306488037 65.74761199951172
v -68.79537963867188 4.034074306488037 65.74761199951172
v -69 4 66
v -68.22354125976562 4 66.10222625732422
v -68.79537963867188 4.034074306488037 65.74761199951172
v -68.22354125976562 4 66.10222625732422
v -67.99297332763672 4.034074306488037 65.90068054199219
v -67.99297332763672 4.034074306488037 65.90068054199219
v -68.22354125976562 4 66.10222625732422
v -67.5 4 66.40192413330078
v -67.99297332763672 4.034074306488037 65.90068054199219
v -67.5 4 66.40192413330078
v -67.25383758544922 4.034074306488037 66.24848937988281
v -67.25383758544922 4.034074306488037 66.24848937988281
v -67.5 4 66.40192413330078
v -66.87867736816406 4 66.87867736816406
v -67.25383758544922 4.034074306488037 66.24848937988281
v -66.87867736816406 4 66.87867736816406
v -66.62442016601562 4.034074306488037 66.7691879272461
v -66.62442016601562 4.034074306488037 66.7691879272461
v -66.87867736816406 4 66.87867736816406
v -66.40192413330078 4 67.5
v -66.62442016601562 4.034074306488037 66.7691879272461
v -66.40192413330078 4 67.5
v -66.14427185058594 4.034074306488037 67.4300537109375
v -66.14427185058594 4.034074306488037 67.4300537109375
v -66.40192413330078 4 67.5
v -66.10222625732422 4 68.22354125976562
v -66.14427185058594 4.034074306488037 67.4300537109375
v -66.10222625732422 4 68.22354125976562
v -65.84355926513672 4.034074306488037 68.18956756591797
v -65.84355926513672 4.034074306488037 68.18956756591797
v -66.10222625732422 4 68.22354125976562
v -66 4 69
v -68.01805877685547 5 72.87760162353516
v -68.7509765625 4.741180896759033 72.95809936523438
v -69 5 73
v -69 5 73
v -68.7509765625 4.741180896759033 72.95809936523438
v -69.7431411743164 4.741180896759033 72.89567565917969
v -69 5 73
v -69.7431411743164 4.741180896759033 72.89567565917969
v -69.89008331298828 5 72.89971160888672
v -69.89008331298828 5 72.89971160888672
v -69.7431411743164 4.741180896759033 72.89567565917969
v -70.68860626220703 4.741180896759033 72.5884780883789
v -69.89008331298828 5 72.89971160888672
v -70.68860626220703 4.741180896759033 72.5884780883789
v -70.73553466796875 5 72.60387420654297
v -70.73553466796875 5 72.60387420654297
v -70.68860626220703 4.741180896759033 72.5884780883789
v -71.49395751953125 5 72.12732696533203
v -71.49395751953125 5 72.12732696533203
v -70.68860626220703 4.741180896759033 72.5884780883789
v -71.5279769897461 4.741180896759033 72.05580139160156
v -71.49395751953125 5 72.12732696533203
v -71.5279769897461 4.741180896759033 72.05580139160156
v -72.12732696533203 5 71.49395751953125
v -72.12732696533203 5 71.49395751953125
v -71.5279769897461 4.741180896759033 72.05580139160156
v -72.20850372314453 4.741180896759033 71.33111572265625
v -72.12732696533203 5 71.49395751953125
v -72.20850372314453 4.741180896759033 71.33111572265625
v -72.60387420654297 5 70.73553466796875
v -72.60387420654297 5 70.73553466796875
v -72.20850372314453 4.741180896759033 71.33111572265625
v -72.68742370605469 4.741180896759033 70.45995330810547
v -72.60387420654297 5 70.73553466796875
v -72.68742370605469 4.741180896759033 70.45995330810547
v -72.89971160888672 5 69.89008331298828
v -72.89971160888672 5 69.89008331298828
v -72.68742370605469 4.741180896759033 70.45995330810547
v -72.93465423583984 4.741180896759033 69.49706268310547
v -72.89971160888672 5 69.89008331298828
v -72.93465423583984 4.741180896759033 69.49706268310547
v -73 5 69
v -73 5 69
v -72.93465423583984 4.741180896759033 69.49706268310547
v -72.93465423583984 4.741180896759033 68.50293731689453
v -73 5 69
v -72.93465423583984 4.741180896759033 68.50293731689453
v -72.87760162353516 5 68.01805877685547
v -72.87760162353516 5 68.01805877685547
v -72.93465423583984 4.741180896759033 68.50293731689453
v -72.68742370605469 4.741180896759033 67.54004669189453
v -72.87760162353516 5 68.01805877685547
v -72.68742370605469 4.741180896759033 67.54004669189453
v -72.51789855957031 5 67.09620666503906
v -72.51789855957031 5 67.09620666503906
v -72.68742370605469 4.741180896759033 67.54004669189453
v -72.20850372314453 4.741180896759033 66.66888427734375
v -72.51789855957031 5 67.09620666503906
v -72.20850372314453 4.741180896759033 66.66888427734375
v -71.9428939819336 5 66.2908706665039
v -71.9428939819336 5 66.2908706665039
v -72.20850372314453 4.741180896759033 66.66888427734375
v -71.5279769897461 4.741180896759033 65.94419860839844
v -71.9428939819336 5 66.2908706665039
v -71.5279769897461 4.741180896759033 65.94419860839844
v -71.18778991699219 5 65.65133666992188
v -71.18778991699219 5 65.65133666992188
v -71.5279769897461 4.741180896759033 65.94419860839844
v -70.68860626220703 4.741180896759033 65.4115219116211
v -71.18778991699219 5 65.65133666992188
v -70.68860626220703 4.741180896759033 65.4115219116211
v -70.29879760742188 5 65.21672821044922
v -70.29879760742188 5 65.21672821044922
v -70.68860626220703 4.741180896759033 65.4115219116211
v -69.7431411743164 4.741180896759033 65.10432434082031
v -70.29879760742188 5 65.21672821044922
v -69.7431411743164 4.741180896759033 65.10432434082031
v -69.33031463623047 5 65.01366424560547
v -69.33031463623047 5 65.01366424560547
v -69.7431411743164 4.741180896759033 65.10432434082031
v -68.7509765625 4.741180896759033 65.04190063476562
v -69.33031463623047 5 65.01366424560547
v -68.7509765625 4.741180896759033 65.04190063476562
v -68.34162139892578 5 65.05455780029297
v -68.34162139892578 5 65.05455780029297
v -68.7509765625 4.741180896759033 65.04190063476562
v -67.77445983886719 4.741180896759033 65.22817993164062
v -68.34162139892578 5 65.05455780029297
v -67.77445983886719 4.741180896759033 65.22817993164062
v -67.39321899414062 5 65.33690643310547
v -67.39321899414062 5 65.33690643310547
v -67.77445983886719 4.741180896759033 65.22817993164062
v -66.87495422363281 4.741180896759033 65.65145874023438
v -67.39321899414062 5 65.33690643310547
v -66.87495422363281 4.741180896759033 65.65145874023438
v -66.54315185546875 5 65.84343719482422
v -66.54315185546875 5 65.84343719482422
v -66.87495422363281 4.741180896759033 65.65145874023438
v -66.10896301269531 4.741180896759033 66.2851333618164
v -66.54315185546875 5 65.84343719482422
v -66.10896301269531 4.741180896759033 66.2851333618164
v -65.84343719482422 5 66.54315185546875
v -65.84343719482422 5 66.54315185546875
v -66.10896301269531 4.741180896759033 66.2851333618164
v -65.5246353149414 4.741180896759033 67.08940124511719
v -65.84343719482422 5 66.54315185546875
v -65.5246353149414 4.741180896759033 67.08940124511719
v -65.33690643310547 5 67.39321899414062
v -65.33690643310547 5 67.39321899414062
v -65.5246353149414 4.741180896759033 67.08940124511719
v -65.1586685180664 4.741180896759033 68.01371765136719
v -68.7509765625 4.741180896759033 72.95809936523438
v -68.01805877685547 5 72.87760162353516
v -67.77445983886719 4.741180896759033 72.77182006835938
v -67.77445983886719 4.741180896759033 72.77182006835938
v -68.01805877685547 5 72.87760162353516
v -67.09620666503906 5 72.51789855957031
v -67.77445983886719 4.741180896759033 72.77182006835938
v -67.09620666503906 5 72.51789855957031
v -66.87495422363281 4.741180896759033 72.34854125976562
v -66.87495422363281 4.741180896759033 72.34854125976562
v -67.09620666503906 5 72.51789855957031
v -66.2908706665039 5 71.9428939819336
v -66.87495422363281 4.741180896759033 72.34854125976562
v -66.2908706665039 5 71.9428939819336
v -66.10896301269531 4.741180896759033 71.7148666381836
v -66.10896301269531 4.741180896759033 71.7148666381836
v -66.2908706665039 5 71.9428939819336
v -65.65133666992188 5 71.18778991699219
v -66.10896301269531 4.741180896759033 71.7148666381836
v -65.65133666992188 5 71.18778991699219
v -65.5246353149414 4.741180896759033 70.91059875488281
v -65.5246353149414 4.741180896759033 70.91059875488281
v -65.65133666992188 5 71.18778991699219
v -65.21672821044922 5 70.29879760742188
v -65.5246353149414 4.741180896759033 70.91059875488281
v -65.21672821044922 5 70.29879760742188
v -65.1586685180664 4.741180896759033 69.98628234863281
v -65.1586685180664 4.741180896759033 69.98628234863281
v -65.21672821044922 5 70.29879760742188
v -65.01366424560547 5 69.33031463623047
v -65.1586685180664 4.741180896759033 69.98628234863281
v -65.01366424560547 5 69.33031463623047
v -65.03407287597656 4.741180896759033 69
v -65.03407287597656 4.741180896759033 69
v -65.01366424560547 5 69.33031463623047
v -65.05455780029297 5 68.34162139892578
v -65.5 4.133974552154541 69
v -65.74118041992188 4.034074306488037 69
v -65.6099624633789 4.133974552154541 69.87041473388672
v -65.84355926513672 4.034074306488037 69.81043243408203
v -65.6099624633789 4.133974552154541 69.87041473388672
v -65.84355926513672 4.034074306488037 69.81043243408203
v -65.93292999267578 4.133974552154541 70.6861343383789
v -66.14427185058594 4.034074306488037 70.5699462890625
v -65.93292999267578 4.133974552154541 70.6861343383789
v -66.14427185058594 4.034074306488037 70.5699462890625
v -66.4486083984375 4.133974552154541 71.39591217041016
v -66.62442016601562 4.034074306488037 71.2308120727539
v -66.4486083984375 4.133974552154541 71.39591217041016
v -66.62442016601562 4.034074306488037 71.2308120727539
v -67.12460327148438 4.133974552154541 71.95514678955078
v -67.25383758544922 4.034074306488037 71.75151062011719
v -67.12460327148438 4.133974552154541 71.95514678955078
v -67.25383758544922 4.034074306488037 71.75151062011719
v -67.91844177246094 4.133974552154541 72.32869720458984
v -67.99297332763672 4.034074306488037 72.09931945800781
v -67.91844177246094 4.133974552154541 72.32869720458984
v -67.99297332763672 4.034074306488037 72.09931945800781
v -68.78023529052734 4.133974552154541 72.49309539794922
v -68.79537963867188 4.034074306488037 72.25238800048828
v -68.78023529052734 4.133974552154541 72.49309539794922
v -68.79537963867188 4.034074306488037 72.25238800048828
v -69.65583801269531 4.133974552154541 72.43800354003906
v -69.61064147949219 4.034074306488037 72.20109558105469
v -69.65583801269531 4.133974552154541 72.43800354003906
v -69.61064147949219 4.034074306488037 72.20109558105469
v -70.49022674560547 4.133974552154541 72.1668930053711
v -70.38753509521484 4.034074306488037 71.94866943359375
v -70.49022674560547 4.133974552154541 72.1668930053711
v -70.38753509521484 4.034074306488037 71.94866943359375
v -71.23098754882812 4.133974552154541 71.69679260253906
v -71.0772476196289 4.034074306488037 71.5109634399414
v -71.23098754882812 4.133974552154541 71.69679260253906
v -71.0772476196289 4.034074306488037 71.5109634399414
v -71.83155822753906 4.133974552154541 71.0572509765625
v -71.63643646240234 4.034074306488037 70.91548919677734
v -71.83155822753906 4.133974552154541 71.0572509765625
v -71.63643646240234 4.034074306488037 70.91548919677734
v -72.25421905517578 4.133974552154541 70.28843688964844
v -72.02997589111328 4.034074306488037 70.19965362548828
v -72.25421905517578 4.133974552154541 70.28843688964844
v -72.02997589111328 4.034074306488037 70.19965362548828
v -72.47240447998047 4.133974552154541 69.43866729736328
v -72.23312377929688 4.034074306488037 69.40843963623047
v -72.47240447998047 4.133974552154541 69.43866729736328
v -72.23312377929688 4.034074306488037 69.40843963623047
v -72.47240447998047 4.133974552154541 68.56133270263672
v -72.23312377929688 4.034074306488037 68.59156036376953
v -72.47240447998047 4.133974552154541 68.56133270263672
v -72.23312377929688 4.034074306488037 68.59156036376953
v -72.25421905517578 4.133974552154541 67.71156311035156
v -72.02997589111328 4.034074306488037 67.80034637451172
v -72.25421905517578 4.133974552154541 67.71156311035156
v -72.02997589111328 4.034074306488037 67.80034637451172
v -71.83155822753906 4.133974552154541 66.9427490234375
v -71.63643646240234 4.034074306488037 67.08451080322266
v -71.83155822753906 4.133974552154541 66.9427490234375
v -71.63643646240234 4.034074306488037 67.08451080322266
v -71.23098754882812 4.133974552154541 66.30320739746094
v -71.0772476196289 4.034074306488037 66.4890365600586
v -71.23098754882812 4.133974552154541 66.30320739746094
v -71.0772476196289 4.034074306488037 66.4890365600586
v -70.49022674560547 4.133974552154541 65.8331069946289
v -70.38753509521484 4.034074306488037 66.05133056640625
v -70.49022674560547 4.133974552154541 65.8331069946289
v -70.38753509521484 4.034074306488037 66.05133056640625
v -69.65583801269531 4.133974552154541 65.56199645996094
v -69.61064147949219 4.034074306488037 65.79890441894531
v -69.65583801269531 4.133974552154541 65.56199645996094
v -69.61064147949219 4.034074306488037 65.79890441894531
v -68.78023529052734 4.133974552154541 65.50690460205078
v -68.79537963867188 4.034074306488037 65.74761199951172
v -68.78023529052734 4.133974552154541 65.50690460205078
v -68.79537963867188 4.034074306488037 65.74761199951172
v -67.91844177246094 4.133974552154541 65.67130279541016
v -67.99297332763672 4.034074306488037 65.90068054199219
v -67.91844177246094 4.133974552154541 65.67130279541016
v -67.99297332763672 4.034074306488037 65.90068054199219
v -67.12460327148438 4.133974552154541 66.04485321044922
v -67.25383758544922 4.034074306488037 66.24848937988281
v -67.12460327148438 4.133974552154541 66.04485321044922
v -67.25383758544922 4.034074306488037 66.24848937988281
v -66.4486083984375 4.133974552154541 66.60408782958984
v -66.62442016601562 4.034074306488037 66.7691879272461
v -66.4486083984375 4.133974552154541 66.60408782958984
v -66.62442016601562 4.034074306488037 66.7691879272461
v -65.93292999267578 4.133974552154541 67.3138656616211
v -66.14427185058594 4.034074306488037 67.4300537109375
v -65.93292999267578 4.133974552154541 67.3138656616211
v -66.14427185058594 4.034074306488037 67.4300537109375
v -65.6099624633789 4.133974552154541 68.12958526611328
v -65.84355926513672 4.034074306488037 68.18956756591797
v -65.29289245605469 4.292893409729004 69
v -65.5 4.133974552154541 69
v -65.40935516357422 4.292893409729004 69.92192077636719
v -65.6099624633789 4.133974552154541 69.87041473388672
v -65.40935516357422 4.292893409729004 69.92192077636719
v -65.6099624633789 4.133974552154541 69.87041473388672
v -65.75143432617188 4.292893409729004 70.7859115600586
v -65.93292999267578 4.133974552154541 70.6861343383789
v -65.75143432617188 4.292893409729004 70.7859115600586
v -65.93292999267578 4.133974552154541 70.6861343383789
v -66.29763793945312 4.292893409729004 71.53768920898438
v -66.4486083984375 4.133974552154541 71.39591217041016
v -66.29763793945312 4.292893409729004 71.53768920898438
v -66.4486083984375 4.133974552154541 71.39591217041016
v -67.01363372802734 4.292893409729004 72.13001251220703
v -67.12460327148438 4.133974552154541 71.95514678955078
v -67.01363372802734 4.292893409729004 72.13001251220703
v -67.12460327148438 4.133974552154541 71.95514678955078
v -67.85443878173828 4.292893409729004 72.52566528320312
v -67.91844177246094 4.133974552154541 72.32869720458984
v -67.85443878173828 4.292893409729004 72.52566528320312
v -67.91844177246094 4.133974552154541 72.32869720458984
v -68.76722717285156 4.292893409729004 72.69979095458984
v -68.78023529052734 4.133974552154541 72.49309539794922
v -68.76722717285156 4.292893409729004 72.69979095458984
v -68.78023529052734 4.133974552154541 72.49309539794922
v -69.69464111328125 4.292893409729004 72.64144134521484
v -69.65583801269531 4.133974552154541 72.43800354003906
v -69.69464111328125 4.292893409729004 72.64144134521484
v -69.65583801269531 4.133974552154541 72.43800354003906
v -70.57840728759766 4.292893409729004 72.35429382324219
v -70.49022674560547 4.133974552154541 72.1668930053711
v -70.57840728759766 4.292893409729004 72.35429382324219
v -70.49022674560547 4.133974552154541 72.1668930053711
v -71.36299896240234 4.292893409729004 71.85637664794922
v -71.23098754882812 4.133974552154541 71.69679260253906
v -71.36299896240234 4.292893409729004 71.85637664794922
v -71.23098754882812 4.133974552154541 71.69679260253906
v -71.99911499023438 4.292893409729004 71.17898559570312
v -71.83155822753906 4.133974552154541 71.0572509765625
v -71.99911499023438 4.292893409729004 71.17898559570312
v -71.83155822753906 4.133974552154541 71.0572509765625
v -72.44677734375 4.292893409729004 70.36467742919922
v -72.25421905517578 4.133974552154541 70.28843688964844
v -72.44677734375 4.292893409729004 70.36467742919922
v -72.25421905517578 4.133974552154541 70.28843688964844
v -72.67787170410156 4.292893409729004 69.4646224975586
v -72.47240447998047 4.133974552154541 69.43866729736328
v -72.67787170410156 4.292893409729004 69.4646224975586
v -72.47240447998047 4.133974552154541 69.43866729736328
v -72.67787170410156 4.292893409729004 68.5353775024414
v -72.47240447998047 4.133974552154541 68.56133270263672
v -72.67787170410156 4.292893409729004 68.5353775024414
v -72.47240447998047 4.133974552154541 68.56133270263672
v -72.44677734375 4.292893409729004 67.63532257080078
v -72.25421905517578 4.133974552154541 67.71156311035156
v -72.44677734375 4.292893409729004 67.63532257080078
v -72.25421905517578 4.133974552154541 67.71156311035156
v -71.99911499023438 4.292893409729004 66.82101440429688
v -71.83155822753906 4.133974552154541 66.9427490234375
v -71.99911499023438 4.292893409729004 66.82101440429688
v -71.83155822753906 4.133974552154541 66.9427490234375
v -71.36299896240234 4.292893409729004 66.14362335205078
v -71.23098754882812 4.133974552154541 66.30320739746094
v -71.36299896240234 4.292893409729004 66.14362335205078
v -71.23098754882812 4.133974552154541 66.30320739746094
v -70.57840728759766 4.292893409729004 65.64570617675781
v -70.49022674560547 4.133974552154541 65.8331069946289
v -70.57840728759766 4.292893409729004 65.64570617675781
v -70.49022674560547 4.133974552154541 65.8331069946289
v -69.69464111328125 4.292893409729004 65.35855865478516
v -69.65583801269531 4.133974552154541 65.56199645996094
v -69.69464111328125 4.292893409729004 65.35855865478516
v -69.65583801269531 4.133974552154541 65.56199645996094
v -68.76722717285156 4.292893409729004 65.30020904541016
v -68.78023529052734 4.133974552154541 65.50690460205078
v -68.76722717285156 4.292893409729004 65.30020904541016
v -68.78023529052734 4.133974552154541 65.50690460205078
v -67.85443878173828 4.292893409729004 65.47433471679688
v -67.91844177246094 4.133974552154541 65.67130279541016
v -67.85443878173828 4.292893409729004 65.47433471679688
v -67.91844177246094 4.133974552154541 65.67130279541016
v -67.01363372802734 4.292893409729004 65.86998748779297
v -67.12460327148438 4.133974552154541 66.04485321044922
v -67.01363372802734 4.292893409729004 65.86998748779297
v -67.12460327148438 4.133974552154541 66.04485321044922
v -66.29763793945312 4.292893409729004 66.46231079101562
v -66.4486083984375 4.133974552154541 66.60408782958984
v -66.29763793945312 4.292893409729004 66.46231079101562
v -66.4486083984375 4.133974552154541 66.60408782958984
v -65.75143432617188 4.292893409729004 67.2140884399414
v -65.93292999267578 4.133974552154541 67.3138656616211
v -65.75143432617188 4.292893409729004 67.2140884399414
v -65.93292999267578 4.133974552154541 67.3138656616211
v -65.40935516357422 4.292893409729004 68.07807922363281
v -65.6099624633789 4.133974552154541 68.12958526611328
v -65.1586685180664 4.741180896759033 69.98628234863281
v -65.03407287597656 4.741180896759033 69
v -65.13397216796875 4.5 69
v -65.13397216796875 4.5 69
v -65.29289245605469 4.292893409729004 69
v -65.25543212890625 4.5 69.96144104003906
v -65.40935516357422 4.292893409729004 69.92192077636719
v -65.25543212890625 4.5 69.96144104003906
v -65.40935516357422 4.292893409729004 69.92192077636719
v -65.61217498779297 4.5 70.86247253417969
v -65.75143432617188 4.292893409729004 70.7859115600586
v -65.61217498779297 4.5 70.86247253417969
v -65.75143432617188 4.292893409729004 70.7859115600586
v -66.1817855834961 4.5 71.64647674560547
v -66.29763793945312 4.292893409729004 71.53768920898438
v -66.1817855834961 4.5 71.64647674560547
v -66.29763793945312 4.292893409729004 71.53768920898438
v -66.92848205566406 4.5 72.26419067382812
v -67.01363372802734 4.292893409729004 72.13001251220703
v -66.92848205566406 4.5 72.26419067382812
v -67.01363372802734 4.292893409729004 72.13001251220703
v -67.80533599853516 4.5 72.67681121826172
v -67.85443878173828 4.292893409729004 72.52566528320312
v -67.80533599853516 4.5 72.67681121826172
v -67.85443878173828 4.292893409729004 72.52566528320312
v -68.75724792480469 4.5 72.8583984375
v -68.76722717285156 4.292893409729004 72.69979095458984
v -68.75724792480469 4.5 72.8583984375
v -68.76722717285156 4.292893409729004 72.69979095458984
v -69.72441864013672 4.5 72.79754638671875
v -69.69464111328125 4.292893409729004 72.64144134521484
v -69.72441864013672 4.5 72.79754638671875
v -69.69464111328125 4.292893409729004 72.64144134521484
v -70.64607238769531 4.5 72.49808502197266
v -70.57840728759766 4.292893409729004 72.35429382324219
v -70.64607238769531 4.5 72.49808502197266
v -70.57840728759766 4.292893409729004 72.35429382324219
v -71.46429443359375 4.5 71.97882080078125
v -71.36299896240234 4.292893409729004 71.85637664794922
v -71.46429443359375 4.5 71.97882080078125
v -71.36299896240234 4.292893409729004 71.85637664794922
v -72.12767791748047 4.5 71.27239227294922
v -71.99911499023438 4.292893409729004 71.17898559570312
v -72.12767791748047 4.5 71.27239227294922
v -71.99911499023438 4.292893409729004 71.17898559570312
v -72.59453582763672 4.5 70.42317962646484
v -72.44677734375 4.292893409729004 70.36467742919922
v -72.59453582763672 4.5 70.42317962646484
v -72.44677734375 4.292893409729004 70.36467742919922
v -72.83554077148438 4.5 69.48454284667969
v -72.67787170410156 4.292893409729004 69.4646224975586
v -72.83554077148438 4.5 69.48454284667969
v -72.67787170410156 4.292893409729004 69.4646224975586
v -72.83554077148438 4.5 68.51545715332031
v -72.67787170410156 4.292893409729004 68.5353775024414
v -72.83554077148438 4.5 68.51545715332031
v -72.67787170410156 4.292893409729004 68.5353775024414
v -72.59453582763672 4.5 67.57682037353516
v -72.44677734375 4.292893409729004 67.63532257080078
v -72.59453582763672 4.5 67.57682037353516
v -72.44677734375 4.292893409729004 67.63532257080078
v -72.12767791748047 4.5 66.72760772705078
v -71.99911499023438 4.292893409729004 66.82101440429688
v -72.12767791748047 4.5 66.72760772705078
v -71.99911499023438 4.292893409729004 66.82101440429688
v -71.46429443359375 4.5 66.02117919921875
v -71.36299896240234 4.292893409729004 66.14362335205078
v -71.46429443359375 4.5 66.02117919921875
v -71.36299896240234 4.292893409729004 66.14362335205078
v -70.64607238769531 4.5 65.50191497802734
v -70.57840728759766 4.292893409729004 65.64570617675781
v -70.64607238769531 4.5 65.50191497802734
v -70.57840728759766 4.292893409729004 65.64570617675781
v -69.72441864013672 4.5 65.20245361328125
v -69.69464111328125 4.292893409729004 65.35855865478516
v -69.72441864013672 4.5 65.20245361328125
v -69.69464111328125 4.292893409729004 65.35855865478516
v -68.75724792480469 4.5 65.1416015625
v -68.76722717285156 4.292893409729004 65.30020904541016
v -68.75724792480469 4.5 65.1416015625
v -68.76722717285156 4.292893409729004 65.30020904541016
v -67.80533599853516 4.5 65.32318878173828
v -67.85443878173828 4.292893409729004 65.47433471679688
v -67.80533599853516 4.5 65.32318878173828
v -67.85443878173828 4.292893409729004 65.47433471679688
v -66.92848205566406 4.5 65.73580932617188
v -67.01363372802734 4.292893409729004 65.86998748779297
v -66.92848205566406 4.5 65.73580932617188
v -67.01363372802734 4.292893409729004 65.86998748779297
v -66.1817855834961 4.5 66.35352325439453
v -66.29763793945312 4.292893409729004 66.46231079101562
v -66.1817855834961 4.5 66.35352325439453
v -66.29763793945312 4.292893409729004 66.46231079101562
v -65.61217498779297 4.5 67.13752746582031
v -65.75143432617188 4.292893409729004 67.2140884399414
v -65.61217498779297 4.5 67.13752746582031
v -65.75143432617188 4.292893409729004 67.2140884399414
v -65.25543212890625 4.5 68.03855895996094
v -65.40935516357422 4.292893409729004 68.07807922363281
v -65.5246353149414 4.741180896759033 70.91059875488281
v -65.1586685180664 4.741180896759033 69.98628234863281
v -65.25543212890625 4.5 69.96144104003906
v -65.25543212890625 4.5 69.96144104003906
v -65.61217498779297 4.5 70.86247253417969
v -66.10896301269531 4.741180896759033 71.7148666381836
v -65.5246353149414 4.741180896759033 70.91059875488281
v -65.61217498779297 4.5 70.86247253417969
v -66.1817855834961 4.5 71.64647674560547
v -66.87495422363281 4.741180896759033 72.34854125976562
v -66.10896301269531 4.741180896759033 71.7148666381836
v -66.1817855834961 4.5 71.64647674560547
v -66.92848205566406 4.5 72.26419067382812
v -67.77445983886719 4.741180896759033 72.77182006835938
v -66.87495422363281 4.741180896759033 72.34854125976562
v -66.92848205566406 4.5 72.26419067382812
v -67.80533599853516 4.5 72.67681121826172
v -68.7509765625 4.741180896759033 72.95809936523438
v -67.77445983886719 4.741180896759033 72.77182006835938
v -67.80533599853516 4.5 72.67681121826172
v -68.75724792480469 4.5 72.8583984375
v -69.7431411743164 4.741180896759033 72.89567565917969
v -68.7509765625 4.741180896759033 72.95809936523438
v -68.75724792480469 4.5 72.8583984375
v -69.72441864013672 4.5 72.79754638671875
v -70.68860626220703 4.741180896759033 72.5884780883789
v -69.7431411743164 4.741180896759033 72.89567565917969
v -69.72441864013672 4.5 72.79754638671875
v -70.64607238769531 4.5 72.49808502197266
v -71.5279769897461 4.741180896759033 72.05580139160156
v -70.68860626220703 4.741180896759033 72.5884780883789
v -70.64607238769531 4.5 72.49808502197266
v -71.46429443359375 4.5 71.97882080078125
v -72.20850372314453 4.741180896759033 71.33111572265625
v -71.5279769897461 4.741180896759033 72.05580139160156
v -71.46429443359375 4.5 71.97882080078125
v -72.12767791748047 4.5 71.27239227294922
v -72.68742370605469 4.741180896759033 70.45995330810547
v -72.20850372314453 4.741180896759033 71.33111572265625
v -72.12767791748047 4.5 71.27239227294922
v -72.59453582763672 4.5 70.42317962646484
v -72.93465423583984 4.741180896759033 69.49706268310547
v -72.68742370605469 4.741180896759033 70.45995330810547
v -72.59453582763672 4.5 70.42317962646484
v -72.83554077148438 4.5 69.48454284667969
v -72.93465423583984 4.741180896759033 68.50293731689453
v -72.93465423583984 4.741180896759033 69.49706268310547
v -72.83554077148438 4.5 69.48454284667969
v -72.83554077148438 4.5 68.51545715332031
v -72.68742370605469 4.741180896759033 67.54004669189453
v -72.93465423583984 4.741180896759033 68.50293731689453
v -72.83554077148438 4.5 68.51545715332031
v -72.59453582763672 4.5 67.57682037353516
v -72.20850372314453 4.741180896759033 66.66888427734375
v -72.68742370605469 4.741180896759033 67.54004669189453
v -72.59453582763672 4.5 67.57682037353516
v -72.12767791748047 4.5 66.72760772705078
v -71.5279769897461 4.741180896759033 65.94419860839844
v -72.20850372314453 4.741180896759033 66.66888427734375
v -72.12767791748047 4.5 66.72760772705078
v -71.46429443359375 4.5 66.02117919921875
v -70.68860626220703 4.741180896759033 65.4115219116211
v -71.5279769897461 4.741180896759033 65.94419860839844
v -71.46429443359375 4.5 66.02117919921875
v -70.64607238769531 4.5 65.50191497802734
v -69.7431411743164 4.741180896759033 65.10432434082031
v -70.68860626220703 4.741180896759033 65.4115219116211
v -70.64607238769531 4.5 65.50191497802734
v -69.72441864013672 4.5 65.20245361328125
v -68.7509765625 4.741180896759033 65.04190063476562
v -69.7431411743164 4.741180896759033 65.10432434082031
v -69.72441864013672 4.5 65.20245361328125
v -68.75724792480469 4.5 65.1416015625
v -67.77445983886719 4.741180896759033 65.22817993164062
v -68.7509765625 4.741180896759033 65.04190063476562
v -68.75724792480469 4.5 65.1416015625
v -67.80533599853516 4.5 65.32318878173828
v -66.87495422363281 4.741180896759033 65.65145874023438
v -67.77445983886719 4.741180896759033 65.22817993164062
v -67.80533599853516 4.5 65.32318878173828
v -66.92848205566406 4.5 65.73580932617188
v -66.10896301269531 4.741180896759033 66.2851333618164
v -66.87495422363281 4.741180896759033 65.65145874023438
v -66.92848205566406 4.5 65.73580932617188
v -66.1817855834961 4.5 66.35352325439453
v -65.5246353149414 4.741180896759033 67.08940124511719
v -66.10896301269531 4.741180896759033 66.2851333618164
v -66.1817855834961 4.5 66.35352325439453
v -65.61217498779297 4.5 67.13752746582031
v -65.1586685180664 4.741180896759033 68.01371765136719
v -65.5246353149414 4.741180896759033 67.08940124511719
v -65.61217498779297 4.5 67.13752746582031
v -65.25543212890625 4.5 68.03855895996094
v -66.10222625732422 4 68.22354125976562
v -71.89777374267578 4 68.22354125976562
v -66 4 69
v -72 4 69
v -66.10222625732422 4 69.77645874023438
v -71.89777374267578 4 69.77645874023438
v -66.40192413330078 4 70.5
v -71.59807586669922 4 70.5
v -66.87867736816406 4 71.12132263183594
v -71.12132263183594 4 71.12132263183594
v -67.5 4 71.59807586669922
v -70.5 4 71.59807586669922
v -68.22354125976562 4 71.89777374267578
v -69.77645874023438 4 71.89777374267578
v -69 4 72
v -71.59807586669922 4 67.5
v -66.40192413330078 4 67.5
v -71.12132263183594 4 66.87867736816406
v -66.87867736816406 4 66.87867736816406
v -70.5 4 66.40192413330078
v -67.5 4 66.40192413330078
v -69.77645874023438 4 66.10222625732422
v -68.22354125976562 4 66.10222625732422
v -69 4 66
v 71.89777374267578 4 -68.22354125976562
v 72.15644073486328 4.034074306488037 -68.18956756591797
v 72 4 -69
v 72 4 -69
v 72.15644073486328 4.034074306488037 -68.18956756591797
v 72.25881958007812 4.034074306488037 -69
v 72 4 -69
v 72.25881958007812 4.034074306488037 -69
v 72.15644073486328 4.034074306488037 -69.81043243408203
v 72.15644073486328 4.034074306488037 -69.81043243408203
v 72.25881958007812 4.034074306488037 -69
v 72.5 4.133974552154541 -69
v 72.3900375366211 4.133974552154541 -69.87041473388672
v 72.3900375366211 4.133974552154541 -69.87041473388672
v 72.5 4.133974552154541 -69
v 72.70710754394531 4.292893409729004 -69
v 72.59064483642578 4.292893409729004 -69.92192077636719
v 72.59064483642578 4.292893409729004 -69.92192077636719
v 72.70710754394531 4.292893409729004 -69
v 72.86602783203125 4.5 -69
v 72.74456787109375 4.5 -69.96144104003906
v 72.74456787109375 4.5 -69.96144104003906
v 72.86602783203125 4.5 -69
v 72.96592712402344 4.741180896759033 -69
v 72.8413314819336 4.741180896759033 -69.98628234863281
v 72.8413314819336 4.741180896759033 -69.98628234863281
v 72.96592712402344 4.741180896759033 -69
v 72.89971160888672 5 -69.89008331298828
v 72.8413314819336 4.741180896759033 -69.98628234863281
v 72.89971160888672 5 -69.89008331298828
v 72.60387420654297 5 -70.73553466796875
v 72.15644073486328 4.034074306488037 -68.18956756591797
v 71.89777374267578 4 -68.22354125976562
v 71.85572814941406 4.034074306488037 -67.4300537109375
v 71.85572814941406 4.034074306488037 -67.4300537109375
v 71.89777374267578 4 -68.22354125976562
v 71.59807586669922 4 -67.5
v 71.85572814941406 4.034074306488037 -67.4300537109375
v 71.59807586669922 4 -67.5
v 71.37557983398438 4.034074306488037 -66.7691879272461
v 71.37557983398438 4.034074306488037 -66.7691879272461
v 71.59807586669922 4 -67.5
v 71.12132263183594 4 -66.87867736816406
v 71.37557983398438 4.034074306488037 -66.7691879272461
v 71.12132263183594 4 -66.87867736816406
v 70.74616241455078 4.034074306488037 -66.24848937988281
v 70.74616241455078 4.034074306488037 -66.24848937988281
v 71.12132263183594 4 -66.87867736816406
v 70.5 4 -66.40192413330078
v 70.74616241455078 4.034074306488037 -66.24848937988281
v 70.5 4 -66.40192413330078
v 70.00702667236328 4.034074306488037 -65.90068054199219
v 70.00702667236328 4.034074306488037 -65.90068054199219
v 70.5 4 -66.40192413330078
v 69.77645874023438 4 -66.10222625732422
v 70.00702667236328 4.034074306488037 -65.90068054199219
v 69.77645874023438 4 -66.10222625732422
v 69.20462036132812 4.034074306488037 -65.74761199951172
v 69.20462036132812 4.034074306488037 -65.74761199951172
v 69.77645874023438 4 -66.10222625732422
v 69 4 -66
v 69.20462036132812 4.034074306488037 -65.74761199951172
v 69 4 -66
v 68.38935852050781 4.034074306488037 -65.79890441894531
v 68.38935852050781 4.034074306488037 -65.79890441894531
v 69 4 -66
v 68.22354125976562 4 -66.10222625732422
v 68.38935852050781 4.034074306488037 -65.79890441894531
v 68.22354125976562 4 -66.10222625732422
v 67.61246490478516 4.034074306488037 -66.05133056640625
v 67.61246490478516 4.034074306488037 -66.05133056640625
v 68.22354125976562 4 -66.10222625732422
v 67.5 4 -66.40192413330078
v 67.61246490478516 4.034074306488037 -66.05133056640625
v 67.5 4 -66.40192413330078
v 66.9227523803711 4.034074306488037 -66.4890365600586
v 66.9227523803711 4.034074306488037 -66.4890365600586
v 67.5 4 -66.40192413330078
v 66.87867736816406 4 -66.87867736816406
v 66.9227523803711 4.034074306488037 -66.4890365600586
v 66.87867736816406 4 -66.87867736816406
v 66.36356353759766 4.034074306488037 -67.08451080322266
v 66.36356353759766 4.034074306488037 -67.08451080322266
v 66.87867736816406 4 -66.87867736816406
v 66.40192413330078 4 -67.5
v 66.36356353759766 4.034074306488037 -67.08451080322266
v 66.40192413330078 4 -67.5
v 65.97002410888672 4.034074306488037 -67.80034637451172
v 65.97002410888672 4.034074306488037 -67.80034637451172
v 66.40192413330078 4 -67.5
v 66.10222625732422 4 -68.22354125976562
v 65.97002410888672 4.034074306488037 -67.80034637451172
v 66.10222625732422 4 -68.22354125976562
v 65.76687622070312 4.034074306488037 -68.59156036376953
v 65.76687622070312 4.034074306488037 -68.59156036376953
v 66.10222625732422 4 -68.22354125976562
v 66 4 -69
v 65.76687622070312 4.034074306488037 -68.59156036376953
v 66 4 -69
v 65.76687622070312 4.034074306488037 -69.40843963623047
v 65.76687622070312 4.034074306488037 -69.40843963623047
v 66 4 -69
v 66.10222625732422 4 -69.77645874023438
v 65.76687622070312 4.034074306488037 -69.40843963623047
v 66.10222625732422 4 -69.77645874023438
v 65.97002410888672 4.034074306488037 -70.19965362548828
v 65.97002410888672 4.034074306488037 -70.19965362548828
v 66.10222625732422 4 -69.77645874023438
v 66.40192413330078 4 -70.5
v 65.97002410888672 4.034074306488037 -70.19965362548828
v 66.40192413330078 4 -70.5
v 66.36356353759766 4.034074306488037 -70.91548919677734
v 66.36356353759766 4.034074306488037 -70.91548919677734
v 66.40192413330078 4 -70.5
v 66.87867736816406 4 -71.12132263183594
v 66.36356353759766 4.034074306488037 -70.91548919677734
v 66.87867736816406 4 -71.12132263183594
v 66.9227523803711 4.034074306488037 -71.5109634399414
v 66.9227523803711 4.034074306488037 -71.5109634399414
v 66.87867736816406 4 -71.12132263183594
v 67.5 4 -71.59807586669922
v 66.9227523803711 4.034074306488037 -71.5109634399414
v 67.5 4 -71.59807586669922
v 67.61246490478516 4.034074306488037 -71.94866943359375
v 67.61246490478516 4.034074306488037 -71.94866943359375
v 67.5 4 -71.59807586669922
v 68.22354125976562 4 -71.89777374267578
v 67.61246490478516 4.034074306488037 -71.94866943359375
v 68.22354125976562 4 -71.89777374267578
v 68.38935852050781 4.034074306488037 -72.20109558105469
v 68.38935852050781 4.034074306488037 -72.20109558105469
v 68.22354125976562 4 -71.89777374267578
v 69 4 -72
v 68.38935852050781 4.034074306488037 -72.20109558105469
v 69 4 -72
v 69.20462036132812 4.034074306488037 -72.25238800048828
v 69.20462036132812 4.034074306488037 -72.25238800048828
v 69 4 -72
v 69.77645874023438 4 -71.89777374267578
v 69.20462036132812 4.034074306488037 -72.25238800048828
v 69.77645874023438 4 -71.89777374267578
v 70.00702667236328 4.034074306488037 -72.09931945800781
v 70.00702667236328 4.034074306488037 -72.09931945800781
v 69.77645874023438 4 -71.89777374267578
v 70.5 4 -71.59807586669922
v 70.00702667236328 4.034074306488037 -72.09931945800781
v 70.5 4 -71.59807586669922
v 70.74616241455078 4.034074306488037 -71.75151062011719
v 70.74616241455078 4.034074306488037 -71.75151062011719
v 70.5 4 -71.59807586669922
v 71.12132263183594 4 -71.12132263183594
v 70.74616241455078 4.034074306488037 -71.75151062011719
v 71.12132263183594 4 -71.12132263183594
v 71.37557983398438 4.034074306488037 -71.2308120727539
v 71.37557983398438 4.034074306488037 -71.2308120727539
v 71.12132263183594 4 -71.12132263183594
v 71.59807586669922 4 -70.5
v 71.37557983398438 4.034074306488037 -71.2308120727539
v 71.59807586669922 4 -70.5
v 71.85572814941406 4.034074306488037 -70.5699462890625
v 71.85572814941406 4.034074306488037 -70.5699462890625
v 71.59807586669922 4 -70.5
v 71.89777374267578 4 -69.77645874023438
v 71.85572814941406 4.034074306488037 -70.5699462890625
v 71.89777374267578 4 -69.77645874023438
v 72.15644073486328 4.034074306488037 -69.81043243408203
v 72.15644073486328 4.034074306488037 -69.81043243408203
v 71.89777374267578 4 -69.77645874023438
v 72 4 -69
v 72.87760162353516 5 -68.01805877685547
v 73 5 -69
v 72.96592712402344 4.741180896759033 -69
v 72.96592712402344 4.741180896759033 -69
v 73 5 -69
v 72.89971160888672 5 -69.89008331298828
v 72.8413314819336 4.741180896759033 -69.98628234863281
v 72.60387420654297 5 -70.73553466796875
v 72.4753646850586 4.741180896759033 -70.91059875488281
v 72.4753646850586 4.741180896759033 -70.91059875488281
v 72.60387420654297 5 -70.73553466796875
v 72.12732696533203 5 -71.49395751953125
v 72.4753646850586 4.741180896759033 -70.91059875488281
v 72.12732696533203 5 -71.49395751953125
v 71.89103698730469 4.741180896759033 -71.7148666381836
v 71.89103698730469 4.741180896759033 -71.7148666381836
v 72.12732696533203 5 -71.49395751953125
v 71.49395751953125 5 -72.12732696533203
v 71.89103698730469 4.741180896759033 -71.7148666381836
v 71.49395751953125 5 -72.12732696533203
v 71.12504577636719 4.741180896759033 -72.34854125976562
v 71.12504577636719 4.741180896759033 -72.34854125976562
v 71.49395751953125 5 -72.12732696533203
v 70.73553466796875 5 -72.60387420654297
v 71.12504577636719 4.741180896759033 -72.34854125976562
v 70.73553466796875 5 -72.60387420654297
v 70.22554016113281 4.741180896759033 -72.77182006835938
v 70.22554016113281 4.741180896759033 -72.77182006835938
v 70.73553466796875 5 -72.60387420654297
v 69.89008331298828 5 -72.89971160888672
v 70.22554016113281 4.741180896759033 -72.77182006835938
v 69.89008331298828 5 -72.89971160888672
v 69.2490234375 4.741180896759033 -72.95809936523438
v 69.2490234375 4.741180896759033 -72.95809936523438
v 69.89008331298828 5 -72.89971160888672
v 69 5 -73
v 69.2490234375 4.741180896759033 -72.95809936523438
v 69 5 -73
v 68.2568588256836 4.741180896759033 -72.89567565917969
v 68.2568588256836 4.741180896759033 -72.89567565917969
v 69 5 -73
v 68.01805877685547 5 -72.87760162353516
v 68.2568588256836 4.741180896759033 -72.89567565917969
v 68.01805877685547 5 -72.87760162353516
v 67.31139373779297 4.741180896759033 -72.5884780883789
v 67.31139373779297 4.741180896759033 -72.5884780883789
v 68.01805877685547 5 -72.87760162353516
v 67.09620666503906 5 -72.51789855957031
v 67.31139373779297 4.741180896759033 -72.5884780883789
v 67.09620666503906 5 -72.51789855957031
v 66.4720230102539 4.741180896759033 -72.05580139160156
v 66.4720230102539 4.741180896759033 -72.05580139160156
v 67.09620666503906 5 -72.51789855957031
v 66.2908706665039 5 -71.9428939819336
v 66.4720230102539 4.741180896759033 -72.05580139160156
v 66.2908706665039 5 -71.9428939819336
v 65.79149627685547 4.741180896759033 -71.33111572265625
v 65.79149627685547 4.741180896759033 -71.33111572265625
v 66.2908706665039 5 -71.9428939819336
v 65.65133666992188 5 -71.18778991699219
v 65.79149627685547 4.741180896759033 -71.33111572265625
v 65.65133666992188 5 -71.18778991699219
v 65.31257629394531 4.741180896759033 -70.45995330810547
v 65.31257629394531 4.741180896759033 -70.45995330810547
v 65.65133666992188 5 -71.18778991699219
v 65.21672821044922 5 -70.29879760742188
v 65.31257629394531 4.741180896759033 -70.45995330810547
v 65.21672821044922 5 -70.29879760742188
v 65.06534576416016 4.741180896759033 -69.49706268310547
v 65.06534576416016 4.741180896759033 -69.49706268310547
v 65.21672821044922 5 -70.29879760742188
v 65.01366424560547 5 -69.33031463623047
v 65.06534576416016 4.741180896759033 -69.49706268310547
v 65.01366424560547 5 -69.33031463623047
v 65.06534576416016 4.741180896759033 -68.50293731689453
v 65.06534576416016 4.741180896759033 -68.50293731689453
v 65.01366424560547 5 -69.33031463623047
v 65.05455780029297 5 -68.34162139892578
v 65.06534576416016 4.741180896759033 -68.50293731689453
v 65.05455780029297 5 -68.34162139892578
v 65.31257629394531 4.741180896759033 -67.54004669189453
v 65.31257629394531 4.741180896759033 -67.54004669189453
v 65.05455780029297 5 -68.34162139892578
v 65.33690643310547 5 -67.39321899414062
v 65.31257629394531 4.741180896759033 -67.54004669189453
v 65.33690643310547 5 -67.39321899414062
v 65.79149627685547 4.741180896759033 -66.66888427734375
v 65.79149627685547 4.741180896759033 -66.66888427734375
v 65.33690643310547 5 -67.39321899414062
v 65.84343719482422 5 -66.54315185546875
v 65.79149627685547 4.741180896759033 -66.66888427734375
v 65.84343719482422 5 -66.54315185546875
v 66.4720230102539 4.741180896759033 -65.94419860839844
v 66.4720230102539 4.741180896759033 -65.94419860839844
v 65.84343719482422 5 -66.54315185546875
v 66.54315185546875 5 -65.84343719482422
v 66.4720230102539 4.741180896759033 -65.94419860839844
v 66.54315185546875 5 -65.84343719482422
v 67.31139373779297 4.741180896759033 -65.4115219116211
v 67.31139373779297 4.741180896759033 -65.4115219116211
v 66.54315185546875 5 -65.84343719482422
v 67.39321899414062 5 -65.33690643310547
v 67.31139373779297 4.741180896759033 -65.4115219116211
v 67.39321899414062 5 -65.33690643310547
v 68.2568588256836 4.741180896759033 -65.10432434082031
v 68.2568588256836 4.741180896759033 -65.10432434082031
v 67.39321899414062 5 -65.33690643310547
v 68.34162139892578 5 -65.05455780029297
v 68.2568588256836 4.741180896759033 -65.10432434082031
v 68.34162139892578 5 -65.05455780029297
v 69.2490234375 4.741180896759033 -65.04190063476562
v 69.2490234375 4.741180896759033 -65.04190063476562
v 68.34162139892578 5 -65.05455780029297
v 69.33031463623047 5 -65.01366424560547
v 69.2490234375 4.741180896759033 -65.04190063476562
v 69.33031463623047 5 -65.01366424560547
v 70.22554016113281 4.741180896759033 -65.22817993164062
v 70.22554016113281 4.741180896759033 -65.22817993164062
v 69.33031463623047 5 -65.01366424560547
v 70.29879760742188 5 -65.21672821044922
v 70.22554016113281 4.741180896759033 -65.22817993164062
v 70.29879760742188 5 -65.21672821044922
v 71.12504577636719 4.741180896759033 -65.65145874023438
v 71.12504577636719 4.741180896759033 -65.65145874023438
v 70.29879760742188 5 -65.21672821044922
v 71.18778991699219 5 -65.65133666992188
v 71.12504577636719 4.741180896759033 -65.65145874023438
v 71.18778991699219 5 -65.65133666992188
v 71.89103698730469 4.741180896759033 -66.2851333618164
v 71.89103698730469 4.741180896759033 -66.2851333618164
v 71.18778991699219 5 -65.65133666992188
v 71.9428939819336 5 -66.2908706665039
v 71.89103698730469 4.741180896759033 -66.2851333618164
v 71.9428939819336 5 -66.2908706665039
v 72.4753646850586 4.741180896759033 -67.08940124511719
v 72.4753646850586 4.741180896759033 -67.08940124511719
v 71.9428939819336 5 -66.2908706665039
v 72.51789855957031 5 -67.09620666503906
v 72.4753646850586 4.741180896759033 -67.08940124511719
v 72.51789855957031 5 -67.09620666503906
v 72.8413314819336 4.741180896759033 -68.01371765136719
v 72.8413314819336 4.741180896759033 -68.01371765136719
v 72.51789855957031 5 -67.09620666503906
v 72.87760162353516 5 -68.01805877685547
v 72.8413314819336 4.741180896759033 -68.01371765136719
v 72.87760162353516 5 -68.01805877685547
v 72.96592712402344 4.741180896759033 -69
v 72.5 4.133974552154541 -69
v 72.25881958007812 4.034074306488037 -69
v 72.3900375366211 4.133974552154541 -68.12958526611328
v 72.15644073486328 4.034074306488037 -68.18956756591797
v 72.3900375366211 4.133974552154541 -68.12958526611328
v 72.15644073486328 4.034074306488037 -68.18956756591797
v 72.06707000732422 4.133974552154541 -67.3138656616211
v 71.85572814941406 4.034074306488037 -67.4300537109375
v 72.06707000732422 4.133974552154541 -67.3138656616211
v 71.85572814941406 4.034074306488037 -67.4300537109375
v 71.5513916015625 4.133974552154541 -66.60408782958984
v 71.37557983398438 4.034074306488037 -66.7691879272461
v 71.5513916015625 4.133974552154541 -66.60408782958984
v 71.37557983398438 4.034074306488037 -66.7691879272461
v 70.87539672851562 4.133974552154541 -66.04485321044922
v 70.74616241455078 4.034074306488037 -66.24848937988281
v 70.87539672851562 4.133974552154541 -66.04485321044922
v 70.74616241455078 4.034074306488037 -66.24848937988281
v 70.08155822753906 4.133974552154541 -65.67130279541016
v 70.00702667236328 4.034074306488037 -65.90068054199219
v 70.08155822753906 4.133974552154541 -65.67130279541016
v 70.00702667236328 4.034074306488037 -65.90068054199219
v 69.21976470947266 4.133974552154541 -65.50690460205078
v 69.20462036132812 4.034074306488037 -65.74761199951172
v 69.21976470947266 4.133974552154541 -65.50690460205078
v 69.20462036132812 4.034074306488037 -65.74761199951172
v 68.34416198730469 4.133974552154541 -65.56199645996094
v 68.38935852050781 4.034074306488037 -65.79890441894531
v 68.34416198730469 4.133974552154541 -65.56199645996094
v 68.38935852050781 4.034074306488037 -65.79890441894531
v 67.50977325439453 4.133974552154541 -65.8331069946289
v 67.61246490478516 4.034074306488037 -66.05133056640625
v 67.50977325439453 4.133974552154541 -65.8331069946289
v 67.61246490478516 4.034074306488037 -66.05133056640625
v 66.76901245117188 4.133974552154541 -66.30320739746094
v 66.9227523803711 4.034074306488037 -66.4890365600586
v 66.76901245117188 4.133974552154541 -66.30320739746094
v 66.9227523803711 4.034074306488037 -66.4890365600586
v 66.16844177246094 4.133974552154541 -66.9427490234375
v 66.36356353759766 4.034074306488037 -67.08451080322266
v 66.16844177246094 4.133974552154541 -66.9427490234375
v 66.36356353759766 4.034074306488037 -67.08451080322266
v 65.74578094482422 4.133974552154541 -67.71156311035156
v 65.97002410888672 4.034074306488037 -67.80034637451172
v 65.74578094482422 4.133974552154541 -67.71156311035156
v 65.97002410888672 4.034074306488037 -67.80034637451172
v 65.52759552001953 4.133974552154541 -68.56133270263672
v 65.76687622070312 4.034074306488037 -68.59156036376953
v 65.52759552001953 4.133974552154541 -68.56133270263672
v 65.76687622070312 4.034074306488037 -68.59156036376953
v 65.52759552001953 4.133974552154541 -69.43866729736328
v 65.76687622070312 4.034074306488037 -69.40843963623047
v 65.52759552001953 4.133974552154541 -69.43866729736328
v 65.76687622070312 4.034074306488037 -69.40843963623047
v 65.74578094482422 4.133974552154541 -70.28843688964844
v 65.97002410888672 4.034074306488037 -70.19965362548828
v 65.74578094482422 4.133974552154541 -70.28843688964844
v 65.97002410888672 4.034074306488037 -70.19965362548828
v 66.16844177246094 4.133974552154541 -71.0572509765625
v 66.36356353759766 4.034074306488037 -70.91548919677734
v 66.16844177246094 4.133974552154541 -71.0572509765625
v 66.36356353759766 4.034074306488037 -70.91548919677734
v 66.76901245117188 4.133974552154541 -71.69679260253906
v 66.9227523803711 4.034074306488037 -71.5109634399414
v 66.76901245117188 4.133974552154541 -71.69679260253906
v 66.9227523803711 4.034074306488037 -71.5109634399414
v 67.50977325439453 4.133974552154541 -72.1668930053711
v 67.61246490478516 4.034074306488037 -71.94866943359375
v 67.50977325439453 4.133974552154541 -72.1668930053711
v 67.61246490478516 4.034074306488037 -71.94866943359375
v 68.34416198730469 4.133974552154541 -72.43800354003906
v 68.38935852050781 4.034074306488037 -72.20109558105469
v 68.34416198730469 4.133974552154541 -72.43800354003906
v 68.38935852050781 4.034074306488037 -72.20109558105469
v 69.21976470947266 4.133974552154541 -72.49309539794922
v 69.20462036132812 4.034074306488037 -72.25238800048828
v 69.21976470947266 4.133974552154541 -72.49309539794922
v 69.20462036132812 4.034074306488037 -72.25238800048828
v 70.08155822753906 4.133974552154541 -72.32869720458984
v 70.00702667236328 4.034074306488037 -72.09931945800781
v 70.08155822753906 4.133974552154541 -72.32869720458984
v 70.00702667236328 4.034074306488037 -72.09931945800781
v 70.87539672851562 4.133974552154541 -71.95514678955078
v 70.74616241455078 4.034074306488037 -71.75151062011719
v 70.87539672851562 4.133974552154541 -71.95514678955078
v 70.74616241455078 4.034074306488037 -71.75151062011719
v 71.5513916015625 4.133974552154541 -71.39591217041016
v 71.37557983398438 4.034074306488037 -71.2308120727539
v 71.5513916015625 4.133974552154541 -71.39591217041016
v 71.37557983398438 4.034074306488037 -71.2308120727539
v 72.06707000732422 4.133974552154541 -70.6861343383789
v 71.85572814941406 4.034074306488037 -70.5699462890625
v 72.06707000732422 4.133974552154541 -70.6861343383789
v 71.85572814941406 4.034074306488037 -70.5699462890625
v 72.3900375366211 4.133974552154541 -69.87041473388672
v 72.15644073486328 4.034074306488037 -69.81043243408203
v 72.70710754394531 4.292893409729004 -69
v 72.5 4.133974552154541 -69
v 72.59064483642578 4.292893409729004 -68.07807922363281
v 72.3900375366211 4.133974552154541 -68.12958526611328
v 72.59064483642578 4.292893409729004 -68.07807922363281
v 72.3900375366211 4.133974552154541 -68.12958526611328
v 72.24856567382812 4.292893409729004 -67.2140884399414
v 72.06707000732422 4.133974552154541 -67.3138656616211
v 72.24856567382812 4.292893409729004 -67.2140884399414
v 72.06707000732422 4.133974552154541 -67.3138656616211
v 71.70236206054688 4.292893409729004 -66.46231079101562
v 71.5513916015625 4.133974552154541 -66.60408782958984
v 71.70236206054688 4.292893409729004 -66.46231079101562
v 71.5513916015625 4.133974552154541 -66.60408782958984
v 70.98636627197266 4.292893409729004 -65.86998748779297
v 70.87539672851562 4.133974552154541 -66.04485321044922
v 70.98636627197266 4.292893409729004 -65.86998748779297
v 70.87539672851562 4.133974552154541 -66.04485321044922
v 70.14556121826172 4.292893409729004 -65.47433471679688
v 70.08155822753906 4.133974552154541 -65.67130279541016
v 70.14556121826172 4.292893409729004 -65.47433471679688
v 70.08155822753906 4.133974552154541 -65.67130279541016
v 69.23277282714844 4.292893409729004 -65.30020904541016
v 69.21976470947266 4.133974552154541 -65.50690460205078
v 69.23277282714844 4.292893409729004 -65.30020904541016
v 69.21976470947266 4.133974552154541 -65.50690460205078
v 68.30535888671875 4.292893409729004 -65.35855865478516
v 68.34416198730469 4.133974552154541 -65.56199645996094
v 68.30535888671875 4.292893409729004 -65.35855865478516
v 68.34416198730469 4.133974552154541 -65.56199645996094
v 67.42159271240234 4.292893409729004 -65.64570617675781
v 67.50977325439453 4.133974552154541 -65.8331069946289
v 67.42159271240234 4.292893409729004 -65.64570617675781
v 67.50977325439453 4.133974552154541 -65.8331069946289
v 66.63700103759766 4.292893409729004 -66.14362335205078
v 66.76901245117188 4.133974552154541 -66.30320739746094
v 66.63700103759766 4.292893409729004 -66.14362335205078
v 66.76901245117188 4.133974552154541 -66.30320739746094
v 66.00088500976562 4.292893409729004 -66.82101440429688
v 66.16844177246094 4.133974552154541 -66.9427490234375
v 66.00088500976562 4.292893409729004 -66.82101440429688
v 66.16844177246094 4.133974552154541 -66.9427490234375
v 65.55322265625 4.292893409729004 -67.63532257080078
v 65.74578094482422 4.133974552154541 -67.71156311035156
v 65.55322265625 4.292893409729004 -67.63532257080078
v 65.74578094482422 4.133974552154541 -67.71156311035156
v 65.32212829589844 4.292893409729004 -68.5353775024414
v 65.52759552001953 4.133974552154541 -68.56133270263672
v 65.32212829589844 4.292893409729004 -68.5353775024414
v 65.52759552001953 4.133974552154541 -68.56133270263672
v 65.32212829589844 4.292893409729004 -69.4646224975586
v 65.52759552001953 4.133974552154541 -69.43866729736328
v 65.32212829589844 4.292893409729004 -69.4646224975586
v 65.52759552001953 4.133974552154541 -69.43866729736328
v 65.55322265625 4.292893409729004 -70.36467742919922
v 65.74578094482422 4.133974552154541 -70.28843688964844
v 65.55322265625 4.292893409729004 -70.36467742919922
v 65.74578094482422 4.133974552154541 -70.28843688964844
v 66.00088500976562 4.292893409729004 -71.17898559570312
v 66.16844177246094 4.133974552154541 -71.0572509765625
v 66.00088500976562 4.292893409729004 -71.17898559570312
v 66.16844177246094 4.133974552154541 -71.0572509765625
v 66.63700103759766 4.292893409729004 -71.85637664794922
v 66.76901245117188 4.133974552154541 -71.69679260253906
v 66.63700103759766 4.292893409729004 -71.85637664794922
v 66.76901245117188 4.133974552154541 -71.69679260253906
v 67.42159271240234 4.292893409729004 -72.35429382324219
v 67.50977325439453 4.133974552154541 -72.1668930053711
v 67.42159271240234 4.292893409729004 -72.35429382324219
v 67.50977325439453 4.133974552154541 -72.1668930053711
v 68.30535888671875 4.292893409729004 -72.64144134521484
v 68.34416198730469 4.133974552154541 -72.43800354003906
v 68.30535888671875 4.292893409729004 -72.64144134521484
v 68.34416198730469 4.133974552154541 -72.43800354003906
v 69.23277282714844 4.292893409729004 -72.69979095458984
v 69.21976470947266 4.133974552154541 -72.49309539794922
v 69.23277282714844 4.292893409729004 -72.69979095458984
v 69.21976470947266 4.133974552154541 -72.49309539794922
v 70.14556121826172 4.292893409729004 -72.52566528320312
v 70.08155822753906 4.133974552154541 -72.32869720458984
v 70.14556121826172 4.292893409729004 -72.52566528320312
v 70.08155822753906 4.133974552154541 -72.32869720458984
v 70.98636627197266 4.292893409729004 -72.13001251220703
v 70.87539672851562 4.133974552154541 -71.95514678955078
v 70.98636627197266 4.292893409729004 -72.13001251220703
v 70.87539672851562 4.133974552154541 -71.95514678955078
v 71.70236206054688 4.292893409729004 -71.53768920898438
v 71.5513916015625 4.133974552154541 -71.39591217041016
v 71.70236206054688 4.292893409729004 -71.53768920898438
v 71.5513916015625 4.133974552154541 -71.39591217041016
v 72.24856567382812 4.292893409729004 -70.7859115600586
v 72.06707000732422 4.133974552154541 -70.6861343383789
v 72.24856567382812 4.292893409729004 -70.7859115600586
v 72.06707000732422 4.133974552154541 -70.6861343383789
v 72.59064483642578 4.292893409729004 -69.92192077636719
v 72.3900375366211 4.133974552154541 -69.87041473388672
v 72.8413314819336 4.741180896759033 -68.01371765136719
v 72.96592712402344 4.741180896759033 -69
v 72.86602783203125 4.5 -69
v 72.86602783203125 4.5 -69
v 72.70710754394531 4.292893409729004 -69
v 72.74456787109375 4.5 -68.03855895996094
v 72.59064483642578 4.292893409729004 -68.07807922363281
v 72.74456787109375 4.5 -68.03855895996094
v 72.59064483642578 4.292893409729004 -68.07807922363281
v 72.38782501220703 4.5 -67.13752746582031
v 72.24856567382812 4.292893409729004 -67.2140884399414
v 72.38782501220703 4.5 -67.13752746582031
v 72.24856567382812 4.292893409729004 -67.2140884399414
v 71.8182144165039 4.5 -66.35352325439453
v 71.70236206054688 4.292893409729004 -66.46231079101562
v 71.8182144165039 4.5 -66.35352325439453
v 71.70236206054688 4.292893409729004 -66.46231079101562
v 71.07151794433594 4.5 -65.73580932617188
v 70.98636627197266 4.292893409729004 -65.86998748779297
v 71.07151794433594 4.5 -65.73580932617188
v 70.98636627197266 4.292893409729004 -65.86998748779297
v 70.19466400146484 4.5 -65.32318878173828
v 70.14556121826172 4.292893409729004 -65.47433471679688
v 70.19466400146484 4.5 -65.32318878173828
v 70.14556121826172 4.292893409729004 -65.47433471679688
v 69.24275207519531 4.5 -65.1416015625
v 69.23277282714844 4.292893409729004 -65.30020904541016
v 69.24275207519531 4.5 -65.1416015625
v 69.23277282714844 4.292893409729004 -65.30020904541016
v 68.27558135986328 4.5 -65.20245361328125
v 68.30535888671875 4.292893409729004 -65.35855865478516
v 68.27558135986328 4.5 -65.20245361328125
v 68.30535888671875 4.292893409729004 -65.35855865478516
v 67.35392761230469 4.5 -65.50191497802734
v 67.42159271240234 4.292893409729004 -65.64570617675781
v 67.35392761230469 4.5 -65.50191497802734
v 67.42159271240234 4.292893409729004 -65.64570617675781
v 66.53570556640625 4.5 -66.02117919921875
v 66.63700103759766 4.292893409729004 -66.14362335205078
v 66.53570556640625 4.5 -66.02117919921875
v 66.63700103759766 4.292893409729004 -66.14362335205078
v 65.87232208251953 4.5 -66.72760772705078
v 66.00088500976562 4.292893409729004 -66.82101440429688
v 65.87232208251953 4.5 -66.72760772705078
v 66.00088500976562 4.292893409729004 -66.82101440429688
v 65.40546417236328 4.5 -67.57682037353516
v 65.55322265625 4.292893409729004 -67.63532257080078
v 65.40546417236328 4.5 -67.57682037353516
v 65.55322265625 4.292893409729004 -67.63532257080078
v 65.16445922851562 4.5 -68.51545715332031
v 65.32212829589844 4.292893409729004 -68.5353775024414
v 65.16445922851562 4.5 -68.51545715332031
v 65.32212829589844 4.292893409729004 -68.5353775024414
v 65.16445922851562 4.5 -69.48454284667969
v 65.32212829589844 4.292893409729004 -69.4646224975586
v 65.16445922851562 4.5 -69.48454284667969
v 65.32212829589844 4.292893409729004 -69.4646224975586
v 65.40546417236328 4.5 -70.42317962646484
v 65.55322265625 4.292893409729004 -70.36467742919922
v 65.40546417236328 4.5 -70.42317962646484
v 65.55322265625 4.292893409729004 -70.36467742919922
v 65.87232208251953 4.5 -71.27239227294922
v 66.00088500976562 4.292893409729004 -71.17898559570312
v 65.87232208251953 4.5 -71.27239227294922
v 66.00088500976562 4.292893409729004 -71.17898559570312
v 66.53570556640625 4.5 -71.97882080078125
v 66.63700103759766 4.292893409729004 -71.85637664794922
v 66.53570556640625 4.5 -71.97882080078125
v 66.63700103759766 4.292893409729004 -71.85637664794922
v 67.35392761230469 4.5 -72.49808502197266
v 67.42159271240234 4.292893409729004 -72.35429382324219
v 67.35392761230469 4.5 -72.49808502197266
v 67.42159271240234 4.292893409729004 -72.35429382324219
v 68.27558135986328 4.5 -72.79754638671875
v 68.30535888671875 4.292893409729004 -72.64144134521484
v 68.27558135986328 4.5 -72.79754638671875
v 68.30535888671875 4.292893409729004 -72.64144134521484
v 69.24275207519531 4.5 -72.8583984375
v 69.23277282714844 4.292893409729004 -72.69979095458984
v 69.24275207519531 4.5 -72.8583984375
v 69.23277282714844 4.292893409729004 -72.69979095458984
v 70.19466400146484 4.5 -72.67681121826172
v 70.14556121826172 4.292893409729004 -72.52566528320312
v 70.19466400146484 4.5 -72.67681121826172
v 70.14556121826172 4.292893409729004 -72.52566528320312
v 71.07151794433594 4.5 -72.26419067382812
v 70.98636627197266 4.292893409729004 -72.13001251220703
v 71.07151794433594 4.5 -72.26419067382812
v 70.98636627197266 4.292893409729004 -72.13001251220703
v 71.8182144165039 4.5 -71.64647674560547
v 71.70236206054688 4.292893409729004 -71.53768920898438
v 71.8182144165039 4.5 -71.64647674560547
v 71.70236206054688 4.292893409729004 -71.53768920898438
v 72.38782501220703 4.5 -70.86247253417969
v 72.24856567382812 4.292893409729004 -70.7859115600586
v 72.38782501220703 4.5 -70.86247253417969
v 72.24856567382812 4.292893409729004 -70.7859115600586
v 72.74456787109375 4.5 -69.96144104003906
v 72.59064483642578 4.292893409729004 -69.92192077636719
v 72.4753646850586 4.741180896759033 -67.08940124511719
v 72.8413314819336 4.741180896759033 -68.01371765136719
v 72.74456787109375 4.5 -68.03855895996094
v 72.74456787109375 4.5 -68.03855895996094
v 72.38782501220703 4.5 -67.13752746582031
v 71.89103698730469 4.741180896759033 -66.2851333618164
v 72.4753646850586 4.741180896759033 -67.08940124511719
v 72.38782501220703 4.5 -67.13752746582031
v 71.8182144165039 4.5 -66.35352325439453
v 71.12504577636719 4.741180896759033 -65.65145874023438
v 71.89103698730469 4.741180896759033 -66.2851333618164
v 71.8182144165039 4.5 -66.35352325439453
v 71.07151794433594 4.5 -65.73580932617188
v 70.22554016113281 4.741180896759033 -65.22817993164062
v 71.12504577636719 4.741180896759033 -65.65145874023438
v 71.07151794433594 4.5 -65.73580932617188
v 70.19466400146484 4.5 -65.32318878173828
v 69.2490234375 4.741180896759033 -65.04190063476562
v 70.22554016113281 4.741180896759033 -65.22817993164062
v 70.19466400146484 4.5 -65.32318878173828
v 69.24275207519531 4.5 -65.1416015625
v 68.2568588256836 4.741180896759033 -65.10432434082031
v 69.2490234375 4.741180896759033 -65.04190063476562
v 69.24275207519531 4.5 -65.1416015625
v 68.27558135986328 4.5 -65.20245361328125
v 67.31139373779297 4.741180896759033 -65.4115219116211
v 68.2568588256836 4.741180896759033 -65.10432434082031
v 68.27558135986328 4.5 -65.20245361328125
v 67.35392761230469 4.5 -65.50191497802734
v 66.4720230102539 4.741180896759033 -65.94419860839844
v 67.31139373779297 4.741180896759033 -65.4115219116211
v 67.35392761230469 4.5 -65.50191497802734
v 66.53570556640625 4.5 -66.02117919921875
v 65.79149627685547 4.741180896759033 -66.66888427734375
v 66.4720230102539 4.741180896759033 -65.94419860839844
v 66.53570556640625 4.5 -66.02117919921875
v 65.87232208251953 4.5 -66.72760772705078
v 65.31257629394531 4.741180896759033 -67.54004669189453
v 65.79149627685547 4.741180896759033 -66.66888427734375
v 65.87232208251953 4.5 -66.72760772705078
v 65.40546417236328 4.5 -67.57682037353516
v 65.06534576416016 4.741180896759033 -68.50293731689453
v 65.31257629394531 4.741180896759033 -67.54004669189453
v 65.40546417236328 4.5 -67.57682037353516
v 65.16445922851562 4.5 -68.51545715332031
v 65.06534576416016 4.741180896759033 -69.49706268310547
v 65.06534576416016 4.741180896759033 -68.50293731689453
v 65.16445922851562 4.5 -68.51545715332031
v 65.16445922851562 4.5 -69.48454284667969
v 65.31257629394531 4.741180896759033 -70.45995330810547
v 65.06534576416016 4.741180896759033 -69.49706268310547
v 65.16445922851562 4.5 -69.48454284667969
v 65.40546417236328 4.5 -70.42317962646484
v 65.79149627685547 4.741180896759033 -71.33111572265625
v 65.31257629394531 4.741180896759033 -70.45995330810547
v 65.40546417236328 4.5 -70.42317962646484
v 65.87232208251953 4.5 -71.27239227294922
v 66.4720230102539 4.741180896759033 -72.05580139160156
v 65.79149627685547 4.741180896759033 -71.33111572265625
v 65.87232208251953 4.5 -71.27239227294922
v 66.53570556640625 4.5 -71.97882080078125
v 67.31139373779297 4.741180896759033 -72.5884780883789
v 66.4720230102539 4.741180896759033 -72.05580139160156
v 66.53570556640625 4.5 -71.97882080078125
v 67.35392761230469 4.5 -72.49808502197266
v 68.2568588256836 4.741180896759033 -72.89567565917969
v 67.31139373779297 4.741180896759033 -72.5884780883789
v 67.35392761230469 4.5 -72.49808502197266
v 68.27558135986328 4.5 -72.79754638671875
v 69.2490234375 4.741180896759033 -72.95809936523438
v 68.2568588256836 4.741180896759033 -72.89567565917969
v 68.27558135986328 4.5 -72.79754638671875
v 69.24275207519531 4.5 -72.8583984375
v 70.22554016113281 4.741180896759033 -72.77182006835938
v 69.2490234375 4.741180896759033 -72.95809936523438
v 69.24275207519531 4.5 -72.8583984375
v 70.19466400146484 4.5 -72.67681121826172
v 71.12504577636719 4.741180896759033 -72.34854125976562
v 70.22554016113281 4.741180896759033 -72.77182006835938
v 70.19466400146484 4.5 -72.67681121826172
v 71.07151794433594 4.5 -72.26419067382812
v 71.89103698730469 4.741180896759033 -71.7148666381836
v 71.12504577636719 4.741180896759033 -72.34854125976562
v 71.07151794433594 4.5 -72.26419067382812
v 71.8182144165039 4.5 -71.64647674560547
v 72.4753646850586 4.741180896759033 -70.91059875488281
v 71.89103698730469 4.741180896759033 -71.7148666381836
v 71.8182144165039 4.5 -71.64647674560547
v 72.38782501220703 4.5 -70.86247253417969
v 72.8413314819336 4.741180896759033 -69.98628234863281
v 72.4753646850586 4.741180896759033 -70.91059875488281
v 72.38782501220703 4.5 -70.86247253417969
v 72.74456787109375 4.5 -69.96144104003906
v 71.89777374267578 4 -69.77645874023438
v 66.10222625732422 4 -69.77645874023438
v 72 4 -69
v 66 4 -69
v 71.89777374267578 4 -68.22354125976562
v 66.10222625732422 4 -68.22354125976562
v 71.59807586669922 4 -67.5
v 66.40192413330078 4 -67.5
v 71.12132263183594 4 -66.87867736816406
v 66.87867736816406 4 -66.87867736816406
v 70.5 4 -66.40192413330078
v 67.5 4 -66.40192413330078
v 69.77645874023438 4 -66.10222625732422
v 68.22354125976562 4 -66.10222625732422
v 69 4 -66
v 66.40192413330078 4 -70.5
v 71.59807586669922 4 -70.5
v 66.87867736816406 4 -71.12132263183594
v 71.12132263183594 4 -71.12132263183594
v 67.5 4 -71.59807586669922
v 70.5 4 -71.59807586669922
v 68.22354125976562 4 -71.89777374267578
v 69.77645874023438 4 -71.89777374267578
v 69 4 -72
v 69 5 -73
v 69.89008331298828 5 -72.89971160888672
v 73 5 -73
v 70.73553466796875 5 -72.60387420654297
v 71.49395751953125 5 -72.12732696533203
v 72.12732696533203 5 -71.49395751953125
v 72.60387420654297 5 -70.73553466796875
v 72.89971160888672 5 -69.89008331298828
v 73 5 -69
v -69 5 73
v -69.89008331298828 5 72.89971160888672
v -73 5 73
v -70.73553466796875 5 72.60387420654297
v -71.49395751953125 5 72.12732696533203
v -72.12732696533203 5 71.49395751953125
v -72.60387420654297 5 70.73553466796875
v -72.89971160888672 5 69.89008331298828
v -73 5 69
v -55 5 11
v -63 5 11
v -55 5 25
v -55 5 33
v -53 5 25
v -45 5 33
v -45 5 19
v -63 5 63
v -55 5 55
v -45 5 63
v -53 5 55
v -45 5 43
v -53 5 35
v -43 5 43
v -35 5 43
v -43 5 65
v -35 5 73
v -65.65133666992188 5 71.18778991699219
v -66.2908706665039 5 71.9428939819336
v -65 5 65
v -65.05455780029297 5 68.34162139892578
v -65.01366424560547 5 69.33031463623047
v -65.21672821044922 5 70.29879760742188
v -65 5 9
v -68.34162139892578 5 65.05455780029297
v -67.39321899414062 5 65.33690643310547
v -66.54315185546875 5 65.84343719482422
v -45 5 9
v -53 5 1
v -73 5 1
v -71.18778991699219 5 65.65133666992188
v -71.9428939819336 5 66.2908706665039
v -72.51789855957031 5 67.09620666503906
v -72.87760162353516 5 68.01805877685547
v -45 5 -19
v -53 5 -11
v -55 5 -19
v -63 5 -11
v -63 5 -63
v -55 5 -55
v -33 5 -63
v -33 5 -55
v -25 5 -65
v -25 5 -45
v -33 5 -53
v -45 5 -45
v -53 5 -53
v -45 5 -29
v -53 5 -21
v -43 5 -21
v -43 5 11
v -35 5 -35
v -43 5 -29
v -53 5 11
v -43 5 19
v -35 5 25
v -43 5 33
v -25 5 33
v 25 5 -65
v 17 5 -73
v 25 5 -63
v 17 5 -55
v 37 5 -55
v 65 5 -65
v 65.05455780029297 5 -68.34162139892578
v 65.01366424560547 5 -69.33031463623047
v 65.21672821044922 5 -70.29879760742188
v 65 5 -35
v 68.34162139892578 5 -65.05455780029297
v 67.39321899414062 5 -65.33690643310547
v 66.54315185546875 5 -65.84343719482422
v 63 5 -35
v 65 5 -27
v 73 5 -1
v 72.51789855957031 5 -67.09620666503906
v 72.87760162353516 5 -68.01805877685547
v 63 5 -63
v 55 5 -55
v 55 5 -27
v 45 5 -55
v -23 5 -65
v 15 5 -73
v -73 5 -73
v -33 5 -65
v -65 5 -65
v -65 5 -9
v -73 5 -1
v -55 5 -1
v -15 5 -65
v -23 5 -43
v -15 5 -35
v -43 5 -43
v -33 5 -33
v -25 5 -25
v -13 5 -33
v -3 5 -25
v -5 5 -33
v 5 5 -33
v -3 5 -23
v 3.1495609283447266 5 -13.846308708190918
v 1.240814208984375 5 -14.145684242248535
v -0.6909035444259644 5 -14.183181762695312
v -2.609830617904663 5 -13.958107948303223
v -4.480442047119141 5 -13.474629402160645
v -6.268107891082764 5 -12.74169635772705
v -7.939732551574707 5 -11.77287769317627
v -23 5 -23
v -9.464369773864746 5 -10.586109161376953
v -10.81379508972168 5 -9.203360557556152
v -11.963025093078613 5 -7.65023136138916
v -12.89078426361084 5 -5.955474376678467
v -13.579898834228516 5 -4.1504645347595215
v -14.017609596252441 5 -2.2686173915863037
v -14.19581413269043 5 -0.34477150440216064
v -23 5 23
v -14.111212730407715 5 1.5854569673538208
v -13.765372276306152 5 3.4863340854644775
v -13.164694786071777 5 5.32266902923584
v -12.320301055908203 5 7.060466289520264
v -11.247822761535645 5 8.667552947998047
v -9.967114448547363 5 10.114179611206055
v -8.501886367797852 5 11.373562812805176
v -6.879263877868652 5 12.422388076782227
v -5.129286289215088 5 13.241239547729492
v -3.284350633621216 5 13.814956665039062
v -1.3786122798919678 5 14.132920265197754
v 0.5526482462882996 5 14.189241409301758
v 35 5 23
v 2.473677635192871 5 13.982879638671875
v 23 5 15
v 4.348912239074707 5 13.517653465270996
v 6.1436357498168945 5 12.802177429199219
v 7.824622631072998 5 11.849695205688477
v 9.360754013061523 5 10.677841186523438
v 10.723589897155762 5 9.308309555053711
v 11.887901306152344 5 7.766454219818115
v 12.832133293151855 5 6.080819129943848
v 23 5 5
v 13.53880500793457 5 4.2826104164123535
v 13.994834899902344 5 2.405118465423584
v 14.191780090332031 5 0.4831007421016693
v 23 5 -3
v 14.125993728637695 5 -1.447860598564148
v 13.798694610595703 5 -3.352017879486084
v 13.2159423828125 5 -5.194119453430176
v 23 5 -13
v 12.388524055480957 5 -6.940062999725342
v 11.331758499145508 5 -8.557525634765625
v 10.06520938873291 5 -10.01656436920166
v 8.612323760986328 5 -11.290166854858398
v 7 5 -13
v 7 5 -12.354756355285645
v -33 5 25
v 7 5 -65
v 7 5 -43
v 15 5 -35
v 5 5 -43
v -3 5 -35
v -3 5 -55
v 5 5 -63
v -13 5 -63
v -5 5 -55
v 43 5 15
v 35 5 25
v 43 5 33
v 24.999998092651367 5 33
v 17 5 25
v 17 5 45
v 24.999998092651367 5 53
v 15 5 45
v 7 5 53
v 7 5 33
v 15 5 25
v -23 5 25
v -23 5 43
v -15 5 35
v -15 5 33
v -3 5 43
v 5 5 35
v -3 5 45
v 5 5 53
v -15 5 53
v -23 5 45
v -15 5 55
v -23 5 63
v 17 5 63
v 24.999998092651367 5 55
v 17 5 65
v 24.999998092651367 5 73
v -25 5 65
v -33 5 73
v -33 5 43
v -25 5 35
v -70.29879760742188 5 65.21672821044922
v -69.33031463623047 5 65.01366424560547
v -65.84343719482422 5 66.54315185546875
v -65.33690643310547 5 67.39321899414062
v -67.09620666503906 5 72.51789855957031
v -68.01805877685547 5 72.87760162353516
v 25 5 5
v 25 5 -3
v 33 5 13
v 33 5 -23
v 25 5 13
v 25 5 -15
v 15 5 -23
v 7 5 -15
v 15 5 -25
v 7 5 -33
v 17 5 -33
v 25 5 -25
v 25 5 -45
v 17 5 -53
v 27 5 -45
v 35 5 -53
v 35 5 -33
v 27 5 -25
v 35 5 -25
v 35 5 13
v 43 5 5
v 43 5 -33
v 45 5 13
v 53 5 5
v 45 5 35
v 53 5 43
v 35 5 43
v 26.999998092651367 5 35
v 35 5 45
v 26.999998092651367 5 53
v 55 5 53
v 63 5 45
v 55 5 55
v 63 5 63
v 34.999996185302734 5 63
v 26.999998092651367 5 55
v 26.999998092651367 5 71.48843383789062
v 34.999996185302734 5 65
v 26.999998092651367 5 73
v 73 5 73
v 73 5 1
v 65 5 35
v 65 5 43
v 65 5 65
v 65 5 1
v 63 5 35
v 55 5 43
v 55 5 3
v 63 5 -5
v 53 5 -5
v 53 5 -7
v 45 5 -15
v 45 5 3
v 55 5 -15
v 63 5 -7
v 63 5 -25
v 55 5 -17
v 53 5 -25
v 45 5 -17
v 45 5 -35
v 47 5 -43
v 45 5 -43
v 53 5 -53
v 47 5 -53
v 37 5 -35
v 65 5 -1
v 71.9428939819336 5 -66.2908706665039
v 71.18778991699219 5 -65.65133666992188
v 70.29879760742188 5 -65.21672821044922
v 69.33031463623047 5 -65.01366424560547
v 65.84343719482422 5 -66.54315185546875
v 65.33690643310547 5 -67.39321899414062
v 65.65133666992188 5 -71.18778991699219
v 66.2908706665039 5 -71.9428939819336
v 67.09620666503906 5 -72.51789855957031
v 68.01805877685547 5 -72.87760162353516
v 5 5 -13.290597915649414
v -55 5 -9
v -63 15 11
v -63 15 63
v -63 5 11
v -63 5 11
v -63 15 63
v -63 5 63
v -63 15 63
v -45 15 63
v -63 5 63
v -45 5 63
v -45 15 63
v -45 15 43
v -45 5 63
v -45 5 43
v -45 15 43
v -43 15 43
v -45 5 43
v -43 5 43
v -43 15 43
v -43 15 65
v -43 5 43
v -43 5 65
v -43 15 65
v -65 15 65
v -43 5 65
v -65 5 65
v -65 15 65
v -65 15 9
v -65 5 65
v -65 5 65
v -65 15 9
v -65 5 9
v -65 15 9
v -45 15 9
v -65 5 9
v -65 5 9
v -45 15 9
v -45 5 9
v -45 15 9
v -45 15 -19
v -45 5 9
v -45 5 -19
v -45 15 -19
v -55 15 -19
v -45 5 -19
v -55 5 -19
v -55 15 -19
v -55 15 -55
v -55 5 -19
v -55 5 -55
v -55 15 -55
v -33 15 -55
v -55 5 -55
v -33 5 -55
v -33 15 -55
v -33 15 -53
v -33 5 -55
v -33 5 -53
v -33 15 -53
v -53 15 -53
v -33 5 -53
v -53 5 -53
v -53 15 -53
v -53 15 -21
v -53 5 -53
v -53 5 -21
v -53 15 -21
v -43 15 -21
v -53 5 -21
v -43 5 -21
v -43 15 -21
v -43 15 11
v -43 5 -21
v -43 5 11
v -43 15 11
v -53 15 11
v -43 5 11
v -53 5 11
v -53 15 11
v -53 15 25
v -53 5 11
v -53 5 25
v -53 15 25
v -55 15 25
v -53 5 25
v -55 5 25
v -55 15 25
v -55 15 11
v -55 5 25
v -55 5 11
v -55 15 11
v -63 15 11
v -55 5 11
v -63 5 11
v 25 15 -65
v 65 15 -65
v 25 5 -65
v 65 5 -65
v 65 15 -65
v 65 15 -35
v 65 5 -65
v 65 5 -35
v 65 15 -35
v 63 15 -35
v 65 5 -35
v 63 5 -35
v 63 15 -35
v 63 15 -63
v 63 5 -35
v 63 5 -63
v 63 15 -63
v 25 15 -63
v 63 5 -63
v 25 5 -63
v 25 15 -63
v 25 15 -65
v 25 5 -63
v 25 5 -65
v -25 15 -65
v -23 15 -65
v -25 5 -65
v -23 5 -65
v -23 15 -65
v -23 15 -43
v -23 5 -65
v -23 5 -43
v -23 15 -43
v -43 15 -43
v -23 5 -43
v -43 5 -43
v -43 15 -43
v -43 15 -29
v -43 5 -43
v -43 5 -29
v -43 15 -29
v -45 15 -29
v -43 5 -29
v -45 5 -29
v -45 15 -29
v -45 15 -45
v -45 5 -29
v -45 5 -45
v -45 15 -45
v -25 15 -45
v -45 5 -45
v -25 5 -45
v -25 15 -45
v -25 15 -65
v -25 5 -45
v -25 5 -65
v -33 15 -33
v -33 15 25
v -33 5 -33
v -33 5 25
v -33 15 25
v -35 15 25
v -33 5 25
v -35 5 25
v -35 15 25
v -35 15 -35
v -35 5 25
v -35 5 -35
v -35 15 -35
v -15 15 -35
v -35 5 -35
v -15 5 -35
v -15 15 -35
v -15 15 -65
v -15 5 -35
v -15 5 -65
v -15 15 -65
v 7 15 -65
v -15 5 -65
v 7 5 -65
v 7 15 -65
v 7 15 -43
v 7 5 -65
v 7 5 -43
v 7 15 -43
v 5 15 -43
v 7 5 -43
v 5 5 -43
v 5 15 -43
v 5 15 -63
v 5 5 -43
v 5 5 -63
v 5 15 -63
v -13 15 -63
v 5 5 -63
v -13 5 -63
v -13 15 -63
v -13 15 -33
v -13 5 -63
v -13 5 -33
v -13 15 -33
v -33 15 -33
v -13 5 -33
v -33 5 -33
v -23 15 23
v 35 15 23
v -23 5 23
v -23 5 23
v 35 15 23
v 35 5 23
v 35 15 23
v 35 15 25
v 35 5 23
v 35 5 25
v 35 15 25
v 17 15 25
v 35 5 25
v 17 5 25
v 17 15 25
v 17 15 45
v 17 5 25
v 17 5 45
v 17 15 45
v 15 15 45
v 17 5 45
v 15 5 45
v 15 15 45
v 15 15 25
v 15 5 45
v 15 5 45
v 15 15 25
v 15 5 25
v 15 15 25
v -23 15 25
v 15 5 25
v 15 5 25
v -23 15 25
v -23 5 25
v -23 15 25
v -23 15 43
v -23 5 25
v -23 5 43
v -23 15 43
v -3 15 43
v -23 5 43
v -3 5 43
v -3 15 43
v -3 15 45
v -3 5 43
v -3 5 45
v -3 15 45
v -23 15 45
v -3 5 45
v -23 5 45
v -23 15 45
v -23 15 63
v -23 5 45
v -23 5 63
v -23 15 63
v 17 15 63
v -23 5 63
v 17 5 63
v 17 15 63
v 17 15 65
v 17 5 63
v 17 5 65
v 17 15 65
v -25 15 65
v 17 5 65
v -25 5 65
v -25 15 65
v -25 15 35
v -25 5 65
v -25 5 65
v -25 15 35
v -25 5 35
v -25 15 35
v -53 15 35
v -25 5 35
v -53 5 35
v -53 15 35
v -53 15 55
v -53 5 35
v -53 5 55
v -53 15 55
v -55 15 55
v -53 5 55
v -55 5 55
v -55 15 55
v -55 15 33
v -55 5 55
v -55 5 33
v -55 15 33
v -45 15 33
v -55 5 33
v -45 5 33
v -45 15 33
v -45 15 19
v -45 5 33
v -45 5 19
v -45 15 19
v -43 15 19
v -45 5 19
v -43 5 19
v -43 15 19
v -43 15 33
v -43 5 19
v -43 5 33
v -43 15 33
v -25 15 33
v -43 5 33
v -25 5 33
v -25 15 33
v -25 15 -25
v -25 5 33
v -25 5 33
v -25 15 -25
v -25 5 -25
v -25 15 -25
v -3 15 -25
v -25 5 -25
v -3 5 -25
v -3 15 -25
v -3 15 -23
v -3 5 -25
v -3 5 -23
v -3 15 -23
v -23 15 -23
v -3 5 -23
v -3 5 -23
v -23 15 -23
v -23 5 -23
v -23 15 -23
v -23 15 23
v -23 5 -23
v -23 5 23
v 55 15 -55
v 55 15 -27
v 55 5 -55
v 55 5 -27
v 55 15 -27
v 65 15 -27
v 55 5 -27
v 65 5 -27
v 65 15 -27
v 65 15 -1
v 65 5 -27
v 65 5 -1
v 65 15 -1
v 73 15 -1
v 65 5 -1
v 65 5 -1
v 73 15 -1
v 73 5 -1
v 73 5 -1
v 73 15 -1
v 73 5 -69
v 73 5 -69
v 73 15 -1
v 73 15 -73
v 73 5 -69
v 73 15 -73
v 73 5 -73
v 73 5 -73
v 73 15 -73
v 69 5 -73
v 17 15 -73
v 17 5 -73
v 17 15 -73
v 17 15 -55
v 17 5 -73
v 17 5 -55
v 17 15 -55
v 37 15 -55
v 17 5 -55
v 37 5 -55
v 37 15 -55
v 37 15 -35
v 37 5 -55
v 37 5 -35
v 37 15 -35
v 45 15 -35
v 37 5 -35
v 45 5 -35
v 45 15 -35
v 45 15 -17
v 45 5 -35
v 45 5 -17
v 45 15 -17
v 55 15 -17
v 45 5 -17
v 55 5 -17
v 55 15 -17
v 55 15 -15
v 55 5 -17
v 55 5 -15
v 55 15 -15
v 45 15 -15
v 55 5 -15
v 45 5 -15
v 45 15 -15
v 45 15 3
v 45 5 -15
v 45 5 3
v 45 15 3
v 55 15 3
v 45 5 3
v 45 5 3
v 55 15 3
v 55 5 3
v 55 15 3
v 55 15 43
v 55 5 3
v 55 5 3
v 55 15 43
v 55 5 43
v 55 15 43
v 65 15 43
v 55 5 43
v 55 5 43
v 65 15 43
v 65 5 43
v 65 15 43
v 65 15 65
v 65 5 43
v 65 5 65
v 65 15 65
v 34.999996185302734 15 65
v 65 5 65
v 34.999996185302734 5 65
v 34.999996185302734 15 65
v 34.999996185302734 15 63
v 34.999996185302734 5 65
v 34.999996185302734 5 63
v 34.999996185302734 15 63
v 63 15 63
v 34.999996185302734 5 63
v 63 5 63
v 63 15 63
v 63 15 45
v 63 5 63
v 63 5 45
v 63 15 45
v 35 15 45
v 63 5 45
v 63 5 45
v 35 15 45
v 35 5 45
v 35 15 45
v 35 15 43
v 35 5 45
v 35 5 43
v 35 15 43
v 53 15 43
v 35 5 43
v 35 5 43
v 53 15 43
v 53 5 43
v 53 15 43
v 53 15 5
v 53 5 43
v 53 5 43
v 53 15 5
v 53 5 5
v 53 15 5
v 43 15 5
v 53 5 5
v 53 5 5
v 43 15 5
v 43 5 5
v 43 15 5
v 43 15 -33
v 43 5 5
v 43 5 -33
v 43 15 -33
v 35 15 -33
v 43 5 -33
v 35 5 -33
v 35 15 -33
v 35 15 -53
v 35 5 -33
v 35 5 -53
v 35 15 -53
v 17 15 -53
v 35 5 -53
v 17 5 -53
v 17 15 -53
v 17 15 -33
v 17 5 -53
v 17 5 -53
v 17 15 -33
v 17 5 -33
v 17 15 -33
v 7 15 -33
v 17 5 -33
v 7 5 -33
v 7 15 -33
v 7 15 -15
v 7 5 -33
v 7 5 -33
v 7 15 -15
v 7 5 -15
v 7 15 -15
v 25 15 -15
v 7 5 -15
v 25 5 -15
v 25 15 -15
v 25 15 -3
v 25 5 -15
v 25 5 -3
v 25 15 -3
v 23 15 -3
v 25 5 -3
v 23 5 -3
v 23 15 -3
v 23 15 -13
v 23 5 -3
v 23 5 -13
v 23 15 -13
v 7 15 -13
v 23 5 -13
v 7 5 -13
v 7 15 -13
v 7 15 -12.354756355285645
v 7 5 -13
v 7 5 -13
v 7 15 -12.354756355285645
v 7 5 -12.354756355285645
v 7 15 -12.354756355285645
v 8.612323760986328 15 -11.290166854858398
v 7 5 -12.354756355285645
v 7 5 -12.354756355285645
v 8.612323760986328 15 -11.290166854858398
v 8.612323760986328 5 -11.290166854858398
v 8.612323760986328 5 -11.290166854858398
v 8.612323760986328 15 -11.290166854858398
v 10.06520938873291 15 -10.01656436920166
v 8.612323760986328 5 -11.290166854858398
v 10.06520938873291 15 -10.01656436920166
v 10.06520938873291 5 -10.01656436920166
v 10.06520938873291 5 -10.01656436920166
v 10.06520938873291 15 -10.01656436920166
v 11.331758499145508 15 -8.557525634765625
v 10.06520938873291 5 -10.01656436920166
v 11.331758499145508 15 -8.557525634765625
v 11.331758499145508 5 -8.557525634765625
v 11.331758499145508 5 -8.557525634765625
v 11.331758499145508 15 -8.557525634765625
v 12.388524055480957 15 -6.940062999725342
v 11.331758499145508 5 -8.557525634765625
v 12.388524055480957 15 -6.940062999725342
v 12.388524055480957 5 -6.940062999725342
v 12.388524055480957 5 -6.940062999725342
v 12.388524055480957 15 -6.940062999725342
v 13.2159423828125 15 -5.194119453430176
v 12.388524055480957 5 -6.940062999725342
v 13.2159423828125 15 -5.194119453430176
v 13.2159423828125 5 -5.194119453430176
v 13.2159423828125 5 -5.194119453430176
v 13.2159423828125 15 -5.194119453430176
v 13.798694610595703 15 -3.352017879486084
v 13.2159423828125 5 -5.194119453430176
v 13.798694610595703 15 -3.352017879486084
v 13.798694610595703 5 -3.352017879486084
v 13.798694610595703 5 -3.352017879486084
v 13.798694610595703 15 -3.352017879486084
v 14.125993728637695 15 -1.447860598564148
v 13.798694610595703 5 -3.352017879486084
v 14.125993728637695 15 -1.447860598564148
v 14.125993728637695 5 -1.447860598564148
v 14.125993728637695 5 -1.447860598564148
v 14.125993728637695 15 -1.447860598564148
v 14.191780090332031 15 0.4831007421016693
v 14.125993728637695 5 -1.447860598564148
v 14.191780090332031 15 0.4831007421016693
v 14.191780090332031 5 0.4831007421016693
v 14.191780090332031 5 0.4831007421016693
v 14.191780090332031 15 0.4831007421016693
v 13.994834899902344 15 2.405118465423584
v 14.191780090332031 5 0.4831007421016693
v 13.994834899902344 15 2.405118465423584
v 13.994834899902344 5 2.405118465423584
v 13.994834899902344 5 2.405118465423584
v 13.994834899902344 15 2.405118465423584
v 13.53880500793457 15 4.2826104164123535
v 13.994834899902344 5 2.405118465423584
v 13.53880500793457 15 4.2826104164123535
v 13.53880500793457 5 4.2826104164123535
v 13.53880500793457 5 4.2826104164123535
v 13.53880500793457 15 4.2826104164123535
v 12.832133293151855 15 6.080819129943848
v 13.53880500793457 5 4.2826104164123535
v 12.832133293151855 15 6.080819129943848
v 12.832133293151855 5 6.080819129943848
v 12.832133293151855 5 6.080819129943848
v 12.832133293151855 15 6.080819129943848
v 11.887901306152344 15 7.766454219818115
v 12.832133293151855 5 6.080819129943848
v 11.887901306152344 15 7.766454219818115
v 11.887901306152344 5 7.766454219818115
v 11.887901306152344 5 7.766454219818115
v 11.887901306152344 15 7.766454219818115
v 10.723589897155762 15 9.308309555053711
v 11.887901306152344 5 7.766454219818115
v 10.723589897155762 15 9.308309555053711
v 10.723589897155762 5 9.308309555053711
v 10.723589897155762 5 9.308309555053711
v 10.723589897155762 15 9.308309555053711
v 9.360754013061523 15 10.677841186523438
v 10.723589897155762 5 9.308309555053711
v 9.360754013061523 15 10.677841186523438
v 9.360754013061523 5 10.677841186523438
v 9.360754013061523 5 10.677841186523438
v 9.360754013061523 15 10.677841186523438
v 7.824622631072998 15 11.849695205688477
v 9.360754013061523 5 10.677841186523438
v 7.824622631072998 15 11.849695205688477
v 7.824622631072998 5 11.849695205688477
v 7.824622631072998 5 11.849695205688477
v 7.824622631072998 15 11.849695205688477
v 6.1436357498168945 15 12.802177429199219
v 7.824622631072998 5 11.849695205688477
v 6.1436357498168945 15 12.802177429199219
v 6.1436357498168945 5 12.802177429199219
v 6.1436357498168945 5 12.802177429199219
v 6.1436357498168945 15 12.802177429199219
v 4.348912239074707 15 13.517653465270996
v 6.1436357498168945 5 12.802177429199219
v 4.348912239074707 15 13.517653465270996
v 4.348912239074707 5 13.517653465270996
v 4.348912239074707 5 13.517653465270996
v 4.348912239074707 15 13.517653465270996
v 2.473677635192871 15 13.982879638671875
v 4.348912239074707 5 13.517653465270996
v 2.473677635192871 15 13.982879638671875
v 2.473677635192871 5 13.982879638671875
v 2.473677635192871 5 13.982879638671875
v 2.473677635192871 15 13.982879638671875
v 0.5526482462882996 15 14.189241409301758
v 2.473677635192871 5 13.982879638671875
v 0.5526482462882996 15 14.189241409301758
v 0.5526482462882996 5 14.189241409301758
v 0.5526482462882996 5 14.189241409301758
v 0.5526482462882996 15 14.189241409301758
v -1.3786122798919678 15 14.132920265197754
v 0.5526482462882996 5 14.189241409301758
v -1.3786122798919678 15 14.132920265197754
v -1.3786122798919678 5 14.132920265197754
v -1.3786122798919678 5 14.132920265197754
v -1.3786122798919678 15 14.132920265197754
v -3.284350633621216 15 13.814956665039062
v -1.3786122798919678 5 14.132920265197754
v -3.284350633621216 15 13.814956665039062
v -3.284350633621216 5 13.814956665039062
v -3.284350633621216 5 13.814956665039062
v -3.284350633621216 15 13.814956665039062
v -5.129286289215088 15 13.241239547729492
v -3.284350633621216 5 13.814956665039062
v -5.129286289215088 15 13.241239547729492
v -5.129286289215088 5 13.241239547729492
v -5.129286289215088 5 13.241239547729492
v -5.129286289215088 15 13.241239547729492
v -6.879263877868652 15 12.422388076782227
v -5.129286289215088 5 13.241239547729492
v -6.879263877868652 15 12.422388076782227
v -6.879263877868652 5 12.422388076782227
v -6.879263877868652 5 12.422388076782227
v -6.879263877868652 15 12.422388076782227
v -8.501886367797852 15 11.373562812805176
v -6.879263877868652 5 12.422388076782227
v -8.501886367797852 15 11.373562812805176
v -8.501886367797852 5 11.373562812805176
v -8.501886367797852 5 11.373562812805176
v -8.501886367797852 15 11.373562812805176
v -9.967114448547363 15 10.114179611206055
v -8.501886367797852 5 11.373562812805176
v -9.967114448547363 15 10.114179611206055
v -9.967114448547363 5 10.114179611206055
v -9.967114448547363 5 10.114179611206055
v -9.967114448547363 15 10.114179611206055
v -11.247822761535645 15 8.667552947998047
v -9.967114448547363 5 10.114179611206055
v -11.247822761535645 15 8.667552947998047
v -11.247822761535645 5 8.667552947998047
v -11.247822761535645 5 8.667552947998047
v -11.247822761535645 15 8.667552947998047
v -12.320301055908203 15 7.060466289520264
v -11.247822761535645 5 8.667552947998047
v -12.320301055908203 15 7.060466289520264
v -12.320301055908203 5 7.060466289520264
v -12.320301055908203 5 7.060466289520264
v -12.320301055908203 15 7.060466289520264
v -13.164694786071777 15 5.32266902923584
v -12.320301055908203 5 7.060466289520264
v -13.164694786071777 15 5.32266902923584
v -13.164694786071777 5 5.32266902923584
v -13.164694786071777 5 5.32266902923584
v -13.164694786071777 15 5.32266902923584
v -13.765372276306152 15 3.4863340854644775
v -13.164694786071777 5 5.32266902923584
v -13.765372276306152 15 3.4863340854644775
v -13.765372276306152 5 3.4863340854644775
v -13.765372276306152 5 3.4863340854644775
v -13.765372276306152 15 3.4863340854644775
v -14.111212730407715 15 1.5854569673538208
v -13.765372276306152 5 3.4863340854644775
v -14.111212730407715 15 1.5854569673538208
v -14.111212730407715 5 1.5854569673538208
v -14.111212730407715 5 1.5854569673538208
v -14.111212730407715 15 1.5854569673538208
v -14.19581413269043 15 -0.34477150440216064
v -14.111212730407715 5 1.5854569673538208
v -14.19581413269043 15 -0.34477150440216064
v -14.19581413269043 5 -0.34477150440216064
v -14.19581413269043 5 -0.34477150440216064
v -14.19581413269043 15 -0.34477150440216064
v -14.017609596252441 15 -2.2686173915863037
v -14.19581413269043 5 -0.34477150440216064
v -14.017609596252441 15 -2.2686173915863037
v -14.017609596252441 5 -2.2686173915863037
v -14.017609596252441 5 -2.2686173915863037
v -14.017609596252441 15 -2.2686173915863037
v -13.579898834228516 15 -4.1504645347595215
v -14.017609596252441 5 -2.2686173915863037
v -13.579898834228516 15 -4.1504645347595215
v -13.579898834228516 5 -4.1504645347595215
v -13.579898834228516 5 -4.1504645347595215
v -13.579898834228516 15 -4.1504645347595215
v -12.89078426361084 15 -5.955474376678467
v -13.579898834228516 5 -4.1504645347595215
v -12.89078426361084 15 -5.955474376678467
v -12.89078426361084 5 -5.955474376678467
v -12.89078426361084 5 -5.955474376678467
v -12.89078426361084 15 -5.955474376678467
v -11.963025093078613 15 -7.65023136138916
v -12.89078426361084 5 -5.955474376678467
v -11.963025093078613 15 -7.65023136138916
v -11.963025093078613 5 -7.65023136138916
v -11.963025093078613 5 -7.65023136138916
v -11.963025093078613 15 -7.65023136138916
v -10.81379508972168 15 -9.203360557556152
v -11.963025093078613 5 -7.65023136138916
v -10.81379508972168 15 -9.203360557556152
v -10.81379508972168 5 -9.203360557556152
v -10.81379508972168 5 -9.203360557556152
v -10.81379508972168 15 -9.203360557556152
v -9.464369773864746 15 -10.586109161376953
v -10.81379508972168 5 -9.203360557556152
v -9.464369773864746 15 -10.586109161376953
v -9.464369773864746 5 -10.586109161376953
v -9.464369773864746 5 -10.586109161376953
v -9.464369773864746 15 -10.586109161376953
v -7.939732551574707 15 -11.77287769317627
v -9.464369773864746 5 -10.586109161376953
v -7.939732551574707 15 -11.77287769317627
v -7.939732551574707 5 -11.77287769317627
v -7.939732551574707 5 -11.77287769317627
v -7.939732551574707 15 -11.77287769317627
v -6.268107891082764 15 -12.74169635772705
v -7.939732551574707 5 -11.77287769317627
v -6.268107891082764 15 -12.74169635772705
v -6.268107891082764 5 -12.74169635772705
v -6.268107891082764 5 -12.74169635772705
v -6.268107891082764 15 -12.74169635772705
v -4.480442047119141 15 -13.474629402160645
v -6.268107891082764 5 -12.74169635772705
v -4.480442047119141 15 -13.474629402160645
v -4.480442047119141 5 -13.474629402160645
v -4.480442047119141 5 -13.474629402160645
v -4.480442047119141 15 -13.474629402160645
v -2.609830617904663 15 -13.958107948303223
v -4.480442047119141 5 -13.474629402160645
v -2.609830617904663 15 -13.958107948303223
v -2.609830617904663 5 -13.958107948303223
v -2.609830617904663 5 -13.958107948303223
v -2.609830617904663 15 -13.958107948303223
v -0.6909035444259644 5 -14.183181762695312
v -0.6909035444259644 5 -14.183181762695312
v -2.609830617904663 15 -13.958107948303223
v -0.6909035444259644 15 -14.183181762695312
v -0.6909035444259644 5 -14.183181762695312
v -0.6909035444259644 15 -14.183181762695312
v 1.240814208984375 5 -14.145684242248535
v 1.240814208984375 5 -14.145684242248535
v -0.6909035444259644 15 -14.183181762695312
v 1.240814208984375 15 -14.145684242248535
v 1.240814208984375 5 -14.145684242248535
v 1.240814208984375 15 -14.145684242248535
v 3.1495609283447266 5 -13.846308708190918
v 3.1495609283447266 15 -13.846308708190918
v 3.1495609283447266 5 -13.846308708190918
v 3.1495609283447266 15 -13.846308708190918
v 5 5 -13.290597915649414
v 5 5 -13.290597915649414
v 3.1495609283447266 15 -13.846308708190918
v 5 15 -13.290597915649414
v 5 15 -13.290597915649414
v 5 15 -33
v 5 5 -13.290597915649414
v 5 5 -33
v 5 15 -33
v -5 15 -33
v 5 5 -33
v -5 5 -33
v -5 15 -33
v -5 15 -55
v -5 5 -33
v -5 5 -55
v -5 15 -55
v -3 15 -55
v -5 5 -55
v -3 5 -55
v -3 15 -55
v -3 15 -35
v -3 5 -55
v -3 5 -35
v -3 15 -35
v 15 15 -35
v -3 5 -35
v 15 5 -35
v 15 15 -35
v 15 15 -73
v 15 5 -35
v 15 5 -35
v 15 15 -73
v 15 5 -73
v 15 15 -73
v -73 15 -73
v 15 5 -73
v 15 5 -73
v -73 15 -73
v -73 5 -73
v -73 15 -73
v -73 15 -1
v -73 5 -73
v -73 5 -1
v -73 15 -1
v -55 15 -1
v -73 5 -1
v -55 5 -1
v -55 15 -1
v -55 15 -9
v -55 5 -1
v -55 5 -9
v -55 15 -9
v -65 15 -9
v -55 5 -9
v -55 5 -9
v -65 15 -9
v -65 5 -9
v -65 15 -9
v -65 15 -65
v -65 5 -9
v -65 5 -65
v -65 15 -65
v -33 15 -65
v -65 5 -65
v -33 5 -65
v -33 15 -65
v -33 15 -63
v -33 5 -65
v -33 5 -63
v -33 15 -63
v -63 15 -63
v -33 5 -63
v -63 5 -63
v -63 15 -63
v -63 15 -11
v -63 5 -63
v -63 5 -63
v -63 15 -11
v -63 5 -11
v -63 15 -11
v -53 15 -11
v -63 5 -11
v -53 5 -11
v -53 15 -11
v -53 15 1
v -53 5 -11
v -53 5 1
v -53 15 1
v -73 15 1
v -53 5 1
v -73 5 1
v -73 5 1
v -73 15 1
v -73 5 69
v -73 5 69
v -73 15 1
v -73 15 73
v -73 5 69
v -73 15 73
v -73 5 73
v -73 5 73
v -73 15 73
v -69 5 73
v -69 5 73
v -73 15 73
v -35 15 73
v -69 5 73
v -35 15 73
v -35 5 73
v -35 15 73
v -35 15 43
v -35 5 73
v -35 5 43
v -35 15 43
v -33 15 43
v -35 5 43
v -33 5 43
v -33 15 43
v -33 15 73
v -33 5 43
v -33 5 73
v -33 15 73
v 24.999998092651367 15 73
v -33 5 73
v 24.999998092651367 5 73
v 24.999998092651367 15 73
v 24.999998092651367 15 55
v 24.999998092651367 5 73
v 24.999998092651367 5 55
v 24.999998092651367 15 55
v -15 15 55
v 24.999998092651367 5 55
v 24.999998092651367 5 55
v -15 15 55
v -15 5 55
v -15 15 55
v -15 15 53
v -15 5 55
v -15 5 53
v -15 15 53
v 5 15 53
v -15 5 53
v 5 5 53
v 5 15 53
v 5 15 35
v 5 5 53
v 5 5 53
v 5 15 35
v 5 5 35
v 5 15 35
v -15 15 35
v 5 5 35
v 5 5 35
v -15 15 35
v -15 5 35
v -15 15 35
v -15 15 33
v -15 5 35
v -15 5 33
v -15 15 33
v 7 15 33
v -15 5 33
v -15 5 33
v 7 15 33
v 7 5 33
v 7 15 33
v 7 15 53
v 7 5 33
v 7 5 33
v 7 15 53
v 7 5 53
v 7 15 53
v 24.999998092651367 15 53
v 7 5 53
v 7 5 53
v 24.999998092651367 15 53
v 24.999998092651367 5 53
v 24.999998092651367 15 53
v 24.999998092651367 15 33
v 24.999998092651367 5 53
v 24.999998092651367 5 33
v 24.999998092651367 15 33
v 43 15 33
v 24.999998092651367 5 33
v 24.999998092651367 5 33
v 43 15 33
v 43 5 33
v 43 15 33
v 43 15 15
v 43 5 33
v 43 5 15
v 43 15 15
v 23 15 15
v 43 5 15
v 43 5 15
v 23 15 15
v 23 5 15
v 23 15 15
v 23 15 5
v 23 5 15
v 23 5 5
v 23 15 5
v 25 15 5
v 23 5 5
v 25 5 5
v 25 15 5
v 25 15 13
v 25 5 5
v 25 5 13
v 25 15 13
v 33 15 13
v 25 5 13
v 25 5 13
v 33 15 13
v 33 5 13
v 33 15 13
v 33 15 -23
v 33 5 13
v 33 5 -23
v 33 15 -23
v 15 15 -23
v 33 5 -23
v 33 5 -23
v 15 15 -23
v 15 5 -23
v 15 15 -23
v 15 15 -25
v 15 5 -23
v 15 5 -25
v 15 15 -25
v 25 15 -25
v 15 5 -25
v 25 5 -25
v 25 15 -25
v 25 15 -45
v 25 5 -25
v 25 5 -45
v 25 15 -45
v 27 15 -45
v 25 5 -45
v 27 5 -45
v 27 15 -45
v 27 15 -25
v 27 5 -45
v 27 5 -25
v 27 15 -25
v 35 15 -25
v 27 5 -25
v 35 5 -25
v 35 15 -25
v 35 15 13
v 35 5 -25
v 35 5 13
v 35 15 13
v 45 15 13
v 35 5 13
v 35 5 13
v 45 15 13
v 45 5 13
v 45 15 13
v 45 15 35
v 45 5 13
v 45 5 35
v 45 15 35
v 26.999998092651367 15 35
v 45 5 35
v 45 5 35
v 26.999998092651367 15 35
v 26.999998092651367 5 35
v 26.999998092651367 15 35
v 26.999998092651367 15 53
v 26.999998092651367 5 35
v 26.999998092651367 5 53
v 26.999998092651367 15 53
v 55 15 53
v 26.999998092651367 5 53
v 55 5 53
v 55 15 53
v 55 15 55
v 55 5 53
v 55 5 55
v 55 15 55
v 26.999998092651367 15 55
v 55 5 55
v 26.999998092651367 5 55
v 26.999998092651367 15 55
v 26.999998092651367 15 71.48843383789062
v 26.999998092651367 5 55
v 26.999998092651367 5 55
v 26.999998092651367 15 71.48843383789062
v 26.999998092651367 5 71.48843383789062
v 26.999998092651367 15 71.48843383789062
v 26.999998092651367 15 73
v 26.999998092651367 5 71.48843383789062
v 26.999998092651367 5 73
v 26.999998092651367 15 73
v 73 15 73
v 26.999998092651367 5 73
v 73 5 73
v 73 15 73
v 73 15 1
v 73 5 73
v 73 5 73
v 73 15 1
v 73 5 1
v 73 15 1
v 65 15 1
v 73 5 1
v 73 5 1
v 65 15 1
v 65 5 1
v 65 15 1
v 65 15 35
v 65 5 1
v 65 5 1
v 65 15 35
v 65 5 35
v 65 15 35
v 63 15 35
v 65 5 35
v 63 5 35
v 63 15 35
v 63 15 -5
v 63 5 35
v 63 5 35
v 63 15 -5
v 63 5 -5
v 63 15 -5
v 53 15 -5
v 63 5 -5
v 63 5 -5
v 53 15 -5
v 53 5 -5
v 53 15 -5
v 53 15 -7
v 53 5 -5
v 53 5 -7
v 53 15 -7
v 63 15 -7
v 53 5 -7
v 53 5 -7
v 63 15 -7
v 63 5 -7
v 63 15 -7
v 63 15 -25
v 63 5 -7
v 63 5 -25
v 63 15 -25
v 53 15 -25
v 63 5 -25
v 53 5 -25
v 53 15 -25
v 53 15 -53
v 53 5 -25
v 53 5 -25
v 53 15 -53
v 53 5 -53
v 53 15 -53
v 47 15 -53
v 53 5 -53
v 47 5 -53
v 47 15 -53
v 47 15 -43
v 47 5 -53
v 47 5 -43
v 47 15 -43
v 45 15 -43
v 47 5 -43
v 45 5 -43
v 45 15 -43
v 45 15 -55
v 45 5 -43
v 45 5 -55
v 45 15 -55
v 55 15 -55
v 45 5 -55
v 55 5 -55
v -75 15 -75
v 15 15 -73
v 75 15 -75
v 17 15 -73
v 73 15 -73
v -75 15 75
v -73 15 -1
v -73 15 -73
v 75 15 75
v 24.999998092651367 15 73
v -33 15 73
v -35 15 73
v -35 15 43
v -33 15 43
v 73 15 -1
v 73 15 1
v 73 15 73
v -10.067913055419922 15 -1.6361950635910034
v -14.19581413269043 15 -0.34477150440216064
v -10.199999809265137 15 -3.306546104933259e-16
v -14.111212730407715 15 1.5854569673538208
v -10.067913055419922 15 1.6361950635910034
v -13.765372276306152 15 3.4863340854644775
v -9.675071716308594 15 3.230013608932495
v -13.164694786071777 15 5.32266902923584
v -9.031651496887207 15 4.740176200866699
v -12.320301055908203 15 7.060466289520264
v -8.154315948486328 15 6.127571105957031
v -11.247822761535645 15 8.667552947998047
v -9.967114448547363 15 10.114179611206055
v -9.675071716308594 15 -3.230013608932495
v -13.579898834228516 15 -4.1504645347595215
v -14.017609596252441 15 -2.2686173915863037
v -12.89078426361084 15 -5.955474376678467
v -9.031651496887207 15 -4.740176200866699
v -11.963025093078613 15 -7.65023136138916
v -8.154315948486328 15 -6.127571105957031
v -10.81379508972168 15 -9.203360557556152
v -7.065788269042969 15 -7.356265068054199
v -9.464369773864746 15 -10.586109161376953
v -5.794260501861572 15 -8.39443588256836
v -7.939732551574707 15 -11.77287769317627
v -6.268107891082764 15 -12.74169635772705
v -4.372663974761963 15 -9.215194702148438
v -4.480442047119141 15 -13.474629402160645
v -2.837818145751953 15 -9.797285079956055
v -2.609830617904663 15 -13.958107948303223
v -1.2294741868972778 15 -10.125630378723145
v -0.6909035444259644 15 -14.183181762695312
v 0.4107125997543335 15 -10.191727638244629
v 1.240814208984375 15 -14.145684242248535
v 2.04026198387146 15 -9.993865013122559
v 3.1495609283447266 15 -13.846308708190918
v 3.6169698238372803 15 -9.537165641784668
v 5 15 -13.290597915649414
v 7 15 -12.354756355285645
v 7 15 -13
v 5.099999904632568 15 -8.83345890045166
v 8.612323760986328 15 -11.290166854858398
v 6.4509429931640625 15 -7.900970458984375
v 10.06520938873291 15 -10.01656436920166
v 7.634809494018555 15 -6.763851165771484
v 11.331758499145508 15 -8.557525634765625
v 8.620939254760742 15 -5.45155143737793
v 12.388524055480957 15 -6.940062999725342
v 9.383790016174316 15 -3.9980595111846924
v 13.2159423828125 15 -5.194119453430176
v 9.903606414794922 15 -2.4410197734832764
v 13.798694610595703 15 -3.352017879486084
v 14.125993728637695 15 -1.447860598564148
v 10.166924476623535 15 -0.8207589983940125
v 14.191780090332031 15 0.4831007421016693
v 10.166924476623535 15 0.8207589983940125
v 13.994834899902344 15 2.405118465423584
v 9.903606414794922 15 2.4410197734832764
v 13.53880500793457 15 4.2826104164123535
v 9.383790016174316 15 3.9980595111846924
v 12.832133293151855 15 6.080819129943848
v 8.620939254760742 15 5.45155143737793
v 11.887901306152344 15 7.766454219818115
v 7.634809494018555 15 6.763851165771484
v 10.723589897155762 15 9.308309555053711
v 9.360754013061523 15 10.677841186523438
v 6.4509429931640625 15 7.900970458984375
v 7.824622631072998 15 11.849695205688477
v 5.099999904632568 15 8.83345890045166
v 6.1436357498168945 15 12.802177429199219
v 3.6169698238372803 15 9.537165641784668
v 4.348912239074707 15 13.517653465270996
v 2.04026198387146 15 9.993865013122559
v 2.473677635192871 15 13.982879638671875
v 0.4107125997543335 15 10.191727638244629
v 0.5526482462882996 15 14.189241409301758
v -1.3786122798919678 15 14.132920265197754
v -1.2294741868972778 15 10.125630378723145
v -3.284350633621216 15 13.814956665039062
v -2.837818145751953 15 9.797285079956055
v -5.129286289215088 15 13.241239547729492
v -4.372663974761963 15 9.215194702148438
v -6.879263877868652 15 12.422388076782227
v -5.794260501861572 15 8.39443588256836
v -8.501886367797852 15 11.373562812805176
v -7.065788269042969 15 7.356265068054199
v 55 15 -55
v 53 15 -53
v 55 15 -27
v 53 15 -25
v 63 15 -25
v 45 15 -55
v 47 15 -53
v 45 15 -43
v 47 15 -43
v 65 15 -27
v 63 15 -7
v 65 15 -1
v 63 15 -5
v 65 15 1
v 63 15 35
v 65 15 35
v 53 15 -7
v 53 15 -5
v 26.999998092651367 15 73
v 26.999998092651367 15 71.48843383789062
v 24.999998092651367 15 55
v 26.999998092651367 15 55
v 24.999998092651367 15 53
v 26.999998092651367 15 53
v 26.999998092651367 15 35
v 55 15 55
v 55 15 53
v 45 15 35
v 43 15 33
v 24.999998092651367 15 33
v 43 15 15
v 45 15 13
v 35 15 13
v 35 15 -25
v 33 15 -23
v 33 15 13
v 23 15 15
v 25 15 13
v 23 15 5
v 25 15 5
v 27 15 -25
v 25 15 -25
v 15 15 -23
v 15 15 -25
v 27 15 -45
v 25 15 -45
v 7 15 53
v 5 15 53
v -15 15 55
v -15 15 53
v 5 15 35
v 7 15 33
v -15 15 33
v -15 15 35
v -73 15 73
v -73 15 1
v -55 15 -1
v -53 15 1
v -55 15 -9
v -53 15 -11
v -63 15 -11
v -65 15 -9
v -63 15 -63
v -65 15 -65
v -33 15 -65
v -33 15 -63
v 17 15 -55
v 15 15 -35
v 17 15 -53
v 17 15 -33
v 7 15 -33
v -3 15 -35
v 5 15 -33
v -5 15 -33
v -5 15 -55
v -3 15 -55
v 7 15 -15
v 23 15 -13
v 25 15 -15
v 25 15 -3
v 23 15 -3
v 35 15 -53
v 37 15 -55
v 37 15 -35
v 35 15 -33
v 43 15 -33
v 43 15 5
v 45 15 -15
v 45 15 -17
v 45 15 -35
v 45 15 3
v 53 15 5
v 55 15 3
v 55 15 43
v 53 15 43
v 63 15 45
v 35 15 45
v 35 15 43
v 63 15 63
v 65 15 65
v 65 15 43
v 34.999996185302734 15 63
v 34.999996185302734 15 65
v 55 15 -15
v 55 15 -17
v -23 15 23
v 15 15 25
v 35 15 23
v 17 15 25
v 35 15 25
v -23 15 -23
v -25 15 -25
v -25 15 33
v -23 15 25
v -23 15 43
v -25 15 35
v -23 15 45
v -25 15 65
v -23 15 63
v 17 15 65
v 17 15 63
v -3 15 -23
v -3 15 -25
v -43 15 33
v -53 15 35
v -45 15 33
v -55 15 33
v -43 15 19
v -45 15 19
v -55 15 55
v -53 15 55
v -3 15 45
v -3 15 43
v 15 15 45
v 17 15 45
v -33 15 25
v -33 15 -33
v -35 15 25
v -35 15 -35
v -15 15 -35
v -13 15 -33
v -13 15 -63
v -15 15 -65
v 5 15 -63
v 7 15 -65
v 7 15 -43
v 5 15 -43
v -25 15 -65
v -25 15 -45
v -23 15 -65
v -23 15 -43
v -43 15 -43
v -45 15 -45
v -45 15 -29
v -43 15 -29
v 65 15 -35
v 65 15 -65
v 63 15 -63
v 25 15 -65
v 25 15 -63
v 63 15 -35
v -10.067913055419922 15 1.6361950635910034
v -10.067913055419922 -1.0018804961797371e-16 1.6361950635910034
v -10.199999809265137 15 -3.306546104933259e-16
v -10.199999809265137 7.648774820602808e-32 -1.2491397102275324e-15
v -10.199999809265137 15 -3.306546104933259e-16
v -10.199999809265137 7.648774820602808e-32 -1.2491397102275324e-15
v -10.067913055419922 15 -1.6361950635910034
v -10.067913055419922 1.0018804961797371e-16 -1.6361950635910034
v -10.067913055419922 15 -1.6361950635910034
v -10.067913055419922 1.0018804961797371e-16 -1.6361950635910034
v -9.675071716308594 15 -3.230013608932495
v -9.675071716308594 15 -3.230013608932495
v -10.067913055419922 1.0018804961797371e-16 -1.6361950635910034
v -9.675071716308594 1.9778129321137267e-16 -3.230013608932495
v -9.675071716308594 15 -3.230013608932495
v -9.675071716308594 1.9778129321137267e-16 -3.230013608932495
v -9.031651496887207 15 -4.740176200866699
v -9.031651496887207 15 -4.740176200866699
v -9.675071716308594 1.9778129321137267e-16 -3.230013608932495
v -9.031651496887207 2.9025209182136145e-16 -4.740176200866699
v -9.031651496887207 15 -4.740176200866699
v -9.031651496887207 2.9025209182136145e-16 -4.740176200866699
v -8.154315948486328 15 -6.127571105957031
v -8.154315948486328 15 -6.127571105957031
v -9.031651496887207 2.9025209182136145e-16 -4.740176200866699
v -8.154315948486328 3.752055259640275e-16 -6.127571105957031
v -8.154315948486328 15 -6.127571105957031
v -8.154315948486328 3.752055259640275e-16 -6.127571105957031
v -7.065788269042969 15 -7.356265068054199
v -7.065788269042969 15 -7.356265068054199
v -8.154315948486328 3.752055259640275e-16 -6.127571105957031
v -7.065788269042969 4.504413216797594e-16 -7.356265068054199
v -7.065788269042969 15 -7.356265068054199
v -7.065788269042969 4.504413216797594e-16 -7.356265068054199
v -5.794260501861572 15 -8.39443588256836
v -5.794260501861572 5.140109326129579e-16 -8.39443588256836
v -5.794260501861572 15 -8.39443588256836
v -5.794260501861572 5.140109326129579e-16 -8.39443588256836
v -4.372663974761963 15 -9.215194702148438
v -4.372663974761963 5.642679384723973e-16 -9.215194702148438
v -4.372663974761963 15 -9.215194702148438
v -4.372663974761963 5.642679384723973e-16 -9.215194702148438
v -2.837818145751953 15 -9.797285079956055
v -2.837818145751953 15 -9.797285079956055
v -4.372663974761963 5.642679384723973e-16 -9.215194702148438
v -2.837818145751953 5.999107143159438e-16 -9.797285079956055
v -2.837818145751953 15 -9.797285079956055
v -2.837818145751953 5.999107143159438e-16 -9.797285079956055
v -1.2294741868972778 15 -10.125630378723145
v -1.2294741868972778 15 -10.125630378723145
v -2.837818145751953 5.999107143159438e-16 -9.797285079956055
v -1.2294741868972778 6.200160471706495e-16 -10.125630378723145
v -1.2294741868972778 15 -10.125630378723145
v -1.2294741868972778 6.200160471706495e-16 -10.125630378723145
v 0.4107125997543335 15 -10.191727638244629
v 0.4107125997543335 15 -10.191727638244629
v -1.2294741868972778 6.200160471706495e-16 -10.125630378723145
v 0.4107125997543335 6.240633294113081e-16 -10.191727638244629
v 0.4107125997543335 15 -10.191727638244629
v 0.4107125997543335 6.240633294113081e-16 -10.191727638244629
v 2.04026198387146 15 -9.993865013122559
v 2.04026198387146 6.11947740710697e-16 -9.993865013122559
v 2.04026198387146 15 -9.993865013122559
v 2.04026198387146 6.11947740710697e-16 -9.993865013122559
v 3.6169698238372803 15 -9.537165641784668
v 3.6169698238372803 15 -9.537165641784668
v 2.04026198387146 6.11947740710697e-16 -9.993865013122559
v 3.6169698238372803 5.839829479570963e-16 -9.537165641784668
v 3.6169698238372803 15 -9.537165641784668
v 3.6169698238372803 5.839829479570963e-16 -9.537165641784668
v 5.099999904632568 15 -8.83345890045166
v 5.099999904632568 15 -8.83345890045166
v 3.6169698238372803 5.839829479570963e-16 -9.537165641784668
v 5.099999904632568 5.408933760786452e-16 -8.83345890045166
v 5.099999904632568 15 -8.83345890045166
v 5.099999904632568 5.408933760786452e-16 -8.83345890045166
v 6.4509429931640625 15 -7.900970458984375
v 6.4509429931640625 15 -7.900970458984375
v 5.099999904632568 5.408933760786452e-16 -8.83345890045166
v 6.4509429931640625 4.837948851042328e-16 -7.900970458984375
v 6.4509429931640625 15 -7.900970458984375
v 6.4509429931640625 4.837948851042328e-16 -7.900970458984375
v 7.634809494018555 15 -6.763851165771484
v 7.634809494018555 15 -6.763851165771484
v 6.4509429931640625 4.837948851042328e-16 -7.900970458984375
v 7.634809494018555 4.1416642102954477e-16 -6.763851165771484
v 7.634809494018555 15 -6.763851165771484
v 7.634809494018555 4.1416642102954477e-16 -6.763851165771484
v 8.620939254760742 15 -5.45155143737793
v 8.620939254760742 15 -5.45155143737793
v 7.634809494018555 4.1416642102954477e-16 -6.763851165771484
v 8.620939254760742 3.338112640597263e-16 -5.45155143737793
v 8.620939254760742 15 -5.45155143737793
v 8.620939254760742 3.338112640597263e-16 -5.45155143737793
v 9.383790016174316 15 -3.9980595111846924
v 9.383790016174316 15 -3.9980595111846924
v 8.620939254760742 3.338112640597263e-16 -5.45155143737793
v 9.383790016174316 2.4481054767640155e-16 -3.9980595111846924
v 9.383790016174316 15 -3.9980595111846924
v 9.383790016174316 2.4481054767640155e-16 -3.9980595111846924
v 9.903606414794922 15 -2.4410197734832764
v 9.903606414794922 15 -2.4410197734832764
v 9.383790016174316 2.4481054767640155e-16 -3.9980595111846924
v 9.903606414794922 1.4946935293151496e-16 -2.4410197734832764
v 9.903606414794922 15 -2.4410197734832764
v 9.903606414794922 1.4946935293151496e-16 -2.4410197734832764
v 10.166924476623535 15 -0.8207589983940125
v 10.166924476623535 15 -0.8207589983940125
v 9.903606414794922 1.4946935293151496e-16 -2.4410197734832764
v 10.166924476623535 5.02569926245496e-17 -0.8207589983940125
v 10.166924476623535 15 -0.8207589983940125
v 10.166924476623535 5.02569926245496e-17 -0.8207589983940125
v 10.166924476623535 15 0.8207589983940125
v 10.166924476623535 -5.02569926245496e-17 0.8207589983940125
v 10.166924476623535 15 0.8207589983940125
v 10.166924476623535 -5.02569926245496e-17 0.8207589983940125
v 9.903606414794922 15 2.4410197734832764
v 9.903606414794922 15 2.4410197734832764
v 10.166924476623535 -5.02569926245496e-17 0.8207589983940125
v 9.903606414794922 -1.4946935293151496e-16 2.4410197734832764
v 9.903606414794922 15 2.4410197734832764
v 9.903606414794922 -1.4946935293151496e-16 2.4410197734832764
v 9.383790016174316 15 3.9980595111846924
v 9.383790016174316 15 3.9980595111846924
v 9.903606414794922 -1.4946935293151496e-16 2.4410197734832764
v 9.383790016174316 -2.4481054767640155e-16 3.9980595111846924
v 9.383790016174316 15 3.9980595111846924
v 9.383790016174316 -2.4481054767640155e-16 3.9980595111846924
v 8.620939254760742 15 5.45155143737793
v 8.620939254760742 15 5.45155143737793
v 9.383790016174316 -2.4481054767640155e-16 3.9980595111846924
v 8.620939254760742 -3.338112640597263e-16 5.45155143737793
v 8.620939254760742 15 5.45155143737793
v 8.620939254760742 -3.338112640597263e-16 5.45155143737793
v 7.634809494018555 15 6.763851165771484
v 7.634809494018555 15 6.763851165771484
v 8.620939254760742 -3.338112640597263e-16 5.45155143737793
v 7.634809494018555 -4.1416642102954477e-16 6.763851165771484
v 7.634809494018555 15 6.763851165771484
v 7.634809494018555 -4.1416642102954477e-16 6.763851165771484
v 6.4509429931640625 15 7.900970458984375
v 6.4509429931640625 15 7.900970458984375
v 7.634809494018555 -4.1416642102954477e-16 6.763851165771484
v 6.4509429931640625 -4.837948851042328e-16 7.900970458984375
v 6.4509429931640625 15 7.900970458984375
v 6.4509429931640625 -4.837948851042328e-16 7.900970458984375
v 5.099999904632568 15 8.83345890045166
v 5.099999904632568 15 8.83345890045166
v 6.4509429931640625 -4.837948851042328e-16 7.900970458984375
v 5.099999904632568 -5.408933760786452e-16 8.83345890045166
v 5.099999904632568 15 8.83345890045166
v 5.099999904632568 -5.408933760786452e-16 8.83345890045166
v 3.6169698238372803 15 9.537165641784668
v 3.6169698238372803 15 9.537165641784668
v 5.099999904632568 -5.408933760786452e-16 8.83345890045166
v 3.6169698238372803 -5.839829479570963e-16 9.537165641784668
v 3.6169698238372803 15 9.537165641784668
v 3.6169698238372803 -5.839829479570963e-16 9.537165641784668
v 2.04026198387146 15 9.993865013122559
v 2.04026198387146 15 9.993865013122559
v 3.6169698238372803 -5.839829479570963e-16 9.537165641784668
v 2.04026198387146 -6.11947740710697e-16 9.993865013122559
v 2.04026198387146 15 9.993865013122559
v 2.04026198387146 -6.11947740710697e-16 9.993865013122559
v 0.4107125997543335 15 10.191727638244629
v 0.4107125997543335 -6.240633294113081e-16 10.191727638244629
v 0.4107125997543335 15 10.191727638244629
v 0.4107125997543335 -6.240633294113081e-16 10.191727638244629
v -1.2294741868972778 15 10.125630378723145
v -1.2294741868972778 15 10.125630378723145
v 0.4107125997543335 -6.240633294113081e-16 10.191727638244629
v -1.2294741868972778 -6.200160471706495e-16 10.125630378723145
v -1.2294741868972778 15 10.125630378723145
v -1.2294741868972778 -6.200160471706495e-16 10.125630378723145
v -2.837818145751953 15 9.797285079956055
v -2.837818145751953 15 9.797285079956055
v -1.2294741868972778 -6.200160471706495e-16 10.125630378723145
v -2.837818145751953 -5.999107143159438e-16 9.797285079956055
v -2.837818145751953 15 9.797285079956055
v -2.837818145751953 -5.999107143159438e-16 9.797285079956055
v -4.372663974761963 15 9.215194702148438
v -4.372663974761963 15 9.215194702148438
v -2.837818145751953 -5.999107143159438e-16 9.797285079956055
v -4.372663974761963 -5.642679384723973e-16 9.215194702148438
v -4.372663974761963 15 9.215194702148438
v -4.372663974761963 -5.642679384723973e-16 9.215194702148438
v -5.794260501861572 15 8.39443588256836
v -5.794260501861572 -5.140109326129579e-16 8.39443588256836
v -5.794260501861572 15 8.39443588256836
v -5.794260501861572 -5.140109326129579e-16 8.39443588256836
v -7.065788269042969 15 7.356265068054199
v -7.065788269042969 -4.504413216797594e-16 7.356265068054199
v -7.065788269042969 15 7.356265068054199
v -7.065788269042969 -4.504413216797594e-16 7.356265068054199
v -8.154315948486328 15 6.127571105957031
v -8.154315948486328 15 6.127571105957031
v -7.065788269042969 -4.504413216797594e-16 7.356265068054199
v -8.154315948486328 -3.752055259640275e-16 6.127571105957031
v -8.154315948486328 15 6.127571105957031
v -8.154315948486328 -3.752055259640275e-16 6.127571105957031
v -9.031651496887207 15 4.740176200866699
v -9.031651496887207 15 4.740176200866699
v -8.154315948486328 -3.752055259640275e-16 6.127571105957031
v -9.031651496887207 -2.9025209182136145e-16 4.740176200866699
v -9.031651496887207 15 4.740176200866699
v -9.031651496887207 -2.9025209182136145e-16 4.740176200866699
v -9.675071716308594 15 3.230013608932495
v -9.675071716308594 15 3.230013608932495
v -9.031651496887207 -2.9025209182136145e-16 4.740176200866699
v -9.675071716308594 -1.9778129321137267e-16 3.230013608932495
v -9.675071716308594 15 3.230013608932495
v -9.675071716308594 -1.9778129321137267e-16 3.230013608932495
v -10.067913055419922 15 1.6361950635910034
v -10.067913055419922 15 1.6361950635910034
v -9.675071716308594 -1.9778129321137267e-16 3.230013608932495
v -10.067913055419922 -1.0018804961797371e-16 1.6361950635910034
v 75 -4.592425445731473e-15 75
v 75 4.592425445731473e-15 -75
v 75 15 75
v 75 15 -75
v -75 -4.592425445731473e-15 75
v 75 -4.592425445731473e-15 75
v -75 15 75
v 75 15 75
v -75 4.592425445731473e-15 -75
v -75 -4.592425445731473e-15 75
v -75 15 -75
v -75 15 75
v 75 4.592425445731473e-15 -75
v -75 4.592425445731473e-15 -75
v 75 15 -75
v -75 15 -75
v -63 15 11
v -65 15 65
v -63 15 63
v -43 15 65
v -45 15 63
v -43 15 43
v -45 15 43
v -65 15 9
v -55 15 11
v -45 15 9
v -53 15 11
v -43 15 11
v -55 15 25
v -53 15 25
v -45 15 -19
v -43 15 -21
v -53 15 -21
v -55 15 -19
v -53 15 -53
v -55 15 -55
v -33 15 -55
v -33 15 -53
v -10.067913055419922 -1.0018804961797371e-16 1.6361950635910034
v -75 -4.592425445731473e-15 75
v -10.199999809265137 7.648774820602808e-32 -1.2491397102275324e-15
v -75 4.592425445731473e-15 -75
v -10.067913055419922 1.0018804961797371e-16 -1.6361950635910034
v -9.675071716308594 1.9778129321137267e-16 -3.230013608932495
v -9.031651496887207 2.9025209182136145e-16 -4.740176200866699
v -8.154315948486328 3.752055259640275e-16 -6.127571105957031
v -7.065788269042969 4.504413216797594e-16 -7.356265068054199
v -5.794260501861572 5.140109326129579e-16 -8.39443588256836
v -4.372663974761963 5.642679384723973e-16 -9.215194702148438
v -2.837818145751953 5.999107143159438e-16 -9.797285079956055
v -1.2294741868972778 6.200160471706495e-16 -10.125630378723145
v 0.4107125997543335 6.240633294113081e-16 -10.191727638244629
v 75 4.592425445731473e-15 -75
v 2.04026198387146 6.11947740710697e-16 -9.993865013122559
v 3.6169698238372803 5.839829479570963e-16 -9.537165641784668
v 5.099999904632568 5.408933760786452e-16 -8.83345890045166
v 6.4509429931640625 4.837948851042328e-16 -7.900970458984375
v 7.634809494018555 4.1416642102954477e-16 -6.763851165771484
v 8.620939254760742 3.338112640597263e-16 -5.45155143737793
v 9.383790016174316 2.4481054767640155e-16 -3.9980595111846924
v 9.903606414794922 1.4946935293151496e-16 -2.4410197734832764
v 10.166924476623535 5.02569926245496e-17 -0.8207589983940125
v 75 -4.592425445731473e-15 75
v 10.166924476623535 -5.02569926245496e-17 0.8207589983940125
v 9.903606414794922 -1.4946935293151496e-16 2.4410197734832764
v 9.383790016174316 -2.4481054767640155e-16 3.9980595111846924
v 8.620939254760742 -3.338112640597263e-16 5.45155143737793
v 7.634809494018555 -4.1416642102954477e-16 6.763851165771484
v 6.4509429931640625 -4.837948851042328e-16 7.900970458984375
v 5.099999904632568 -5.408933760786452e-16 8.83345890045166
v 3.6169698238372803 -5.839829479570963e-16 9.537165641784668
v 2.04026198387146 -6.11947740710697e-16 9.993865013122559
v 0.4107125997543335 -6.240633294113081e-16 10.191727638244629
v -1.2294741868972778 -6.200160471706495e-16 10.125630378723145
v -2.837818145751953 -5.999107143159438e-16 9.797285079956055
v -4.372663974761963 -5.642679384723973e-16 9.215194702148438
v -5.794260501861572 -5.140109326129579e-16 8.39443588256836
v -7.065788269042969 -4.504413216797594e-16 7.356265068054199
v -8.154315948486328 -3.752055259640275e-16 6.127571105957031
v -9.031651496887207 -2.9025209182136145e-16 4.740176200866699
v -9.675071716308594 -1.9778129321137267e-16 3.230013608932495
v -66.10222625732422 4 69.77645874023438
v -65.84355926513672 4.034074306488037 69.81043243408203
v -66 4 69
vn -0.13050845054376425 0.016487050534945365 0.9913101036009487
vn -0.13050845054376425 0.016487050534945365 0.9913101036009487
vn -0.13050845054376425 0.016487050534945365 0.9913101036009487
vn -0.13050845054376425 -0.016487050534945365 0.9913101036009487
vn -0.13050845054376425 -0.016487050534945365 0.9913101036009487
vn -0.13050845054376425 -0.016487050534945365 0.9913101036009487
vn -0.3822370183167696 -0.04828776433843184 0.9228017954271122
vn -0.3822370183167696 -0.04828776433843184 0.9228017954271122
vn -0.3822370183167696 -0.04828776433843184 0.9228017954271122
vn -0.3822370183167696 -0.04828776433843184 0.9228017954271122
vn -0.6069691688494334 -0.07667803652244921 0.791017639993755
vn -0.6069691688494334 -0.07667803652244921 0.791017639993755
vn -0.6069691688494334 -0.07667803652244921 0.791017639993755
vn -0.6069691688494334 -0.07667803652244921 0.791017639993755
vn -0.7893985520185044 -0.0997242332807607 0.6057268389031917
vn -0.7893985520185044 -0.0997242332807607 0.6057268389031917
vn -0.7893985520185044 -0.0997242332807607 0.6057268389031917
vn -0.7893985520185044 -0.0997242332807607 0.6057268389031917
vn -0.9176505749223259 -0.11592622777087673 0.38010331761185606
vn -0.9176505749223259 -0.11592622777087673 0.38010331761185606
vn -0.9176505749223259 -0.11592622777087673 0.38010331761185606
vn -0.9176505749223259 -0.11592622777087673 0.38010331761185606
vn -0.9646511847335085 -0.12186378459650296 0.233660672335024
vn -0.9646511847335085 -0.12186378459650296 0.233660672335024
vn -0.9646511847335085 -0.12186378459650296 0.233660672335024
vn -0.9581504694979921 -0.2852537700709731 0.024040891436752504
vn -0.9581504694979921 -0.2852537700709731 0.024040891436752504
vn -0.9581504694979921 -0.2852537700709731 0.024040891436752504
vn -0.12410038866550072 0.04913482132094072 0.9910524016755273
vn -0.12410038866550072 0.04913482132094072 0.9910524016755273
vn -0.12410038866550072 0.04913482132094072 0.9910524016755273
vn -0.11790972313010148 0.04883980424069517 0.9918225500124068
vn -0.11790972313010148 0.04883980424069517 0.9918225500124068
vn -0.11790972313010148 0.04883980424069517 0.9918225500124068
vn -0.10944676860079634 0.07951772751550046 0.9908069114886183
vn -0.10944676860079634 0.07951772751550046 0.9908069114886183
vn -0.10944676860079634 0.07951772751550046 0.9908069114886183
vn -0.09992704486109377 0.0766767184733813 0.9920359199895349
vn -0.09992704486109377 0.0766767184733813 0.9920359199895349
vn -0.09992704486109377 0.0766767184733813 0.9920359199895349
vn -0.08730450808515539 0.1055330236311929 0.9905759454939672
vn -0.08730450808515539 0.1055330236311929 0.9905759454939672
vn -0.08730450808515539 0.1055330236311929 0.9905759454939672
vn -0.07578413068868746 0.09876379959896371 0.9922209821529353
vn -0.07578413068868746 0.09876379959896371 0.9922209821529353
vn -0.07578413068868746 0.09876379959896371 0.9922209821529353
vn -0.05897236550669103 0.1253226534673168 0.9903617988565877
vn -0.05897236550669103 0.1253226534673168 0.9903617988565877
vn -0.05897236550669103 0.1253226534673168 0.9903617988565877
vn -0.04715175492589304 0.11383440941947912 0.99238018885885
vn -0.04715175492589304 0.11383440941947912 0.99238018885885
vn -0.04715175492589304 0.11383440941947912 0.99238018885885
vn -0.026213239192570348 0.13741461573126226 0.9901666978213631
vn -0.026213239192570348 0.13741461573126226 0.9901666978213631
vn -0.026213239192570348 0.13741461573126226 0.9901666978213631
vn -0.015939615773275212 0.12107341072322637 0.9925155705906308
vn -0.015939615773275212 0.12107341072322637 0.9925155705906308
vn -0.015939615773275212 0.12107341072322637 0.9925155705906308
vn 0.008860883479151845 0.14083971363170827 0.9899927574523499
vn 0.008860883479151845 0.14083971363170827 0.9899927574523499
vn 0.008860883479151845 0.14083971363170827 0.9899927574523499
vn 0.01581903525461131 0.12015750095188127 0.9926287992440135
vn 0.01581903525461131 0.12015750095188127 0.9926287992440135
vn 0.01581903525461131 0.12015750095188127 0.9926287992440135
vn 0.04393364088343503 0.1352138510606198 0.9898419316638803
vn 0.04393364088343503 0.1352138510606198 0.9898419316638803
vn 0.04393364088343503 0.1352138510606198 0.9898419316638803
vn 0.046088436106029786 0.11126732407148628 0.9927212290725282
vn 0.046088436106029786 0.11126732407148628 0.9927212290725282
vn 0.046088436106029786 0.11126732407148628 0.9927212290725282
vn 0.07664814408997399 0.12077814798216732 0.9897159698507245
vn 0.07664814408997399 0.12077814798216732 0.9897159698507245
vn 0.07664814408997399 0.12077814798216732 0.9897159698507245
vn 0.07295031289057963 0.09507069982437602 0.9927939433155655
vn 0.07295031289057963 0.09507069982437602 0.9927939433155655
vn 0.07295031289057963 0.09507069982437602 0.9927939433155655
vn 0.10477754170661745 0.09839266254061069 0.9896163654225246
vn 0.10477754170661745 0.09839266254061069 0.9896163654225246
vn 0.10477754170661745 0.09839266254061069 0.9896163654225246
vn 0.09471618914905947 0.0726782886633322 0.992847777793781
vn 0.09471618914905947 0.0726782886633322 0.992847777793781
vn 0.09471618914905947 0.0726782886633322 0.992847777793781
vn 0.12638889199091163 0.0694828850039799 0.9895443277957959
vn 0.12638889199091163 0.0694828850039799 0.9895443277957959
vn 0.12638889199091163 0.0694828850039799 0.9895443277957959
vn 0.11002580193287517 0.04557417754048266 0.9928833351660892
vn 0.11002580193287517 0.04557417754048266 0.9928833351660892
vn 0.11002580193287517 0.04557417754048266 0.9928833351660892
vn 0.13998716828300004 0.03594259855774102 0.9895007439739619
vn 0.13998716828300004 0.03594259855774102 0.9895007439739619
vn 0.13998716828300004 0.03594259855774102 0.9895007439739619
vn 0.11792598537830681 0.01552524959721685 0.9929010165154931
vn 0.11792598537830681 0.01552524959721685 0.9929010165154931
vn 0.11792598537830681 0.01552524959721685 0.9929010165154931
vn 0.1446276301155272 0 0.9894861538228649
vn 0.1446276301155272 0 0.9894861538228649
vn 0.1446276301155272 0 0.9894861538228649
vn 0.11792598537830681 -0.01552524959721685 0.9929010165154931
vn 0.11792598537830681 -0.01552524959721685 0.9929010165154931
vn 0.11792598537830681 -0.01552524959721685 0.9929010165154931
vn 0.13998716828300004 -0.03594259855774102 0.9895007439739619
vn 0.13998716828300004 -0.03594259855774102 0.9895007439739619
vn 0.13998716828300004 -0.03594259855774102 0.9895007439739619
vn 0.11002580193287517 -0.04557417754048266 0.9928833351660892
vn 0.11002580193287517 -0.04557417754048266 0.9928833351660892
vn 0.11002580193287517 -0.04557417754048266 0.9928833351660892
vn 0.12638889199091163 -0.0694828850039799 0.9895443277957959
vn 0.12638889199091163 -0.0694828850039799 0.9895443277957959
vn 0.12638889199091163 -0.0694828850039799 0.9895443277957959
vn 0.09471618914905947 -0.0726782886633322 0.992847777793781
vn 0.09471618914905947 -0.0726782886633322 0.992847777793781
vn 0.09471618914905947 -0.0726782886633322 0.992847777793781
vn 0.10477754170661745 -0.09839266254061069 0.9896163654225246
vn 0.10477754170661745 -0.09839266254061069 0.9896163654225246
vn 0.10477754170661745 -0.09839266254061069 0.9896163654225246
vn 0.07295031289057963 -0.09507069982437602 0.9927939433155655
vn 0.07295031289057963 -0.09507069982437602 0.9927939433155655
vn 0.07295031289057963 -0.09507069982437602 0.9927939433155655
vn 0.07664814408997399 -0.12077814798216732 0.9897159698507245
vn 0.07664814408997399 -0.12077814798216732 0.9897159698507245
vn 0.07664814408997399 -0.12077814798216732 0.9897159698507245
vn 0.046088436106029786 -0.11126732407148628 0.9927212290725282
vn 0.046088436106029786 -0.11126732407148628 0.9927212290725282
vn 0.046088436106029786 -0.11126732407148628 0.9927212290725282
vn 0.04393364088343503 -0.1352138510606198 0.9898419316638803
vn 0.04393364088343503 -0.1352138510606198 0.9898419316638803
vn 0.04393364088343503 -0.1352138510606198 0.9898419316638803
vn 0.01581903525461131 -0.12015750095188127 0.9926287992440135
vn 0.01581903525461131 -0.12015750095188127 0.9926287992440135
vn 0.01581903525461131 -0.12015750095188127 0.9926287992440135
vn 0.008860883479151845 -0.14083971363170827 0.9899927574523499
vn 0.008860883479151845 -0.14083971363170827 0.9899927574523499
vn 0.008860883479151845 -0.14083971363170827 0.9899927574523499
vn -0.015939615773275212 -0.12107341072322637 0.9925155705906308
vn -0.015939615773275212 -0.12107341072322637 0.9925155705906308
vn -0.015939615773275212 -0.12107341072322637 0.9925155705906308
vn -0.026213239192570348 -0.13741461573126226 0.9901666978213631
vn -0.026213239192570348 -0.13741461573126226 0.9901666978213631
vn -0.026213239192570348 -0.13741461573126226 0.9901666978213631
vn -0.04715175492589304 -0.11383440941947912 0.99238018885885
vn -0.04715175492589304 -0.11383440941947912 0.99238018885885
vn -0.04715175492589304 -0.11383440941947912 0.99238018885885
vn -0.05897236550669103 -0.1253226534673168 0.9903617988565877
vn -0.05897236550669103 -0.1253226534673168 0.9903617988565877
vn -0.05897236550669103 -0.1253226534673168 0.9903617988565877
vn -0.07578413068868746 -0.09876379959896371 0.9922209821529353
vn -0.07578413068868746 -0.09876379959896371 0.9922209821529353
vn -0.07578413068868746 -0.09876379959896371 0.9922209821529353
vn -0.08730450808515539 -0.1055330236311929 0.9905759454939672
vn -0.08730450808515539 -0.1055330236311929 0.9905759454939672
vn -0.08730450808515539 -0.1055330236311929 0.9905759454939672
vn -0.09992704486109377 -0.0766767184733813 0.9920359199895349
vn -0.09992704486109377 -0.0766767184733813 0.9920359199895349
vn -0.09992704486109377 -0.0766767184733813 0.9920359199895349
vn -0.10944676860079634 -0.07951772751550046 0.9908069114886183
vn -0.10944676860079634 -0.07951772751550046 0.9908069114886183
vn -0.10944676860079634 -0.07951772751550046 0.9908069114886183
vn -0.11790972313010148 -0.04883980424069517 0.9918225500124068
vn -0.11790972313010148 -0.04883980424069517 0.9918225500124068
vn -0.11790972313010148 -0.04883980424069517 0.9918225500124068
vn -0.12410038866550072 -0.04913482132094072 0.9910524016755273
vn -0.12410038866550072 -0.04913482132094072 0.9910524016755273
vn -0.12410038866550072 -0.04913482132094072 0.9910524016755273
vn -0.12840345553716692 -0.01690463542309486 0.9915779272993762
vn -0.12840345553716692 -0.01690463542309486 0.9915779272993762
vn -0.12840345553716692 -0.01690463542309486 0.9915779272993762
vn -0.1235855630664586 0.9914616042228097 0.04159923020296004
vn -0.1235855630664586 0.9914616042228097 0.04159923020296004
vn -0.1235855630664586 0.9914616042228097 0.04159923020296004
vn 0.06129838867812104 0.9743099759474111 0.2167085100193829
vn 0.06129838867812104 0.9743099759474111 0.2167085100193829
vn 0.06129838867812104 0.9743099759474111 0.2167085100193829
vn 0.11161625206429548 0.9906216701079407 0.07880684607110017
vn 0.11161625206429548 0.9906216701079407 0.07880684607110017
vn 0.11161625206429548 0.9906216701079407 0.07880684607110017
vn 0.303571170400412 0.9342959701473043 0.1869106328388835
vn 0.303571170400412 0.9342959701473043 0.1869106328388835
vn 0.303571170400412 0.9342959701473043 0.1869106328388835
vn 0.32807768042846364 0.9375921077990222 0.11526523759427854
vn 0.32807768042846364 0.9375921077990222 0.11526523759427854
vn 0.32807768042846364 0.9375921077990222 0.11526523759427854
vn 0.5263875543269567 0.8377409887559606 0.14527965586368433
vn 0.5263875543269567 0.8377409887559606 0.14527965586368433
vn 0.5263875543269567 0.8377409887559606 0.14527965586368433
vn 0.528854554265267 0.8333413684974302 0.1607949749952271
vn 0.528854554265267 0.8333413684974302 0.1607949749952271
vn 0.528854554265267 0.8333413684974302 0.1607949749952271
vn 0.7034226600292943 0.7034226600292943 0.10194666602995775
vn 0.7034226600292943 0.7034226600292943 0.10194666602995775
vn 0.7034226600292943 0.7034226600292943 0.10194666602995775
vn 0.7145255254464224 0.6709841533410182 0.19807458052650453
vn 0.7145255254464224 0.6709841533410182 0.19807458052650453
vn 0.7145255254464224 0.6709841533410182 0.19807458052650453
vn 0.8447050062832194 0.5307633410598556 0.06901976635026928
vn 0.8447050062832194 0.5307633410598556 0.06901976635026928
vn 0.8447050062832194 0.5307633410598556 0.06901976635026928
vn 0.8539956762500429 0.46948808180993434 0.2242149102639256
vn 0.8539956762500429 0.46948808180993434 0.2242149102639256
vn 0.8539956762500429 0.46948808180993434 0.2242149102639256
vn 0.9428436760252317 0.32991528525457864 0.046922352185479146
vn 0.9428436760252317 0.32991528525457864 0.046922352185479146
vn 0.9428436760252317 0.32991528525457864 0.046922352185479146
vn 0.9403505532048054 0.24144098693445212 0.23968121936341602
vn 0.9403505532048054 0.24144098693445212 0.23968121936341602
vn 0.9403505532048054 0.24144098693445212 0.23968121936341602
vn 0.9930737297136017 0.11189253942105334 0.035841693244382605
vn 0.9930737297136017 0.11189253942105334 0.035841693244382605
vn 0.9930737297136017 0.11189253942105334 0.035841693244382605
vn 0.969574040215507 0 0.24479824456106355
vn 0.969574040215507 0 0.24479824456106355
vn 0.969574040215507 0 0.24479824456106355
vn 0.9922368746628264 -0.12368220365307128 0.012988343191755514
vn 0.9922368746628264 -0.12368220365307128 0.012988343191755514
vn 0.9922368746628264 -0.12368220365307128 0.012988343191755514
vn 0.9391319229868058 -0.24112808894825255 0.2447212208764657
vn 0.9391319229868058 -0.24112808894825255 0.2447212208764657
vn 0.9391319229868058 -0.24112808894825255 0.2447212208764657
vn 0.9315104627316871 -0.36347652038674866 0.01315587127254191
vn 0.9315104627316871 -0.36347652038674866 0.01315587127254191
vn 0.9315104627316871 -0.36347652038674866 0.01315587127254191
vn 0.8497123278243609 -0.4671333219951655 0.24449012132408782
vn 0.8497123278243609 -0.4671333219951655 0.24449012132408782
vn 0.8497123278243609 -0.4671333219951655 0.24449012132408782
vn 0.8137746504733154 -0.581023935176608 0.013490922834333955
vn 0.8137746504733154 -0.581023935176608 0.013490922834333955
vn 0.8137746504733154 -0.581023935176608 0.013490922834333955
vn 0.7069165081104887 -0.6638387413948579 0.2441048462938917
vn 0.7069165081104887 -0.6638387413948579 0.2441048462938917
vn 0.7069165081104887 -0.6638387413948579 0.2441048462938917
vn 0.6462359398542289 -0.7630093658473478 0.01399348669738094
vn 0.6462359398542289 -0.7630093658473478 0.01399348669738094
vn 0.6462359398542289 -0.7630093658473478 0.01399348669738094
vn 0.519690094176122 -0.8189005817044416 0.24356527523302823
vn 0.519690094176122 -0.8189005817044416 0.24356527523302823
vn 0.519690094176122 -0.8189005817044416 0.24356527523302823
vn 0.43914937816734484 -0.8982943860509727 0.014663548156587334
vn 0.43914937816734484 -0.8982943860509727 0.014663548156587334
vn 0.43914937816734484 -0.8982943860509727 0.014663548156587334
vn 0.2997645773834904 -0.9225804922997636 0.24287122796663901
vn 0.2997645773834904 -0.9225804922997636 0.24287122796663901
vn 0.2997645773834904 -0.9225804922997636 0.24287122796663901
vn 0.2051906888964358 -0.9785992528193983 0.015501082914478728
vn 0.2051906888964358 -0.9785992528193983 0.015501082914478728
vn 0.2051906888964358 -0.9785992528193983 0.015501082914478728
vn 0.06092380150274791 -0.968356039211697 0.24202246121525164
vn 0.06092380150274791 -0.968356039211697 0.24202246121525164
vn 0.06092380150274791 -0.968356039211697 0.24202246121525164
vn -0.04131934302210827 -0.9990096405237103 0.01650606049026875
vn -0.04131934302210827 -0.9990096405237103 0.01650606049026875
vn -0.04131934302210827 -0.9990096405237103 0.01650606049026875
vn -0.181857402311665 -0.9533298957038496 0.24101866148026868
vn -0.181857402311665 -0.9533298957038496 0.24101866148026868
vn -0.181857402311665 -0.9533298957038496 0.24101866148026868
vn -0.2852916415067353 -0.9582777008406033 0.017678443314942213
vn -0.2852916415067353 -0.9582777008406033 0.017678443314942213
vn -0.2852916415067353 -0.9582777008406033 0.017678443314942213
vn -0.41334978567204955 -0.8784129794111232 0.2398595261542568
vn -0.41334978567204955 -0.8784129794111232 0.2398595261542568
vn -0.41334978567204955 -0.8784129794111232 0.2398595261542568
vn -0.5117924794757867 -0.8588985776076669 0.019018184339026616
vn -0.5117924794757867 -0.8588985776076669 0.019018184339026616
vn -0.5117924794757867 -0.8588985776076669 0.019018184339026616
vn -0.6190225337787362 -0.7482697193360729 0.23854460756610743
vn -0.6190225337787362 -0.7482697193360729 0.23854460756610743
vn -0.6190225337787362 -0.7482697193360729 0.23854460756610743
vn -0.7069578188383332 -0.7069578188383332 0.020525222695328454
vn -0.7069578188383332 -0.7069578188383332 0.020525222695328454
vn -0.7069578188383332 -0.7069578188383332 0.020525222695328454
vn -0.7859532877111434 -0.5710285337953509 0.23707349731164934
vn -0.7859532877111434 -0.5710285337953509 0.23707349731164934
vn -0.7859532877111434 -0.5710285337953509 0.23707349731164934
vn -0.8588422409388381 -0.5117589159355158 0.022199485121518373
vn -0.8588422409388381 -0.5117589159355158 0.022199485121518373
vn -0.8588422409388381 -0.5117589159355158 0.022199485121518373
vn -0.9036381411188569 -0.3577756649624199 0.2354457123753911
vn -0.9036381411188569 -0.3577756649624199 0.2354457123753911
vn -0.9036381411188569 -0.3577756649624199 0.2354457123753911
vn -0.1828067865639458 0.9583067720408788 0.21961286266235683
vn -0.1828067865639458 0.9583067720408788 0.21961286266235683
vn -0.1828067865639458 0.9583067720408788 0.21961286266235683
vn -0.3632371675044866 0.9308971042041598 0.03859198786830032
vn -0.3632371675044866 0.9308971042041598 0.03859198786830032
vn -0.3632371675044866 0.9308971042041598 0.03859198786830032
vn -0.4151202457963174 0.8821753897137204 0.2223550388757819
vn -0.4151202457963174 0.8821753897137204 0.2223550388757819
vn -0.4151202457963174 0.8821753897137204 0.2223550388757819
vn -0.5807053541778827 0.8133284582645874 0.03575067280609998
vn -0.5807053541778827 0.8133284582645874 0.03575067280609998
vn -0.5807053541778827 0.8133284582645874 0.03575067280609998
vn -0.6210890844865913 0.7507677476642473 0.22493585351997825
vn -0.6210890844865913 0.7507677476642473 0.22493585351997825
vn -0.6210890844865913 0.7507677476642473 0.22493585351997825
vn -0.7626665438676132 0.6459456259031445 0.033075538417759724
vn -0.7626665438676132 0.6459456259031445 0.033075538417759724
vn -0.7626665438676132 0.6459456259031445 0.033075538417759724
vn -0.7878302071035961 0.5723921464290469 0.2273560984039214
vn -0.7878302071035961 0.5723921464290469 0.2273560984039214
vn -0.7878302071035961 0.5723921464290469 0.2273560984039214
vn -0.8979711903611597 0.43899135681599505 0.03056681079559366
vn -0.8979711903611597 0.43899135681599505 0.03056681079559366
vn -0.8979711903611597 0.43899135681599505 0.03056681079559366
vn -0.9049339472813493 0.35828871241152865 0.2296165273151852
vn -0.9049339472813493 0.35828871241152865 0.2296165273151852
vn -0.9049339472813493 0.35828871241152865 0.2296165273151852
vn -0.9783269277479566 0.20513358943960008 0.02822468647957127
vn -0.9783269277479566 0.20513358943960008 0.02822468647957127
vn -0.9783269277479566 0.20513358943960008 0.02822468647957127
vn -0.9651123604302422 0.12192204244632243 0.23171781828440263
vn -0.9651123604302422 0.12192204244632243 0.23171781828440263
vn -0.9651123604302422 0.12192204244632243 0.23171781828440263
vn -0.9988067068858566 -0.041310950777617775 0.02604933061865106
vn -0.9988067068858566 -0.041310950777617775 0.02604933061865106
vn -0.9988067068858566 -0.041310950777617775 0.02604933061865106
vn -0.3822370183167696 0.04828776433843184 0.9228017954271122
vn -0.3822370183167696 0.04828776433843184 0.9228017954271122
vn -0.3822370183167696 0.04828776433843184 0.9228017954271122
vn -0.3822370183167696 0.04828776433843184 0.9228017954271122
vn -0.35821965544402085 0.14182919346035353 0.9228017979696141
vn -0.35821965544402085 0.14182919346035353 0.9228017979696141
vn -0.35821965544402085 0.14182919346035353 0.9228017979696141
vn -0.35821965544402085 0.14182919346035353 0.9228017979696141
vn -0.31169405528973476 0.22645898126560318 0.9228017911237414
vn -0.31169405528973476 0.22645898126560318 0.9228017911237414
vn -0.31169405528973476 0.22645898126560318 0.9228017911237414
vn -0.31169405528973476 0.22645898126560318 0.9228017911237414
vn -0.24558355006614838 0.29685950390960225 0.9228017960946179
vn -0.24558355006614838 0.29685950390960225 0.9228017960946179
vn -0.24558355006614838 0.29685950390960225 0.9228017960946179
vn -0.24558355006614838 0.29685950390960225 0.9228017960946179
vn -0.1640421301991073 0.34860727209344905 0.9228017931079802
vn -0.1640421301991073 0.34860727209344905 0.9228017931079802
vn -0.1640421301991073 0.34860727209344905 0.9228017931079802
vn -0.1640421301991073 0.34860727209344905 0.9228017931079802
vn -0.07219333954313674 0.37845075170349424 0.9228017935941986
vn -0.07219333954313674 0.37845075170349424 0.9228017935941986
vn -0.07219333954313674 0.37845075170349424 0.9228017935941986
vn -0.07219333954313674 0.37845075170349424 0.9228017935941986
vn 0.024191619851427773 0.3845147792193785 0.9228017935021782
vn 0.024191619851427773 0.3845147792193785 0.9228017935021782
vn 0.024191619851427773 0.3845147792193785 0.9228017935021782
vn 0.024191619851427773 0.3845147792193785 0.9228017935021782
vn 0.11905653030893816 0.36641833189884565 0.9228017927156754
vn 0.11905653030893816 0.36641833189884565 0.9228017927156754
vn 0.11905653030893816 0.36641833189884565 0.9228017927156754
vn 0.11905653030893816 0.36641833189884565 0.9228017927156754
vn 0.20644068792422055 0.3252984595111725 0.922801795950264
vn 0.20644068792422055 0.3252984595111725 0.922801795950264
vn 0.20644068792422055 0.3252984595111725 0.922801795950264
vn 0.20644068792422055 0.3252984595111725 0.922801795950264
vn 0.28085342051475964 0.26373890044067866 0.9228017926832941
vn 0.28085342051475964 0.26373890044067866 0.9228017926832941
vn 0.28085342051475964 0.26373890044067866 0.9228017926832941
vn 0.28085342051475964 0.26373890044067866 0.9228017926832941
vn 0.3376190688330578 0.1856076582629331 0.9228017997134863
vn 0.3376190688330578 0.1856076582629331 0.9228017997134863
vn 0.3376190688330578 0.1856076582629331 0.9228017997134863
vn 0.3376190688330578 0.1856076582629331 0.9228017997134863
vn 0.3731709119498865 0.09581400445933638 0.9228017918404562
vn 0.3731709119498865 0.09581400445933638 0.9228017918404562
vn 0.3731709119498865 0.09581400445933638 0.9228017918404562
vn 0.3731709119498865 0.09581400445933638 0.9228017918404562
vn 0.3852750357296221 0 0.9228017917427005
vn 0.3852750357296221 0 0.9228017917427005
vn 0.3852750357296221 0 0.9228017917427005
vn 0.3852750357296221 0 0.9228017917427005
vn 0.3731709119498865 -0.09581400445933638 0.9228017918404562
vn 0.3731709119498865 -0.09581400445933638 0.9228017918404562
vn 0.3731709119498865 -0.09581400445933638 0.9228017918404562
vn 0.3731709119498865 -0.09581400445933638 0.9228017918404562
vn 0.3376190688330578 -0.1856076582629331 0.9228017997134863
vn 0.3376190688330578 -0.1856076582629331 0.9228017997134863
vn 0.3376190688330578 -0.1856076582629331 0.9228017997134863
vn 0.3376190688330578 -0.1856076582629331 0.9228017997134863
vn 0.28085342051475964 -0.26373890044067866 0.9228017926832941
vn 0.28085342051475964 -0.26373890044067866 0.9228017926832941
vn 0.28085342051475964 -0.26373890044067866 0.9228017926832941
vn 0.28085342051475964 -0.26373890044067866 0.9228017926832941
vn 0.20644068792422055 -0.3252984595111725 0.922801795950264
vn 0.20644068792422055 -0.3252984595111725 0.922801795950264
vn 0.20644068792422055 -0.3252984595111725 0.922801795950264
vn 0.20644068792422055 -0.3252984595111725 0.922801795950264
vn 0.11905653030893816 -0.36641833189884565 0.9228017927156754
vn 0.11905653030893816 -0.36641833189884565 0.9228017927156754
vn 0.11905653030893816 -0.36641833189884565 0.9228017927156754
vn 0.11905653030893816 -0.36641833189884565 0.9228017927156754
vn 0.024191619851427773 -0.3845147792193785 0.9228017935021782
vn 0.024191619851427773 -0.3845147792193785 0.9228017935021782
vn 0.024191619851427773 -0.3845147792193785 0.9228017935021782
vn 0.024191619851427773 -0.3845147792193785 0.9228017935021782
vn -0.07219333954313674 -0.37845075170349424 0.9228017935941986
vn -0.07219333954313674 -0.37845075170349424 0.9228017935941986
vn -0.07219333954313674 -0.37845075170349424 0.9228017935941986
vn -0.07219333954313674 -0.37845075170349424 0.9228017935941986
vn -0.1640421301991073 -0.34860727209344905 0.9228017931079802
vn -0.1640421301991073 -0.34860727209344905 0.9228017931079802
vn -0.1640421301991073 -0.34860727209344905 0.9228017931079802
vn -0.1640421301991073 -0.34860727209344905 0.9228017931079802
vn -0.24558355006614838 -0.29685950390960225 0.9228017960946179
vn -0.24558355006614838 -0.29685950390960225 0.9228017960946179
vn -0.24558355006614838 -0.29685950390960225 0.9228017960946179
vn -0.24558355006614838 -0.29685950390960225 0.9228017960946179
vn -0.31169405528973476 -0.22645898126560318 0.9228017911237414
vn -0.31169405528973476 -0.22645898126560318 0.9228017911237414
vn -0.31169405528973476 -0.22645898126560318 0.9228017911237414
vn -0.31169405528973476 -0.22645898126560318 0.9228017911237414
vn -0.35821965544402085 -0.14182919346035353 0.9228017979696141
vn -0.35821965544402085 -0.14182919346035353 0.9228017979696141
vn -0.35821965544402085 -0.14182919346035353 0.9228017979696141
vn -0.35821965544402085 -0.14182919346035353 0.9228017979696141
vn -0.6069691688494334 0.07667803652244921 0.791017639993755
vn -0.6069691688494334 0.07667803652244921 0.791017639993755
vn -0.6069691688494334 0.07667803652244921 0.791017639993755
vn -0.6069691688494334 0.07667803652244921 0.791017639993755
vn -0.568831073642928 0.22521614532844822 0.7910176341533917
vn -0.568831073642928 0.22521614532844822 0.7910176341533917
vn -0.568831073642928 0.22521614532844822 0.7910176341533917
vn -0.568831073642928 0.22521614532844822 0.7910176341533917
vn -0.49495121139145176 0.35960310190779693 0.7910176404103925
vn -0.49495121139145176 0.35960310190779693 0.7910176404103925
vn -0.49495121139145176 0.35960310190779693 0.7910176404103925
vn -0.49495121139145176 0.35960310190779693 0.7910176404103925
vn -0.3899717587447502 0.4713948616874447 0.7910176431383823
vn -0.3899717587447502 0.4713948616874447 0.7910176431383823
vn -0.3899717587447502 0.4713948616874447 0.7910176431383823
vn -0.3899717587447502 0.4713948616874447 0.7910176431383823
vn -0.2604889248543099 0.5535671657626962 0.791017643935773
vn -0.2604889248543099 0.5535671657626962 0.791017643935773
vn -0.2604889248543099 0.5535671657626962 0.791017643935773
vn -0.2604889248543099 0.5535671657626962 0.791017643935773
vn -0.11463864057229188 0.60095679285908 0.7910176453178943
vn -0.11463864057229188 0.60095679285908 0.7910176453178943
vn -0.11463864057229188 0.60095679285908 0.7910176453178943
vn -0.11463864057229188 0.60095679285908 0.7910176453178943
vn 0.038414820695648964 0.6105861014833469 0.791017644699718
vn 0.038414820695648964 0.6105861014833469 0.791017644699718
vn 0.038414820695648964 0.6105861014833469 0.791017644699718
vn 0.038414820695648964 0.6105861014833469 0.791017644699718
vn 0.18905454587164833 0.5818500430508134 0.7910176395549163
vn 0.18905454587164833 0.5818500430508134 0.7910176395549163
vn 0.18905454587164833 0.5818500430508134 0.7910176395549163
vn 0.18905454587164833 0.5818500430508134 0.7910176395549163
vn 0.3278152559653601 0.5165542230212404 0.7910176310521077
vn 0.3278152559653601 0.5165542230212404 0.7910176310521077
vn 0.3278152559653601 0.5165542230212404 0.7910176310521077
vn 0.3278152559653601 0.5165542230212404 0.7910176310521077
vn 0.44597815716276346 0.4188013602304254 0.7910176382375118
vn 0.44597815716276346 0.4188013602304254 0.7910176382375118
vn 0.44597815716276346 0.4188013602304254 0.7910176382375118
vn 0.44597815716276346 0.4188013602304254 0.7910176382375118
vn 0.5361186098080396 0.2947336939079857 0.7910176267902307
vn 0.5361186098080396 0.2947336939079857 0.7910176267902307
vn 0.5361186098080396 0.2947336939079857 0.7910176267902307
vn 0.5361186098080396 0.2947336939079857 0.7910176267902307
vn 0.5925727364457358 0.15214681311730485 0.7910176352518701
vn 0.5925727364457358 0.15214681311730485 0.7910176352518701
vn 0.5925727364457358 0.15214681311730485 0.7910176352518701
vn 0.5925727364457358 0.15214681311730485 0.7910176352518701
vn 0.6117933346548754 0 0.791017645613464
vn 0.6117933346548754 0 0.791017645613464
vn 0.6117933346548754 0 0.791017645613464
vn 0.6117933346548754 0 0.791017645613464
vn 0.5925727364457358 -0.15214681311730485 0.7910176352518701
vn 0.5925727364457358 -0.15214681311730485 0.7910176352518701
vn 0.5925727364457358 -0.15214681311730485 0.7910176352518701
vn 0.5925727364457358 -0.15214681311730485 0.7910176352518701
vn 0.5361186098080396 -0.2947336939079857 0.7910176267902307
vn 0.5361186098080396 -0.2947336939079857 0.7910176267902307
vn 0.5361186098080396 -0.2947336939079857 0.7910176267902307
vn 0.5361186098080396 -0.2947336939079857 0.7910176267902307
vn 0.44597815716276346 -0.4188013602304254 0.7910176382375118
vn 0.44597815716276346 -0.4188013602304254 0.7910176382375118
vn 0.44597815716276346 -0.4188013602304254 0.7910176382375118
vn 0.44597815716276346 -0.4188013602304254 0.7910176382375118
vn 0.3278152559653601 -0.5165542230212404 0.7910176310521077
vn 0.3278152559653601 -0.5165542230212404 0.7910176310521077
vn 0.3278152559653601 -0.5165542230212404 0.7910176310521077
vn 0.3278152559653601 -0.5165542230212404 0.7910176310521077
vn 0.18905454587164833 -0.5818500430508134 0.7910176395549163
vn 0.18905454587164833 -0.5818500430508134 0.7910176395549163
vn 0.18905454587164833 -0.5818500430508134 0.7910176395549163
vn 0.18905454587164833 -0.5818500430508134 0.7910176395549163
vn 0.038414820695648964 -0.6105861014833469 0.791017644699718
vn 0.038414820695648964 -0.6105861014833469 0.791017644699718
vn 0.038414820695648964 -0.6105861014833469 0.791017644699718
vn 0.038414820695648964 -0.6105861014833469 0.791017644699718
vn -0.11463864057229188 -0.60095679285908 0.7910176453178943
vn -0.11463864057229188 -0.60095679285908 0.7910176453178943
vn -0.11463864057229188 -0.60095679285908 0.7910176453178943
vn -0.11463864057229188 -0.60095679285908 0.7910176453178943
vn -0.2604889248543099 -0.5535671657626962 0.791017643935773
vn -0.2604889248543099 -0.5535671657626962 0.791017643935773
vn -0.2604889248543099 -0.5535671657626962 0.791017643935773
vn -0.2604889248543099 -0.5535671657626962 0.791017643935773
vn -0.3899717587447502 -0.4713948616874447 0.7910176431383823
vn -0.3899717587447502 -0.4713948616874447 0.7910176431383823
vn -0.3899717587447502 -0.4713948616874447 0.7910176431383823
vn -0.3899717587447502 -0.4713948616874447 0.7910176431383823
vn -0.49495121139145176 -0.35960310190779693 0.7910176404103925
vn -0.49495121139145176 -0.35960310190779693 0.7910176404103925
vn -0.49495121139145176 -0.35960310190779693 0.7910176404103925
vn -0.49495121139145176 -0.35960310190779693 0.7910176404103925
vn -0.568831073642928 -0.22521614532844822 0.7910176341533917
vn -0.568831073642928 -0.22521614532844822 0.7910176341533917
vn -0.568831073642928 -0.22521614532844822 0.7910176341533917
vn -0.568831073642928 -0.22521614532844822 0.7910176341533917
vn -0.9176505749223259 0.11592622777087673 0.38010331761185606
vn -0.9176505749223259 0.11592622777087673 0.38010331761185606
vn -0.9176505749223259 0.11592622777087673 0.38010331761185606
vn -0.7893985520185044 0.0997242332807607 0.6057268389031917
vn -0.7893985520185044 0.0997242332807607 0.6057268389031917
vn -0.7893985520185044 0.0997242332807607 0.6057268389031917
vn -0.7893985520185044 0.0997242332807607 0.6057268389031917
vn -0.739797754236896 0.29290663533226036 0.6057268244055066
vn -0.739797754236896 0.29290663533226036 0.6057268244055066
vn -0.739797754236896 0.29290663533226036 0.6057268244055066
vn -0.739797754236896 0.29290663533226036 0.6057268244055066
vn -0.6437127059760306 0.46768466114971025 0.6057268442873378
vn -0.6437127059760306 0.46768466114971025 0.6057268442873378
vn -0.6437127059760306 0.46768466114971025 0.6057268442873378
vn -0.6437127059760306 0.46768466114971025 0.6057268442873378
vn -0.5071808639141248 0.6130763223832236 0.6057268313459324
vn -0.5071808639141248 0.6130763223832236 0.6057268313459324
vn -0.5071808639141248 0.6130763223832236 0.6057268313459324
vn -0.5071808639141248 0.6130763223832236 0.6057268313459324
vn -0.3387809428672772 0.7199461529992761 0.6057268439911684
vn -0.3387809428672772 0.7199461529992761 0.6057268439911684
vn -0.3387809428672772 0.7199461529992761 0.6057268439911684
vn -0.3387809428672772 0.7199461529992761 0.6057268439911684
vn -0.1490941920639721 0.781579125788277 0.6057268295402011
vn -0.1490941920639721 0.781579125788277 0.6057268295402011
vn -0.1490941920639721 0.781579125788277 0.6057268295402011
vn -0.1490941920639721 0.781579125788277 0.6057268295402011
vn 0.04996070195600373 0.7941025980044263 0.6057268296044709
vn 0.04996070195600373 0.7941025980044263 0.6057268296044709
vn 0.04996070195600373 0.7941025980044263 0.6057268296044709
vn 0.04996070195600373 0.7941025980044263 0.6057268296044709
vn 0.2458763889794952 0.7567296692441435 0.6057268435755948
vn 0.2458763889794952 0.7567296692441435 0.6057268435755948
vn 0.2458763889794952 0.7567296692441435 0.6057268435755948
vn 0.2458763889794952 0.7567296692441435 0.6057268435755948
vn 0.4263427505858068 0.671808652198426 0.6057268310503198
vn 0.4263427505858068 0.671808652198426 0.6057268310503198
vn 0.4263427505858068 0.671808652198426 0.6057268310503198
vn 0.4263427505858068 0.671808652198426 0.6057268310503198
vn 0.5800204274147518 0.5446754095223655 0.6057268378099587
vn 0.5800204274147518 0.5446754095223655 0.6057268378099587
vn 0.5800204274147518 0.5446754095223655 0.6057268378099587
vn 0.5800204274147518 0.5446754095223655 0.6057268378099587
vn 0.697253277885432 0.383318240488911 0.6057268303340257
vn 0.697253277885432 0.383318240488911 0.6057268303340257
vn 0.697253277885432 0.383318240488911 0.6057268303340257
vn 0.697253277885432 0.383318240488911 0.6057268303340257
vn 0.7706751620233468 0.1978757478280028 0.605726822141629
vn 0.7706751620233468 0.1978757478280028 0.605726822141629
vn 0.7706751620233468 0.1978757478280028 0.605726822141629
vn 0.7706751620233468 0.1978757478280028 0.605726822141629
vn 0.7956726644580097 0 0.6057268452316535
vn 0.7956726644580097 0 0.6057268452316535
vn 0.7956726644580097 0 0.6057268452316535
vn 0.7956726644580097 0 0.6057268452316535
vn 0.7706751620233468 -0.1978757478280028 0.605726822141629
vn 0.7706751620233468 -0.1978757478280028 0.605726822141629
vn 0.7706751620233468 -0.1978757478280028 0.605726822141629
vn 0.7706751620233468 -0.1978757478280028 0.605726822141629
vn 0.697253277885432 -0.383318240488911 0.6057268303340257
vn 0.697253277885432 -0.383318240488911 0.6057268303340257
vn 0.697253277885432 -0.383318240488911 0.6057268303340257
vn 0.697253277885432 -0.383318240488911 0.6057268303340257
vn 0.5800204274147518 -0.5446754095223655 0.6057268378099587
vn 0.5800204274147518 -0.5446754095223655 0.6057268378099587
vn 0.5800204274147518 -0.5446754095223655 0.6057268378099587
vn 0.5800204274147518 -0.5446754095223655 0.6057268378099587
vn 0.4263427505858068 -0.671808652198426 0.6057268310503198
vn 0.4263427505858068 -0.671808652198426 0.6057268310503198
vn 0.4263427505858068 -0.671808652198426 0.6057268310503198
vn 0.4263427505858068 -0.671808652198426 0.6057268310503198
vn 0.2458763889794952 -0.7567296692441435 0.6057268435755948
vn 0.2458763889794952 -0.7567296692441435 0.6057268435755948
vn 0.2458763889794952 -0.7567296692441435 0.6057268435755948
vn 0.2458763889794952 -0.7567296692441435 0.6057268435755948
vn 0.04996070195600373 -0.7941025980044263 0.6057268296044709
vn 0.04996070195600373 -0.7941025980044263 0.6057268296044709
vn 0.04996070195600373 -0.7941025980044263 0.6057268296044709
vn 0.04996070195600373 -0.7941025980044263 0.6057268296044709
vn -0.1490941920639721 -0.781579125788277 0.6057268295402011
vn -0.1490941920639721 -0.781579125788277 0.6057268295402011
vn -0.1490941920639721 -0.781579125788277 0.6057268295402011
vn -0.1490941920639721 -0.781579125788277 0.6057268295402011
vn -0.3387809428672772 -0.7199461529992761 0.6057268439911684
vn -0.3387809428672772 -0.7199461529992761 0.6057268439911684
vn -0.3387809428672772 -0.7199461529992761 0.6057268439911684
vn -0.3387809428672772 -0.7199461529992761 0.6057268439911684
vn -0.5071808639141248 -0.6130763223832236 0.6057268313459324
vn -0.5071808639141248 -0.6130763223832236 0.6057268313459324
vn -0.5071808639141248 -0.6130763223832236 0.6057268313459324
vn -0.5071808639141248 -0.6130763223832236 0.6057268313459324
vn -0.6437127059760306 -0.46768466114971025 0.6057268442873378
vn -0.6437127059760306 -0.46768466114971025 0.6057268442873378
vn -0.6437127059760306 -0.46768466114971025 0.6057268442873378
vn -0.6437127059760306 -0.46768466114971025 0.6057268442873378
vn -0.739797754236896 -0.29290663533226036 0.6057268244055066
vn -0.739797754236896 -0.29290663533226036 0.6057268244055066
vn -0.739797754236896 -0.29290663533226036 0.6057268244055066
vn -0.739797754236896 -0.29290663533226036 0.6057268244055066
vn -0.8599912099628843 0.34049460970688833 0.3801033274612684
vn -0.8599912099628843 0.34049460970688833 0.3801033274612684
vn -0.8599912099628843 0.34049460970688833 0.3801033274612684
vn -0.9176505749223259 0.11592622777087673 0.38010331761185606
vn -0.8599912099628843 0.34049460970688833 0.3801033274612684
vn -0.7482954408604982 0.5436684594539162 0.38010332724457757
vn -0.7482954408604982 0.5436684594539162 0.38010332724457757
vn -0.7482954408604982 0.5436684594539162 0.38010332724457757
vn -0.7482954408604982 0.5436684594539162 0.38010332724457757
vn -0.5895814888383185 0.7126816502394422 0.3801033194161518
vn -0.5895814888383185 0.7126816502394422 0.3801033194161518
vn -0.5895814888383185 0.7126816502394422 0.3801033194161518
vn -0.5895814888383185 0.7126816502394422 0.3801033194161518
vn -0.3938220222853077 0.8369143774252502 0.38010332755977877
vn -0.3938220222853077 0.8369143774252502 0.38010332755977877
vn -0.3938220222853077 0.8369143774252502 0.38010332755977877
vn -0.3938220222853077 0.8369143774252502 0.38010332755977877
vn -0.1733172207108462 0.9085607367412754 0.3801033131363354
vn -0.1733172207108462 0.9085607367412754 0.3801033131363354
vn -0.1733172207108462 0.9085607367412754 0.3801033131363354
vn -0.1733172207108462 0.9085607367412754 0.3801033131363354
vn 0.0580777142150307 0.9231188714942312 0.3801033125385442
vn 0.0580777142150307 0.9231188714942312 0.3801033125385442
vn 0.0580777142150307 0.9231188714942312 0.3801033125385442
vn 0.0580777142150307 0.9231188714942312 0.3801033125385442
vn 0.28582342725227405 0.8796740544468178 0.3801033101235254
vn 0.28582342725227405 0.8796740544468178 0.3801033101235254
vn 0.28582342725227405 0.8796740544468178 0.3801033101235254
vn 0.28582342725227405 0.8796740544468178 0.3801033101235254
vn 0.4956097872275705 0.7809560849912724 0.38010331769052835
vn 0.4956097872275705 0.7809560849912724 0.38010331769052835
vn 0.4956097872275705 0.7809560849912724 0.38010331769052835
vn 0.4956097872275705 0.7809560849912724 0.38010331769052835
vn 0.674255195737707 0.6331677469300373 0.3801033218326915
vn 0.674255195737707 0.6331677469300373 0.3801033218326915
vn 0.674255195737707 0.6331677469300373 0.3801033218326915
vn 0.674255195737707 0.6331677469300373 0.3801033218326915
vn 0.8105346469499752 0.4455951700262645 0.38010331561687705
vn 0.8105346469499752 0.4455951700262645 0.38010331561687705
vn 0.8105346469499752 0.4455951700262645 0.38010331561687705
vn 0.8105346469499752 0.4455951700262645 0.38010331561687705
vn 0.8958852176863171 0.23002423052713877 0.3801033150362384
vn 0.8958852176863171 0.23002423052713877 0.3801033150362384
vn 0.8958852176863171 0.23002423052713877 0.3801033150362384
vn 0.8958852176863171 0.23002423052713877 0.3801033150362384
vn 0.9249440354072715 0 0.3801033166975949
vn 0.9249440354072715 0 0.3801033166975949
vn 0.9249440354072715 0 0.3801033166975949
vn 0.9249440354072715 0 0.3801033166975949
vn 0.8958852176863171 -0.23002423052713877 0.3801033150362384
vn 0.8958852176863171 -0.23002423052713877 0.3801033150362384
vn 0.8958852176863171 -0.23002423052713877 0.3801033150362384
vn 0.8958852176863171 -0.23002423052713877 0.3801033150362384
vn 0.8105346469499752 -0.4455951700262645 0.38010331561687705
vn 0.8105346469499752 -0.4455951700262645 0.38010331561687705
vn 0.8105346469499752 -0.4455951700262645 0.38010331561687705
vn 0.8105346469499752 -0.4455951700262645 0.38010331561687705
vn 0.674255195737707 -0.6331677469300373 0.3801033218326915
vn 0.674255195737707 -0.6331677469300373 0.3801033218326915
vn 0.674255195737707 -0.6331677469300373 0.3801033218326915
vn 0.674255195737707 -0.6331677469300373 0.3801033218326915
vn 0.4956097872275705 -0.7809560849912724 0.38010331769052835
vn 0.4956097872275705 -0.7809560849912724 0.38010331769052835
vn 0.4956097872275705 -0.7809560849912724 0.38010331769052835
vn 0.4956097872275705 -0.7809560849912724 0.38010331769052835
vn 0.28582342725227405 -0.8796740544468178 0.3801033101235254
vn 0.28582342725227405 -0.8796740544468178 0.3801033101235254
vn 0.28582342725227405 -0.8796740544468178 0.3801033101235254
vn 0.28582342725227405 -0.8796740544468178 0.3801033101235254
vn 0.0580777142150307 -0.9231188714942312 0.3801033125385442
vn 0.0580777142150307 -0.9231188714942312 0.3801033125385442
vn 0.0580777142150307 -0.9231188714942312 0.3801033125385442
vn 0.0580777142150307 -0.9231188714942312 0.3801033125385442
vn -0.1733172207108462 -0.9085607367412754 0.3801033131363354
vn -0.1733172207108462 -0.9085607367412754 0.3801033131363354
vn -0.1733172207108462 -0.9085607367412754 0.3801033131363354
vn -0.1733172207108462 -0.9085607367412754 0.3801033131363354
vn -0.3938220222853077 -0.8369143774252502 0.38010332755977877
vn -0.3938220222853077 -0.8369143774252502 0.38010332755977877
vn -0.3938220222853077 -0.8369143774252502 0.38010332755977877
vn -0.3938220222853077 -0.8369143774252502 0.38010332755977877
vn -0.5895814888383185 -0.7126816502394422 0.3801033194161518
vn -0.5895814888383185 -0.7126816502394422 0.3801033194161518
vn -0.5895814888383185 -0.7126816502394422 0.3801033194161518
vn -0.5895814888383185 -0.7126816502394422 0.3801033194161518
vn -0.7482954408604982 -0.5436684594539162 0.38010332724457757
vn -0.7482954408604982 -0.5436684594539162 0.38010332724457757
vn -0.7482954408604982 -0.5436684594539162 0.38010332724457757
vn -0.7482954408604982 -0.5436684594539162 0.38010332724457757
vn -0.8599912099628843 -0.34049460970688833 0.3801033274612684
vn -0.8599912099628843 -0.34049460970688833 0.3801033274612684
vn -0.8599912099628843 -0.34049460970688833 0.3801033274612684
vn -0.8599912099628843 -0.34049460970688833 0.3801033274612684
vn 0 0 1
vn 0 0 1
vn 0 0 1
vn 0 0 1
vn 0 0 1
vn 0 0 1
vn 0 0 1
vn 0 0 1
vn 0 0 1
vn 0 0 1
vn 0 0 1
vn 0 0 1
vn 0 0 1
vn 0 0 1
vn 0 0 1
vn 0 0 1
vn 0 0 1
vn 0 0 1
vn 0 0 1
vn 0 0 1
vn 0 0 1
vn 0 0 1
vn 0 0 1
vn 0 0 1
vn -0.12840345553716692 0.01690463542309486 0.9915779272993762
vn -0.12840345553716692 0.01690463542309486 0.9915779272993762
vn -0.12840345553716692 0.01690463542309486 0.9915779272993762
vn -0.13050845054376425 0.016487050534945365 0.9913101036009487
vn -0.13050845054376425 0.016487050534945365 0.9913101036009487
vn -0.13050845054376425 0.016487050534945365 0.9913101036009487
vn -0.13050845054376425 -0.016487050534945365 0.9913101036009487
vn -0.13050845054376425 -0.016487050534945365 0.9913101036009487
vn -0.13050845054376425 -0.016487050534945365 0.9913101036009487
vn -0.3822370183167696 -0.04828776433843184 0.9228017954271122
vn -0.3822370183167696 -0.04828776433843184 0.9228017954271122
vn -0.3822370183167696 -0.04828776433843184 0.9228017954271122
vn -0.3822370183167696 -0.04828776433843184 0.9228017954271122
vn -0.6069691688494334 -0.07667803652244921 0.791017639993755
vn -0.6069691688494334 -0.07667803652244921 0.791017639993755
vn -0.6069691688494334 -0.07667803652244921 0.791017639993755
vn -0.6069691688494334 -0.07667803652244921 0.791017639993755
vn -0.7893985520185044 -0.0997242332807607 0.6057268389031917
vn -0.7893985520185044 -0.0997242332807607 0.6057268389031917
vn -0.7893985520185044 -0.0997242332807607 0.6057268389031917
vn -0.7893985520185044 -0.0997242332807607 0.6057268389031917
vn -0.9176505749223259 -0.11592622777087673 0.38010331761185606
vn -0.9176505749223259 -0.11592622777087673 0.38010331761185606
vn -0.9176505749223259 -0.11592622777087673 0.38010331761185606
vn -0.9176505749223259 -0.11592622777087673 0.38010331761185606
vn -0.9768945749752314 -0.12341048789553323 0.17449023142098316
vn -0.9768945749752314 -0.12341048789553323 0.17449023142098316
vn -0.9768945749752314 -0.12341048789553323 0.17449023142098316
vn -0.9400709352837912 -0.32894504355137194 0.0897874988940224
vn -0.9400709352837912 -0.32894504355137194 0.0897874988940224
vn -0.9400709352837912 -0.32894504355137194 0.0897874988940224
vn -0.12410038866550072 0.04913482132094072 0.9910524016755273
vn -0.12410038866550072 0.04913482132094072 0.9910524016755273
vn -0.12410038866550072 0.04913482132094072 0.9910524016755273
vn -0.11790972313010148 0.04883980424069517 0.9918225500124068
vn -0.11790972313010148 0.04883980424069517 0.9918225500124068
vn -0.11790972313010148 0.04883980424069517 0.9918225500124068
vn -0.10944676860079634 0.07951772751550046 0.9908069114886183
vn -0.10944676860079634 0.07951772751550046 0.9908069114886183
vn -0.10944676860079634 0.07951772751550046 0.9908069114886183
vn -0.09992704486109377 0.0766767184733813 0.9920359199895349
vn -0.09992704486109377 0.0766767184733813 0.9920359199895349
vn -0.09992704486109377 0.0766767184733813 0.9920359199895349
vn -0.08730450808515539 0.1055330236311929 0.9905759454939672
vn -0.08730450808515539 0.1055330236311929 0.9905759454939672
vn -0.08730450808515539 0.1055330236311929 0.9905759454939672
vn -0.07578413068868746 0.09876379959896371 0.9922209821529353
vn -0.07578413068868746 0.09876379959896371 0.9922209821529353
vn -0.07578413068868746 0.09876379959896371 0.9922209821529353
vn -0.05897236550669103 0.1253226534673168 0.9903617988565877
vn -0.05897236550669103 0.1253226534673168 0.9903617988565877
vn -0.05897236550669103 0.1253226534673168 0.9903617988565877
vn -0.04715175492589304 0.11383440941947912 0.99238018885885
vn -0.04715175492589304 0.11383440941947912 0.99238018885885
vn -0.04715175492589304 0.11383440941947912 0.99238018885885
vn -0.026213239192570348 0.13741461573126226 0.9901666978213631
vn -0.026213239192570348 0.13741461573126226 0.9901666978213631
vn -0.026213239192570348 0.13741461573126226 0.9901666978213631
vn -0.015939615773275212 0.12107341072322637 0.9925155705906308
vn -0.015939615773275212 0.12107341072322637 0.9925155705906308
vn -0.015939615773275212 0.12107341072322637 0.9925155705906308
vn 0.008860883479151845 0.14083971363170827 0.9899927574523499
vn 0.008860883479151845 0.14083971363170827 0.9899927574523499
vn 0.008860883479151845 0.14083971363170827 0.9899927574523499
vn 0.01581903525461131 0.12015750095188127 0.9926287992440135
vn 0.01581903525461131 0.12015750095188127 0.9926287992440135
vn 0.01581903525461131 0.12015750095188127 0.9926287992440135
vn 0.04393364088343503 0.1352138510606198 0.9898419316638803
vn 0.04393364088343503 0.1352138510606198 0.9898419316638803
vn 0.04393364088343503 0.1352138510606198 0.9898419316638803
vn 0.046088436106029786 0.11126732407148628 0.9927212290725282
vn 0.046088436106029786 0.11126732407148628 0.9927212290725282
vn 0.046088436106029786 0.11126732407148628 0.9927212290725282
vn 0.07664814408997399 0.12077814798216732 0.9897159698507245
vn 0.07664814408997399 0.12077814798216732 0.9897159698507245
vn 0.07664814408997399 0.12077814798216732 0.9897159698507245
vn 0.07295031289057963 0.09507069982437602 0.9927939433155655
vn 0.07295031289057963 0.09507069982437602 0.9927939433155655
vn 0.07295031289057963 0.09507069982437602 0.9927939433155655
vn 0.10477754170661745 0.09839266254061069 0.9896163654225246
vn 0.10477754170661745 0.09839266254061069 0.9896163654225246
vn 0.10477754170661745 0.09839266254061069 0.9896163654225246
vn 0.09471618914905947 0.0726782886633322 0.992847777793781
vn 0.09471618914905947 0.0726782886633322 0.992847777793781
vn 0.09471618914905947 0.0726782886633322 0.992847777793781
vn 0.12638889199091163 0.0694828850039799 0.9895443277957959
vn 0.12638889199091163 0.0694828850039799 0.9895443277957959
vn 0.12638889199091163 0.0694828850039799 0.9895443277957959
vn 0.11002580193287517 0.04557417754048266 0.9928833351660892
vn 0.11002580193287517 0.04557417754048266 0.9928833351660892
vn 0.11002580193287517 0.04557417754048266 0.9928833351660892
vn 0.13998716828300004 0.03594259855774102 0.9895007439739619
vn 0.13998716828300004 0.03594259855774102 0.9895007439739619
vn 0.13998716828300004 0.03594259855774102 0.9895007439739619
vn 0.11792598537830681 0.01552524959721685 0.9929010165154931
vn 0.11792598537830681 0.01552524959721685 0.9929010165154931
vn 0.11792598537830681 0.01552524959721685 0.9929010165154931
vn 0.1446276301155272 0 0.9894861538228649
vn 0.1446276301155272 0 0.9894861538228649
vn 0.1446276301155272 0 0.9894861538228649
vn 0.11792598537830681 -0.01552524959721685 0.9929010165154931
vn 0.11792598537830681 -0.01552524959721685 0.9929010165154931
vn 0.11792598537830681 -0.01552524959721685 0.9929010165154931
vn 0.13998716828300004 -0.03594259855774102 0.9895007439739619
vn 0.13998716828300004 -0.03594259855774102 0.9895007439739619
vn 0.13998716828300004 -0.03594259855774102 0.9895007439739619
vn 0.11002580193287517 -0.04557417754048266 0.9928833351660892
vn 0.11002580193287517 -0.04557417754048266 0.9928833351660892
vn 0.11002580193287517 -0.04557417754048266 0.9928833351660892
vn 0.12638889199091163 -0.0694828850039799 0.9895443277957959
vn 0.12638889199091163 -0.0694828850039799 0.9895443277957959
vn 0.12638889199091163 -0.0694828850039799 0.9895443277957959
vn 0.09471618914905947 -0.0726782886633322 0.992847777793781
vn 0.09471618914905947 -0.0726782886633322 0.992847777793781
vn 0.09471618914905947 -0.0726782886633322 0.992847777793781
vn 0.10477754170661745 -0.09839266254061069 0.9896163654225246
vn 0.10477754170661745 -0.09839266254061069 0.9896163654225246
vn 0.10477754170661745 -0.09839266254061069 0.9896163654225246
vn 0.07295031289057963 -0.09507069982437602 0.9927939433155655
vn 0.07295031289057963 -0.09507069982437602 0.9927939433155655
vn 0.07295031289057963 -0.09507069982437602 0.9927939433155655
vn 0.07664814408997399 -0.12077814798216732 0.9897159698507245
vn 0.07664814408997399 -0.12077814798216732 0.9897159698507245
vn 0.07664814408997399 -0.12077814798216732 0.9897159698507245
vn 0.046088436106029786 -0.11126732407148628 0.9927212290725282
vn 0.046088436106029786 -0.11126732407148628 0.9927212290725282
vn 0.046088436106029786 -0.11126732407148628 0.9927212290725282
vn 0.04393364088343503 -0.1352138510606198 0.9898419316638803
vn 0.04393364088343503 -0.1352138510606198 0.9898419316638803
vn 0.04393364088343503 -0.1352138510606198 0.9898419316638803
vn 0.01581903525461131 -0.12015750095188127 0.9926287992440135
vn 0.01581903525461131 -0.12015750095188127 0.9926287992440135
vn 0.01581903525461131 -0.12015750095188127 0.9926287992440135
vn 0.008860883479151845 -0.14083971363170827 0.9899927574523499
vn 0.008860883479151845 -0.14083971363170827 0.9899927574523499
vn 0.008860883479151845 -0.14083971363170827 0.9899927574523499
vn -0.015939615773275212 -0.12107341072322637 0.9925155705906308
vn -0.015939615773275212 -0.12107341072322637 0.9925155705906308
vn -0.015939615773275212 -0.12107341072322637 0.9925155705906308
vn -0.026213239192570348 -0.13741461573126226 0.9901666978213631
vn -0.026213239192570348 -0.13741461573126226 0.9901666978213631
vn -0.026213239192570348 -0.13741461573126226 0.9901666978213631
vn -0.04715175492589304 -0.11383440941947912 0.99238018885885
vn -0.04715175492589304 -0.11383440941947912 0.99238018885885
vn -0.04715175492589304 -0.11383440941947912 0.99238018885885
vn -0.05897236550669103 -0.1253226534673168 0.9903617988565877
vn -0.05897236550669103 -0.1253226534673168 0.9903617988565877
vn -0.05897236550669103 -0.1253226534673168 0.9903617988565877
vn -0.07578413068868746 -0.09876379959896371 0.9922209821529353
vn -0.07578413068868746 -0.09876379959896371 0.9922209821529353
vn -0.07578413068868746 -0.09876379959896371 0.9922209821529353
vn -0.08730450808515539 -0.1055330236311929 0.9905759454939672
vn -0.08730450808515539 -0.1055330236311929 0.9905759454939672
vn -0.08730450808515539 -0.1055330236311929 0.9905759454939672
vn -0.09992704486109377 -0.0766767184733813 0.9920359199895349
vn -0.09992704486109377 -0.0766767184733813 0.9920359199895349
vn -0.09992704486109377 -0.0766767184733813 0.9920359199895349
vn -0.10944676860079634 -0.07951772751550046 0.9908069114886183
vn -0.10944676860079634 -0.07951772751550046 0.9908069114886183
vn -0.10944676860079634 -0.07951772751550046 0.9908069114886183
vn -0.11790972313010148 -0.04883980424069517 0.9918225500124068
vn -0.11790972313010148 -0.04883980424069517 0.9918225500124068
vn -0.11790972313010148 -0.04883980424069517 0.9918225500124068
vn -0.12410038866550072 -0.04913482132094072 0.9910524016755273
vn -0.12410038866550072 -0.04913482132094072 0.9910524016755273
vn -0.12410038866550072 -0.04913482132094072 0.9910524016755273
vn -0.12840345553716692 -0.01690463542309486 0.9915779272993762
vn -0.12840345553716692 -0.01690463542309486 0.9915779272993762
vn -0.12840345553716692 -0.01690463542309486 0.9915779272993762
vn -0.9839593898059017 0.12265040887438637 0.12954071335199377
vn -0.9839593898059017 0.12265040887438637 0.12954071335199377
vn -0.9839593898059017 0.12265040887438637 0.12954071335199377
vn -0.9853160913353014 -0.1110184632480047 0.12971931611666598
vn -0.9853160913353014 -0.1110184632480047 0.12971931611666598
vn -0.9853160913353014 -0.1110184632480047 0.12971931611666598
vn -0.9094409916544528 -0.36007314817157793 0.20800098717163423
vn -0.9094409916544528 -0.36007314817157793 0.20800098717163423
vn -0.9094409916544528 -0.36007314817157793 0.20800098717163423
vn -0.8451763494111459 -0.5310595100031331 0.06043786256379971
vn -0.8451763494111459 -0.5310595100031331 0.06043786256379971
vn -0.8451763494111459 -0.5310595100031331 0.06043786256379971
vn -0.7872250623528122 -0.5719524583727772 0.2305365189399445
vn -0.7872250623528122 -0.5719524583727772 0.2305365189399445
vn -0.7872250623528122 -0.5719524583727772 0.2305365189399445
vn -0.7064828424771941 -0.7064828424771941 0.04199984012693997
vn -0.7064828424771941 -0.7064828424771941 0.04199984012693997
vn -0.7064828424771941 -0.7064828424771941 0.04199984012693997
vn -0.6183935492243976 -0.7475094306062178 0.2425264303790838
vn -0.6183935492243976 -0.7475094306062178 0.2425264303790838
vn -0.6183935492243976 -0.7475094306062178 0.2425264303790838
vn -0.5317133695107272 -0.8462169218160064 0.034609448360118755
vn -0.5317133695107272 -0.8462169218160064 0.034609448360118755
vn -0.5317133695107272 -0.8462169218160064 0.034609448360118755
vn -0.41288548755476967 -0.8774263272846156 0.2442306580969943
vn -0.41288548755476967 -0.8774263272846156 0.2442306580969943
vn -0.41288548755476967 -0.8774263272846156 0.2442306580969943
vn -0.3300366731302259 -0.9431905836786636 0.038305577257548615
vn -0.3300366731302259 -0.9431905836786636 0.038305577257548615
vn -0.3300366731302259 -0.9431905836786636 0.038305577257548615
vn -0.18210255923003754 -0.9546150472519498 0.235687864520065
vn -0.18210255923003754 -0.9546150472519498 0.235687864520065
vn -0.18210255923003754 -0.9546150472519498 0.235687864520065
vn -0.11180669538995514 -0.9923118704554175 0.05306990313961918
vn -0.11180669538995514 -0.9923118704554175 0.05306990313961918
vn -0.11180669538995514 -0.9923118704554175 0.05306990313961918
vn 0.06129838867812104 -0.9743099759474111 0.2167085100193829
vn 0.06129838867812104 -0.9743099759474111 0.2167085100193829
vn 0.06129838867812104 -0.9743099759474111 0.2167085100193829
vn 0.12356859566916384 -0.9913255073620847 0.04477209641792248
vn 0.12356859566916384 -0.9913255073620847 0.04477209641792248
vn 0.12356859566916384 -0.9913255073620847 0.04477209641792248
vn 0.3018824747327835 -0.9290987226051175 0.21364113626066797
vn 0.3018824747327835 -0.9290987226051175 0.21364113626066797
vn 0.3018824747327835 -0.9290987226051175 0.21364113626066797
vn 0.36308703843439455 -0.9305123351363281 0.0481102554563849
vn 0.36308703843439455 -0.9305123351363281 0.0481102554563849
vn 0.36308703843439455 -0.9305123351363281 0.0481102554563849
vn 0.5238313761938502 -0.8254261750000722 0.21040988317949108
vn 0.5238313761938502 -0.8254261750000722 0.21040988317949108
vn 0.5238313761938502 -0.8254261750000722 0.21040988317949108
vn 0.5803022997911113 -0.8127639913836768 0.05161332354365208
vn 0.5803022997911113 -0.8127639913836768 0.05161332354365208
vn 0.5803022997911113 -0.8127639913836768 0.05161332354365208
vn 0.7131777368706894 -0.6697184408698514 0.2070138294676398
vn 0.7131777368706894 -0.6697184408698514 0.2070138294676398
vn 0.7131777368706894 -0.6697184408698514 0.2070138294676398
vn 0.7619171884279661 -0.6453109506946638 0.05528087274611956
vn 0.7619171884279661 -0.6453109506946638 0.05528087274611956
vn 0.7619171884279661 -0.6453109506946638 0.05528087274611956
vn 0.8579786422721639 -0.47167775050589916 0.20345208055586203
vn 0.8579786422721639 -0.47167775050589916 0.20345208055586203
vn 0.8579786422721639 -0.47167775050589916 0.20345208055586203
vn 0.8968199968516526 -0.43842857494189585 0.05911241765839274
vn 0.8968199968516526 -0.43842857494189585 0.05911241765839274
vn 0.8968199968516526 -0.43842857494189585 0.05911241765839274
vn 0.9490683922695449 -0.24367935101864047 0.19972371086587448
vn 0.9490683922695449 -0.24367935101864047 0.19972371086587448
vn 0.9490683922695449 -0.24367935101864047 0.19972371086587448
vn 0.9767660062419953 -0.20480630136914782 0.06310743196765631
vn 0.9767660062419953 -0.20480630136914782 0.06310743196765631
vn 0.9767660062419953 -0.20480630136914782 0.06310743196765631
vn 0.980638308803199 0 0.19582774907454256
vn 0.980638308803199 0 0.19582774907454256
vn 0.980638308803199 0 0.19582774907454256
vn 0.9968828182268105 0.04123137982034083 0.06726529597261104
vn 0.9968828182268105 0.04123137982034083 0.06726529597261104
vn 0.9968828182268105 0.04123137982034083 0.06726529597261104
vn 0.9506074224468722 0.2440745094292006 0.19176329741587383
vn 0.9506074224468722 0.2440745094292006 0.19176329741587383
vn 0.9506074224468722 0.2440745094292006 0.19176329741587383
vn 0.9559686137270907 0.2846041903910055 0.07158536429036806
vn 0.9559686137270907 0.2846041903910055 0.07158536429036806
vn 0.9559686137270907 0.2846041903910055 0.07158536429036806
vn 0.8607601138068676 0.4732068892926328 0.18752937477946907
vn 0.8607601138068676 0.4732068892926328 0.18752937477946907
vn 0.8607601138068676 0.4732068892926328 0.18752937477946907
vn 0.856565042979509 0.5104019550994956 0.07606688751437528
vn 0.856565042979509 0.5104019550994956 0.07606688751437528
vn 0.856565042979509 0.5104019550994956 0.07606688751437528
vn 0.7166414810766374 0.6729711846888228 0.1831250178943498
vn 0.7166414810766374 0.6729711846888228 0.1831250178943498
vn 0.7166414810766374 0.6729711846888228 0.1831250178943498
vn 0.7047999885143981 0.7047999885143981 0.08070906008750688
vn 0.7047999885143981 0.7047999885143981 0.08070906008750688
vn 0.7047999885143981 0.7047999885143981 0.08070906008750688
vn 0.5272165709134778 0.8307603869070315 0.17854934024048746
vn 0.5272165709134778 0.8307603869070315 0.17854934024048746
vn 0.5272165709134778 0.8307603869070315 0.17854934024048746
vn 0.5100101225058935 0.8559074389319609 0.08551099883906789
vn 0.5100101225058935 0.8559074389319609 0.08551099883906789
vn 0.5100101225058935 0.8559074389319609 0.08551099883906789
vn 0.304313981911016 0.9365821308939384 0.17380135932619042
vn 0.304313981911016 0.9365821308939384 0.17380135932619042
vn 0.304313981911016 0.9365821308939384 0.17380135932619042
vn 0.284166072163667 0.9544969942408525 0.09047171611200765
vn 0.284166072163667 0.9544969942408525 0.09047171611200765
vn 0.284166072163667 0.9544969942408525 0.09047171611200765
vn 0.061888632790445736 0.9836916543196822 0.1688802130302312
vn 0.061888632790445736 0.9836916543196822 0.1688802130302312
vn 0.061888632790445736 0.9836916543196822 0.1688802130302312
vn 0.041135740058134196 0.9945704467394375 0.09559015306183753
vn 0.041135740058134196 0.9945704467394375 0.09559015306183753
vn 0.041135740058134196 0.9945704467394375 0.09559015306183753
vn -0.18485092875986367 0.969022499814104 0.16378500844289925
vn -0.18485092875986367 0.969022499814104 0.16378500844289925
vn -0.18485092875986367 0.969022499814104 0.16378500844289925
vn -0.20416876588879312 0.9737254936774167 0.1008651475888393
vn -0.20416876588879312 0.9737254936774167 0.1008651475888393
vn -0.20416876588879312 0.9737254936774167 0.1008651475888393
vn -0.42039599453016546 0.8933869480935064 0.15851488497665966
vn -0.42039599453016546 0.8933869480935064 0.15851488497665966
vn -0.42039599453016546 0.8933869480935064 0.15851488497665966
vn -0.43670835335948693 0.8933012331047432 0.10629544223338595
vn -0.43670835335948693 0.8933012331047432 0.10629544223338595
vn -0.43670835335948693 0.8933012331047432 0.10629544223338595
vn -0.6299122593128053 0.7614331271028044 0.15306906453585536
vn -0.6299122593128053 0.7614331271028044 0.15306906453585536
vn -0.6299122593128053 0.7614331271028044 0.15306906453585536
vn -0.6422415920002562 0.7582932649542433 0.11187967567887493
vn -0.6422415920002562 0.7582932649542433 0.11187967567887493
vn -0.6422415920002562 0.7582932649542433 0.11187967567887493
vn -0.8001744273772085 0.5813607662624504 0.1474467538547166
vn -0.8001744273772085 0.5813607662624504 0.1474467538547166
vn -0.8001744273772085 0.5813607662624504 0.1474467538547166
vn -0.8081998944096118 0.5770436014279096 0.11761637950302663
vn -0.8081998944096118 0.5770436014279096 0.11761637950302663
vn -0.8081998944096118 0.5770436014279096 0.11761637950302663
vn -0.9204017353903315 0.36441280780445107 0.1416472767071169
vn -0.9204017353903315 0.36441280780445107 0.1416472767071169
vn -0.9204017353903315 0.36441280780445107 0.1416472767071169
vn -0.924458902433564 0.36072497837217443 0.12350395819456408
vn -0.924458902433564 0.36072497837217443 0.12350395819456408
vn -0.924458902433564 0.36072497837217443 0.12350395819456408
vn -0.9829416928208243 0.12417441678702908 0.13566997726149013
vn -0.9829416928208243 0.12417441678702908 0.13566997726149013
vn -0.9829416928208243 0.12417441678702908 0.13566997726149013
vn -0.3822370183167696 0.04828776433843184 0.9228017954271122
vn -0.3822370183167696 0.04828776433843184 0.9228017954271122
vn -0.3822370183167696 0.04828776433843184 0.9228017954271122
vn -0.3822370183167696 0.04828776433843184 0.9228017954271122
vn -0.35821965544402085 0.14182919346035353 0.9228017979696141
vn -0.35821965544402085 0.14182919346035353 0.9228017979696141
vn -0.35821965544402085 0.14182919346035353 0.9228017979696141
vn -0.35821965544402085 0.14182919346035353 0.9228017979696141
vn -0.31169405528973476 0.22645898126560318 0.9228017911237414
vn -0.31169405528973476 0.22645898126560318 0.9228017911237414
vn -0.31169405528973476 0.22645898126560318 0.9228017911237414
vn -0.31169405528973476 0.22645898126560318 0.9228017911237414
vn -0.24558355006614838 0.29685950390960225 0.9228017960946179
vn -0.24558355006614838 0.29685950390960225 0.9228017960946179
vn -0.24558355006614838 0.29685950390960225 0.9228017960946179
vn -0.24558355006614838 0.29685950390960225 0.9228017960946179
vn -0.1640421301991073 0.34860727209344905 0.9228017931079802
vn -0.1640421301991073 0.34860727209344905 0.9228017931079802
vn -0.1640421301991073 0.34860727209344905 0.9228017931079802
vn -0.1640421301991073 0.34860727209344905 0.9228017931079802
vn -0.07219333954313674 0.37845075170349424 0.9228017935941986
vn -0.07219333954313674 0.37845075170349424 0.9228017935941986
vn -0.07219333954313674 0.37845075170349424 0.9228017935941986
vn -0.07219333954313674 0.37845075170349424 0.9228017935941986
vn 0.024191619851427773 0.3845147792193785 0.9228017935021782
vn 0.024191619851427773 0.3845147792193785 0.9228017935021782
vn 0.024191619851427773 0.3845147792193785 0.9228017935021782
vn 0.024191619851427773 0.3845147792193785 0.9228017935021782
vn 0.11905653030893816 0.36641833189884565 0.9228017927156754
vn 0.11905653030893816 0.36641833189884565 0.9228017927156754
vn 0.11905653030893816 0.36641833189884565 0.9228017927156754
vn 0.11905653030893816 0.36641833189884565 0.9228017927156754
vn 0.20644068792422055 0.3252984595111725 0.922801795950264
vn 0.20644068792422055 0.3252984595111725 0.922801795950264
vn 0.20644068792422055 0.3252984595111725 0.922801795950264
vn 0.20644068792422055 0.3252984595111725 0.922801795950264
vn 0.28085342051475964 0.26373890044067866 0.9228017926832941
vn 0.28085342051475964 0.26373890044067866 0.9228017926832941
vn 0.28085342051475964 0.26373890044067866 0.9228017926832941
vn 0.28085342051475964 0.26373890044067866 0.9228017926832941
vn 0.3376190688330578 0.1856076582629331 0.9228017997134863
vn 0.3376190688330578 0.1856076582629331 0.9228017997134863
vn 0.3376190688330578 0.1856076582629331 0.9228017997134863
vn 0.3376190688330578 0.1856076582629331 0.9228017997134863
vn 0.3731709119498865 0.09581400445933638 0.9228017918404562
vn 0.3731709119498865 0.09581400445933638 0.9228017918404562
vn 0.3731709119498865 0.09581400445933638 0.9228017918404562
vn 0.3731709119498865 0.09581400445933638 0.9228017918404562
vn 0.3852750357296221 0 0.9228017917427005
vn 0.3852750357296221 0 0.9228017917427005
vn 0.3852750357296221 0 0.9228017917427005
vn 0.3852750357296221 0 0.9228017917427005
vn 0.3731709119498865 -0.09581400445933638 0.9228017918404562
vn 0.3731709119498865 -0.09581400445933638 0.9228017918404562
vn 0.3731709119498865 -0.09581400445933638 0.9228017918404562
vn 0.3731709119498865 -0.09581400445933638 0.9228017918404562
vn 0.3376190688330578 -0.1856076582629331 0.9228017997134863
vn 0.3376190688330578 -0.1856076582629331 0.9228017997134863
vn 0.3376190688330578 -0.1856076582629331 0.9228017997134863
vn 0.3376190688330578 -0.1856076582629331 0.9228017997134863
vn 0.28085342051475964 -0.26373890044067866 0.9228017926832941
vn 0.28085342051475964 -0.26373890044067866 0.9228017926832941
vn 0.28085342051475964 -0.26373890044067866 0.9228017926832941
vn 0.28085342051475964 -0.26373890044067866 0.9228017926832941
vn 0.20644068792422055 -0.3252984595111725 0.922801795950264
vn 0.20644068792422055 -0.3252984595111725 0.922801795950264
vn 0.20644068792422055 -0.3252984595111725 0.922801795950264
vn 0.20644068792422055 -0.3252984595111725 0.922801795950264
vn 0.11905653030893816 -0.36641833189884565 0.9228017927156754
vn 0.11905653030893816 -0.36641833189884565 0.9228017927156754
vn 0.11905653030893816 -0.36641833189884565 0.9228017927156754
vn 0.11905653030893816 -0.36641833189884565 0.9228017927156754
vn 0.024191619851427773 -0.3845147792193785 0.9228017935021782
vn 0.024191619851427773 -0.3845147792193785 0.9228017935021782
vn 0.024191619851427773 -0.3845147792193785 0.9228017935021782
vn 0.024191619851427773 -0.3845147792193785 0.9228017935021782
vn -0.07219333954313674 -0.37845075170349424 0.9228017935941986
vn -0.07219333954313674 -0.37845075170349424 0.9228017935941986
vn -0.07219333954313674 -0.37845075170349424 0.9228017935941986
vn -0.07219333954313674 -0.37845075170349424 0.9228017935941986
vn -0.1640421301991073 -0.34860727209344905 0.9228017931079802
vn -0.1640421301991073 -0.34860727209344905 0.9228017931079802
vn -0.1640421301991073 -0.34860727209344905 0.9228017931079802
vn -0.1640421301991073 -0.34860727209344905 0.9228017931079802
vn -0.24558355006614838 -0.29685950390960225 0.9228017960946179
vn -0.24558355006614838 -0.29685950390960225 0.9228017960946179
vn -0.24558355006614838 -0.29685950390960225 0.9228017960946179
vn -0.24558355006614838 -0.29685950390960225 0.9228017960946179
vn -0.31169405528973476 -0.22645898126560318 0.9228017911237414
vn -0.31169405528973476 -0.22645898126560318 0.9228017911237414
vn -0.31169405528973476 -0.22645898126560318 0.9228017911237414
vn -0.31169405528973476 -0.22645898126560318 0.9228017911237414
vn -0.35821965544402085 -0.14182919346035353 0.9228017979696141
vn -0.35821965544402085 -0.14182919346035353 0.9228017979696141
vn -0.35821965544402085 -0.14182919346035353 0.9228017979696141
vn -0.35821965544402085 -0.14182919346035353 0.9228017979696141
vn -0.6069691688494334 0.07667803652244921 0.791017639993755
vn -0.6069691688494334 0.07667803652244921 0.791017639993755
vn -0.6069691688494334 0.07667803652244921 0.791017639993755
vn -0.6069691688494334 0.07667803652244921 0.791017639993755
vn -0.568831073642928 0.22521614532844822 0.7910176341533917
vn -0.568831073642928 0.22521614532844822 0.7910176341533917
vn -0.568831073642928 0.22521614532844822 0.7910176341533917
vn -0.568831073642928 0.22521614532844822 0.7910176341533917
vn -0.49495121139145176 0.35960310190779693 0.7910176404103925
vn -0.49495121139145176 0.35960310190779693 0.7910176404103925
vn -0.49495121139145176 0.35960310190779693 0.7910176404103925
vn -0.49495121139145176 0.35960310190779693 0.7910176404103925
vn -0.3899717587447502 0.4713948616874447 0.7910176431383823
vn -0.3899717587447502 0.4713948616874447 0.7910176431383823
vn -0.3899717587447502 0.4713948616874447 0.7910176431383823
vn -0.3899717587447502 0.4713948616874447 0.7910176431383823
vn -0.2604889248543099 0.5535671657626962 0.791017643935773
vn -0.2604889248543099 0.5535671657626962 0.791017643935773
vn -0.2604889248543099 0.5535671657626962 0.791017643935773
vn -0.2604889248543099 0.5535671657626962 0.791017643935773
vn -0.11463864057229188 0.60095679285908 0.7910176453178943
vn -0.11463864057229188 0.60095679285908 0.7910176453178943
vn -0.11463864057229188 0.60095679285908 0.7910176453178943
vn -0.11463864057229188 0.60095679285908 0.7910176453178943
vn 0.038414820695648964 0.6105861014833469 0.791017644699718
vn 0.038414820695648964 0.6105861014833469 0.791017644699718
vn 0.038414820695648964 0.6105861014833469 0.791017644699718
vn 0.038414820695648964 0.6105861014833469 0.791017644699718
vn 0.18905454587164833 0.5818500430508134 0.7910176395549163
vn 0.18905454587164833 0.5818500430508134 0.7910176395549163
vn 0.18905454587164833 0.5818500430508134 0.7910176395549163
vn 0.18905454587164833 0.5818500430508134 0.7910176395549163
vn 0.3278152559653601 0.5165542230212404 0.7910176310521077
vn 0.3278152559653601 0.5165542230212404 0.7910176310521077
vn 0.3278152559653601 0.5165542230212404 0.7910176310521077
vn 0.3278152559653601 0.5165542230212404 0.7910176310521077
vn 0.44597815716276346 0.4188013602304254 0.7910176382375118
vn 0.44597815716276346 0.4188013602304254 0.7910176382375118
vn 0.44597815716276346 0.4188013602304254 0.7910176382375118
vn 0.44597815716276346 0.4188013602304254 0.7910176382375118
vn 0.5361186098080396 0.2947336939079857 0.7910176267902307
vn 0.5361186098080396 0.2947336939079857 0.7910176267902307
vn 0.5361186098080396 0.2947336939079857 0.7910176267902307
vn 0.5361186098080396 0.2947336939079857 0.7910176267902307
vn 0.5925727364457358 0.15214681311730485 0.7910176352518701
vn 0.5925727364457358 0.15214681311730485 0.7910176352518701
vn 0.5925727364457358 0.15214681311730485 0.7910176352518701
vn 0.5925727364457358 0.15214681311730485 0.7910176352518701
vn 0.6117933346548754 0 0.791017645613464
vn 0.6117933346548754 0 0.791017645613464
vn 0.6117933346548754 0 0.791017645613464
vn 0.6117933346548754 0 0.791017645613464
vn 0.5925727364457358 -0.15214681311730485 0.7910176352518701
vn 0.5925727364457358 -0.15214681311730485 0.7910176352518701
vn 0.5925727364457358 -0.15214681311730485 0.7910176352518701
vn 0.5925727364457358 -0.15214681311730485 0.7910176352518701
vn 0.5361186098080396 -0.2947336939079857 0.7910176267902307
vn 0.5361186098080396 -0.2947336939079857 0.7910176267902307
vn 0.5361186098080396 -0.2947336939079857 0.7910176267902307
vn 0.5361186098080396 -0.2947336939079857 0.7910176267902307
vn 0.44597815716276346 -0.4188013602304254 0.7910176382375118
vn 0.44597815716276346 -0.4188013602304254 0.7910176382375118
vn 0.44597815716276346 -0.4188013602304254 0.7910176382375118
vn 0.44597815716276346 -0.4188013602304254 0.7910176382375118
vn 0.3278152559653601 -0.5165542230212404 0.7910176310521077
vn 0.3278152559653601 -0.5165542230212404 0.7910176310521077
vn 0.3278152559653601 -0.5165542230212404 0.7910176310521077
vn 0.3278152559653601 -0.5165542230212404 0.7910176310521077
vn 0.18905454587164833 -0.5818500430508134 0.7910176395549163
vn 0.18905454587164833 -0.5818500430508134 0.7910176395549163
vn 0.18905454587164833 -0.5818500430508134 0.7910176395549163
vn 0.18905454587164833 -0.5818500430508134 0.7910176395549163
vn 0.038414820695648964 -0.6105861014833469 0.791017644699718
vn 0.038414820695648964 -0.6105861014833469 0.791017644699718
vn 0.038414820695648964 -0.6105861014833469 0.791017644699718
vn 0.038414820695648964 -0.6105861014833469 0.791017644699718
vn -0.11463864057229188 -0.60095679285908 0.7910176453178943
vn -0.11463864057229188 -0.60095679285908 0.7910176453178943
vn -0.11463864057229188 -0.60095679285908 0.7910176453178943
vn -0.11463864057229188 -0.60095679285908 0.7910176453178943
vn -0.2604889248543099 -0.5535671657626962 0.791017643935773
vn -0.2604889248543099 -0.5535671657626962 0.791017643935773
vn -0.2604889248543099 -0.5535671657626962 0.791017643935773
vn -0.2604889248543099 -0.5535671657626962 0.791017643935773
vn -0.3899717587447502 -0.4713948616874447 0.7910176431383823
vn -0.3899717587447502 -0.4713948616874447 0.7910176431383823
vn -0.3899717587447502 -0.4713948616874447 0.7910176431383823
vn -0.3899717587447502 -0.4713948616874447 0.7910176431383823
vn -0.49495121139145176 -0.35960310190779693 0.7910176404103925
vn -0.49495121139145176 -0.35960310190779693 0.7910176404103925
vn -0.49495121139145176 -0.35960310190779693 0.7910176404103925
vn -0.49495121139145176 -0.35960310190779693 0.7910176404103925
vn -0.568831073642928 -0.22521614532844822 0.7910176341533917
vn -0.568831073642928 -0.22521614532844822 0.7910176341533917
vn -0.568831073642928 -0.22521614532844822 0.7910176341533917
vn -0.568831073642928 -0.22521614532844822 0.7910176341533917
vn -0.9176505749223259 0.11592622777087673 0.38010331761185606
vn -0.9176505749223259 0.11592622777087673 0.38010331761185606
vn -0.9176505749223259 0.11592622777087673 0.38010331761185606
vn -0.7893985520185044 0.0997242332807607 0.6057268389031917
vn -0.7893985520185044 0.0997242332807607 0.6057268389031917
vn -0.7893985520185044 0.0997242332807607 0.6057268389031917
vn -0.7893985520185044 0.0997242332807607 0.6057268389031917
vn -0.739797754236896 0.29290663533226036 0.6057268244055066
vn -0.739797754236896 0.29290663533226036 0.6057268244055066
vn -0.739797754236896 0.29290663533226036 0.6057268244055066
vn -0.739797754236896 0.29290663533226036 0.6057268244055066
vn -0.6437127059760306 0.46768466114971025 0.6057268442873378
vn -0.6437127059760306 0.46768466114971025 0.6057268442873378
vn -0.6437127059760306 0.46768466114971025 0.6057268442873378
vn -0.6437127059760306 0.46768466114971025 0.6057268442873378
vn -0.5071808639141248 0.6130763223832236 0.6057268313459324
vn -0.5071808639141248 0.6130763223832236 0.6057268313459324
vn -0.5071808639141248 0.6130763223832236 0.6057268313459324
vn -0.5071808639141248 0.6130763223832236 0.6057268313459324
vn -0.3387809428672772 0.7199461529992761 0.6057268439911684
vn -0.3387809428672772 0.7199461529992761 0.6057268439911684
vn -0.3387809428672772 0.7199461529992761 0.6057268439911684
vn -0.3387809428672772 0.7199461529992761 0.6057268439911684
vn -0.1490941920639721 0.781579125788277 0.6057268295402011
vn -0.1490941920639721 0.781579125788277 0.6057268295402011
vn -0.1490941920639721 0.781579125788277 0.6057268295402011
vn -0.1490941920639721 0.781579125788277 0.6057268295402011
vn 0.04996070195600373 0.7941025980044263 0.6057268296044709
vn 0.04996070195600373 0.7941025980044263 0.6057268296044709
vn 0.04996070195600373 0.7941025980044263 0.6057268296044709
vn 0.04996070195600373 0.7941025980044263 0.6057268296044709
vn 0.2458763889794952 0.7567296692441435 0.6057268435755948
vn 0.2458763889794952 0.7567296692441435 0.6057268435755948
vn 0.2458763889794952 0.7567296692441435 0.6057268435755948
vn 0.2458763889794952 0.7567296692441435 0.6057268435755948
vn 0.4263427505858068 0.671808652198426 0.6057268310503198
vn 0.4263427505858068 0.671808652198426 0.6057268310503198
vn 0.4263427505858068 0.671808652198426 0.6057268310503198
vn 0.4263427505858068 0.671808652198426 0.6057268310503198
vn 0.5800204274147518 0.5446754095223655 0.6057268378099587
vn 0.5800204274147518 0.5446754095223655 0.6057268378099587
vn 0.5800204274147518 0.5446754095223655 0.6057268378099587
vn 0.5800204274147518 0.5446754095223655 0.6057268378099587
vn 0.697253277885432 0.383318240488911 0.6057268303340257
vn 0.697253277885432 0.383318240488911 0.6057268303340257
vn 0.697253277885432 0.383318240488911 0.6057268303340257
vn 0.697253277885432 0.383318240488911 0.6057268303340257
vn 0.7706751620233468 0.1978757478280028 0.605726822141629
vn 0.7706751620233468 0.1978757478280028 0.605726822141629
vn 0.7706751620233468 0.1978757478280028 0.605726822141629
vn 0.7706751620233468 0.1978757478280028 0.605726822141629
vn 0.7956726644580097 0 0.6057268452316535
vn 0.7956726644580097 0 0.6057268452316535
vn 0.7956726644580097 0 0.6057268452316535
vn 0.7956726644580097 0 0.6057268452316535
vn 0.7706751620233468 -0.1978757478280028 0.605726822141629
vn 0.7706751620233468 -0.1978757478280028 0.605726822141629
vn 0.7706751620233468 -0.1978757478280028 0.605726822141629
vn 0.7706751620233468 -0.1978757478280028 0.605726822141629
vn 0.697253277885432 -0.383318240488911 0.6057268303340257
vn 0.697253277885432 -0.383318240488911 0.6057268303340257
vn 0.697253277885432 -0.383318240488911 0.6057268303340257
vn 0.697253277885432 -0.383318240488911 0.6057268303340257
vn 0.5800204274147518 -0.5446754095223655 0.6057268378099587
vn 0.5800204274147518 -0.5446754095223655 0.6057268378099587
vn 0.5800204274147518 -0.5446754095223655 0.6057268378099587
vn 0.5800204274147518 -0.5446754095223655 0.6057268378099587
vn 0.4263427505858068 -0.671808652198426 0.6057268310503198
vn 0.4263427505858068 -0.671808652198426 0.6057268310503198
vn 0.4263427505858068 -0.671808652198426 0.6057268310503198
vn 0.4263427505858068 -0.671808652198426 0.6057268310503198
vn 0.2458763889794952 -0.7567296692441435 0.6057268435755948
vn 0.2458763889794952 -0.7567296692441435 0.6057268435755948
vn 0.2458763889794952 -0.7567296692441435 0.6057268435755948
vn 0.2458763889794952 -0.7567296692441435 0.6057268435755948
vn 0.04996070195600373 -0.7941025980044263 0.6057268296044709
vn 0.04996070195600373 -0.7941025980044263 0.6057268296044709
vn 0.04996070195600373 -0.7941025980044263 0.6057268296044709
vn 0.04996070195600373 -0.7941025980044263 0.6057268296044709
vn -0.1490941920639721 -0.781579125788277 0.6057268295402011
vn -0.1490941920639721 -0.781579125788277 0.6057268295402011
vn -0.1490941920639721 -0.781579125788277 0.6057268295402011
vn -0.1490941920639721 -0.781579125788277 0.6057268295402011
vn -0.3387809428672772 -0.7199461529992761 0.6057268439911684
vn -0.3387809428672772 -0.7199461529992761 0.6057268439911684
vn -0.3387809428672772 -0.7199461529992761 0.6057268439911684
vn -0.3387809428672772 -0.7199461529992761 0.6057268439911684
vn -0.5071808639141248 -0.6130763223832236 0.6057268313459324
vn -0.5071808639141248 -0.6130763223832236 0.6057268313459324
vn -0.5071808639141248 -0.6130763223832236 0.6057268313459324
vn -0.5071808639141248 -0.6130763223832236 0.6057268313459324
vn -0.6437127059760306 -0.46768466114971025 0.6057268442873378
vn -0.6437127059760306 -0.46768466114971025 0.6057268442873378
vn -0.6437127059760306 -0.46768466114971025 0.6057268442873378
vn -0.6437127059760306 -0.46768466114971025 0.6057268442873378
vn -0.739797754236896 -0.29290663533226036 0.6057268244055066
vn -0.739797754236896 -0.29290663533226036 0.6057268244055066
vn -0.739797754236896 -0.29290663533226036 0.6057268244055066
vn -0.739797754236896 -0.29290663533226036 0.6057268244055066
vn -0.8599912099628843 0.34049460970688833 0.3801033274612684
vn -0.8599912099628843 0.34049460970688833 0.3801033274612684
vn -0.8599912099628843 0.34049460970688833 0.3801033274612684
vn -0.9176505749223259 0.11592622777087673 0.38010331761185606
vn -0.8599912099628843 0.34049460970688833 0.3801033274612684
vn -0.7482954408604982 0.5436684594539162 0.38010332724457757
vn -0.7482954408604982 0.5436684594539162 0.38010332724457757
vn -0.7482954408604982 0.5436684594539162 0.38010332724457757
vn -0.7482954408604982 0.5436684594539162 0.38010332724457757
vn -0.5895814888383185 0.7126816502394422 0.3801033194161518
vn -0.5895814888383185 0.7126816502394422 0.3801033194161518
vn -0.5895814888383185 0.7126816502394422 0.3801033194161518
vn -0.5895814888383185 0.7126816502394422 0.3801033194161518
vn -0.3938220222853077 0.8369143774252502 0.38010332755977877
vn -0.3938220222853077 0.8369143774252502 0.38010332755977877
vn -0.3938220222853077 0.8369143774252502 0.38010332755977877
vn -0.3938220222853077 0.8369143774252502 0.38010332755977877
vn -0.1733172207108462 0.9085607367412754 0.3801033131363354
vn -0.1733172207108462 0.9085607367412754 0.3801033131363354
vn -0.1733172207108462 0.9085607367412754 0.3801033131363354
vn -0.1733172207108462 0.9085607367412754 0.3801033131363354
vn 0.0580777142150307 0.9231188714942312 0.3801033125385442
vn 0.0580777142150307 0.9231188714942312 0.3801033125385442
vn 0.0580777142150307 0.9231188714942312 0.3801033125385442
vn 0.0580777142150307 0.9231188714942312 0.3801033125385442
vn 0.28582342725227405 0.8796740544468178 0.3801033101235254
vn 0.28582342725227405 0.8796740544468178 0.3801033101235254
vn 0.28582342725227405 0.8796740544468178 0.3801033101235254
vn 0.28582342725227405 0.8796740544468178 0.3801033101235254
vn 0.4956097872275705 0.7809560849912724 0.38010331769052835
vn 0.4956097872275705 0.7809560849912724 0.38010331769052835
vn 0.4956097872275705 0.7809560849912724 0.38010331769052835
vn 0.4956097872275705 0.7809560849912724 0.38010331769052835
vn 0.674255195737707 0.6331677469300373 0.3801033218326915
vn 0.674255195737707 0.6331677469300373 0.3801033218326915
vn 0.674255195737707 0.6331677469300373 0.3801033218326915
vn 0.674255195737707 0.6331677469300373 0.3801033218326915
vn 0.8105346469499752 0.4455951700262645 0.38010331561687705
vn 0.8105346469499752 0.4455951700262645 0.38010331561687705
vn 0.8105346469499752 0.4455951700262645 0.38010331561687705
vn 0.8105346469499752 0.4455951700262645 0.38010331561687705
vn 0.8958852176863171 0.23002423052713877 0.3801033150362384
vn 0.8958852176863171 0.23002423052713877 0.3801033150362384
vn 0.8958852176863171 0.23002423052713877 0.3801033150362384
vn 0.8958852176863171 0.23002423052713877 0.3801033150362384
vn 0.9249440354072715 0 0.3801033166975949
vn 0.9249440354072715 0 0.3801033166975949
vn 0.9249440354072715 0 0.3801033166975949
vn 0.9249440354072715 0 0.3801033166975949
vn 0.8958852176863171 -0.23002423052713877 0.3801033150362384
vn 0.8958852176863171 -0.23002423052713877 0.3801033150362384
vn 0.8958852176863171 -0.23002423052713877 0.3801033150362384
vn 0.8958852176863171 -0.23002423052713877 0.3801033150362384
vn 0.8105346469499752 -0.4455951700262645 0.38010331561687705
vn 0.8105346469499752 -0.4455951700262645 0.38010331561687705
vn 0.8105346469499752 -0.4455951700262645 0.38010331561687705
vn 0.8105346469499752 -0.4455951700262645 0.38010331561687705
vn 0.674255195737707 -0.6331677469300373 0.3801033218326915
vn 0.674255195737707 -0.6331677469300373 0.3801033218326915
vn 0.674255195737707 -0.6331677469300373 0.3801033218326915
vn 0.674255195737707 -0.6331677469300373 0.3801033218326915
vn 0.4956097872275705 -0.7809560849912724 0.38010331769052835
vn 0.4956097872275705 -0.7809560849912724 0.38010331769052835
vn 0.4956097872275705 -0.7809560849912724 0.38010331769052835
vn 0.4956097872275705 -0.7809560849912724 0.38010331769052835
vn 0.28582342725227405 -0.8796740544468178 0.3801033101235254
vn 0.28582342725227405 -0.8796740544468178 0.3801033101235254
vn 0.28582342725227405 -0.8796740544468178 0.3801033101235254
vn 0.28582342725227405 -0.8796740544468178 0.3801033101235254
vn 0.0580777142150307 -0.9231188714942312 0.3801033125385442
vn 0.0580777142150307 -0.9231188714942312 0.3801033125385442
vn 0.0580777142150307 -0.9231188714942312 0.3801033125385442
vn 0.0580777142150307 -0.9231188714942312 0.3801033125385442
vn -0.1733172207108462 -0.9085607367412754 0.3801033131363354
vn -0.1733172207108462 -0.9085607367412754 0.3801033131363354
vn -0.1733172207108462 -0.9085607367412754 0.3801033131363354
vn -0.1733172207108462 -0.9085607367412754 0.3801033131363354
vn -0.3938220222853077 -0.8369143774252502 0.38010332755977877
vn -0.3938220222853077 -0.8369143774252502 0.38010332755977877
vn -0.3938220222853077 -0.8369143774252502 0.38010332755977877
vn -0.3938220222853077 -0.8369143774252502 0.38010332755977877
vn -0.5895814888383185 -0.7126816502394422 0.3801033194161518
vn -0.5895814888383185 -0.7126816502394422 0.3801033194161518
vn -0.5895814888383185 -0.7126816502394422 0.3801033194161518
vn -0.5895814888383185 -0.7126816502394422 0.3801033194161518
vn -0.7482954408604982 -0.5436684594539162 0.38010332724457757
vn -0.7482954408604982 -0.5436684594539162 0.38010332724457757
vn -0.7482954408604982 -0.5436684594539162 0.38010332724457757
vn -0.7482954408604982 -0.5436684594539162 0.38010332724457757
vn -0.8599912099628843 -0.34049460970688833 0.3801033274612684
vn -0.8599912099628843 -0.34049460970688833 0.3801033274612684
vn -0.8599912099628843 -0.34049460970688833 0.3801033274612684
vn -0.8599912099628843 -0.34049460970688833 0.3801033274612684
vn 0 0 1
vn 0 0 1
vn 0 0 1
vn 0 0 1
vn 0 0 1
vn 0 0 1
vn 0 0 1
vn 0 0 1
vn 0 0 1
vn 0 0 1
vn 0 0 1
vn 0 0 1
vn 0 0 1
vn 0 0 1
vn 0 0 1
vn 0 0 1
vn 0 0 1
vn 0 0 1
vn 0 0 1
vn 0 0 1
vn 0 0 1
vn 0 0 1
vn 0 0 1
vn 0 0 1
vn 0 0 1
vn 0 0 1
vn 0 0 1
vn 0 0 1
vn 0 0 1
vn 0 0 1
vn 0 0 1
vn 0 0 1
vn 0 0 1
vn 0 0 1
vn 0 0 1
vn 0 0 1
vn 0 0 1
vn 0 0 1
vn 0 0 1
vn 0 0 1
vn 0 0 1
vn 0 0 1
vn 0 0 1
vn 0 0 1
vn 0 0 1
vn 0 0 1
vn 0 0 1
vn 0 0 1
vn 0 0 1
vn 0 0 1
vn 0 0 1
vn 0 0 1
vn 0 0 1
vn 0 0 1
vn 0 0 1
vn 0 0 1
vn 0 0 1
vn 0 0 1
vn 0 0 1
vn 0 0 1
vn 0 0 1
vn 0 0 1
vn 0 0 1
vn 0 0 1
vn 0 0 1
vn 0 0 1
vn 0 0 1
vn 0 0 1
vn 0 0 1
vn 0 0 1
vn 0 0 1
vn 0 0 1
vn 0 0 1
vn 0 0 1
vn 0 0 1
vn 0 0 1
vn 0 0 1
vn 0 0 1
vn 0 0 1
vn 0 0 1
vn 0 0 1
vn 0 0 1
vn 0 0 1
vn 0 0 1
vn 0 0 1
vn 0 0 1
vn 0 0 1
vn 0 0 1
vn 0 0 1
vn 0 0 1
vn 0 0 1
vn 0 0 1
vn 0 0 1
vn 0 0 1
vn 0 0 1
vn 0 0 1
vn 0 0 1
vn 0 0 1
vn 0 0 1
vn 0 0 1
vn 0 0 1
vn 0 0 1
vn 0 0 1
vn 0 0 1
vn 0 0 1
vn 0 0 1
vn 0 0 1
vn 0 0 1
vn 0 0 1
vn 0 0 1
vn 0 0 1
vn 0 0 1
vn 0 0 1
vn 0 0 1
vn 0 0 1
vn 0 0 1
vn 0 0 1
vn 0 0 1
vn 0 0 1
vn 0 0 1
vn 0 0 1
vn 0 0 1
vn 0 0 1
vn 0 0 1
vn 0 0 1
vn 0 0 1
vn 0 0 1
vn 0 0 1
vn 0 0 1
vn 0 0 1
vn 0 0 1
vn 0 0 1
vn 0 0 1
vn 0 0 1
vn 0 0 1
vn 0 0 1
vn 0 0 1
vn 0 0 1
vn 0 0 1
vn 0 0 1
vn 0 0 1
vn 0 0 1
vn 0 0 1
vn 0 0 1
vn 0 0 1
vn 0 0 1
vn 0 0 1
vn 0 0 1
vn 0 0 1
vn 0 0 1
vn 0 0 1
vn 0 0 1
vn 0 0 1
vn 0 0 1
vn 0 0 1
vn 0 0 1
vn 0 0 1
vn 0 0 1
vn 0 0 1
vn 0 0 1
vn 0 0 1
vn 0 0 1
vn 0 0 1
vn 0 0 1
vn 0 0 1
vn 0 0 1
vn 0 0 1
vn 0 0 1
vn 0 0 1
vn 0 0 1
vn 0 0 1
vn 0 0 1
vn 0 0 1
vn 0 0 1
vn 0 0 1
vn 0 0 1
vn 0 0 1
vn 0 0 1
vn 0 0 1
vn 0 0 1
vn 0 0 1
vn 0 0 1
vn 0 0 1
vn 0 0 1
vn 0 0 1
vn 0 0 1
vn 0 0 1
vn 0 0 1
vn 0 0 1
vn 0 0 1
vn 0 0 1
vn 0 0 1
vn 0 0 1
vn 0 0 1
vn 0 0 1
vn 0 0 1
vn 0 0 1
vn 0 0 1
vn 0 0 1
vn 0 0 1
vn 0 0 1
vn 0 0 1
vn 0 0 1
vn 0 0 1
vn 0 0 1
vn 0 0 1
vn 0 0 1
vn 0 0 1
vn 0 0 1
vn 0 0 1
vn 0 0 1
vn 0 0 1
vn 0 0 1
vn 0 0 1
vn 0 0 1
vn 0 0 1
vn 0 0 1
vn 0 0 1
vn 0 0 1
vn 0 0 1
vn 0 0 1
vn 0 0 1
vn 0 0 1
vn 0 0 1
vn 0 0 1
vn 0 0 1
vn 0 0 1
vn 0 0 1
vn 0 0 1
vn 0 0 1
vn 0 0 1
vn 0 0 1
vn 0 0 1
vn 0 0 1
vn 0 0 1
vn 0 0 1
vn 0 0 1
vn 0 0 1
vn 0 0 1
vn 0 0 1
vn 0 0 1
vn 0 0 1
vn 0 0 1
vn 0 0 1
vn 0 0 1
vn 0 0 1
vn 0 0 1
vn 0 0 1
vn 0 0 1
vn 0 0 1
vn 0 0 1
vn 0 0 1
vn 0 0 1
vn 0 0 1
vn 0 0 1
vn 0 0 1
vn 0 0 1
vn 0 0 1
vn 0 0 1
vn 0 0 1
vn 0 0 1
vn 0 0 1
vn 0 0 1
vn 0 0 1
vn 0 0 1
vn 0 0 1
vn 0 0 1
vn 0 0 1
vn 0 0 1
vn 0 0 1
vn 0 0 1
vn 0 0 1
vn 0 0 1
vn 0 0 1
vn 0 0 1
vn 0 0 1
vn 0 0 1
vn 0 0 1
vn 0 0 1
vn 0 0 1
vn 0 0 1
vn 0 0 1
vn 0 0 1
vn 0 0 1
vn 0 0 1
vn 0 0 1
vn 0 0 1
vn 0 0 1
vn 0 0 1
vn 0 0 1
vn 0 0 1
vn 0 0 1
vn 0 0 1
vn 0 0 1
vn 0 0 1
vn 0 0 1
vn 0 0 1
vn 0 0 1
vn 0 0 1
vn 0 0 1
vn 0 0 1
vn 0 0 1
vn 0 0 1
vn 0 0 1
vn 0 0 1
vn 0 0 1
vn 0 0 1
vn 0 0 1
vn 0 0 1
vn 0 0 1
vn 0 0 1
vn 0 0 1
vn 0 0 1
vn 0 0 1
vn 0 0 1
vn 0 0 1
vn 0 0 1
vn 0 0 1
vn 0 0 1
vn 1 1.366428388903615e-16 0
vn 1 1.366428388903615e-16 0
vn 1 1.366428388903615e-16 0
vn 1 0 -7.10542746348012e-16
vn 1 0 -7.10542746348012e-16
vn 1 0 -7.10542746348012e-16
vn 0 1 1.421085492696024e-15
vn 0 1 1.421085492696024e-15
vn 0 1 1.421085492696024e-15
vn 0 1 1.421085492696024e-15
vn -1 0 0
vn -1 0 0
vn -1 0 0
vn -1 0 0
vn 0 1 1.421085492696024e-15
vn 0 1 1.421085492696024e-15
vn 0 1 1.421085492696024e-15
vn 0 1 1.421085492696024e-15
vn 1 0 0
vn 1 0 0
vn 1 0 0
vn 1 0 0
vn 0 -1 0
vn 0 -1 0
vn 0 -1 0
vn 0 -1 0
vn -1 -2.537652741156556e-16 0
vn -1 -2.537652741156556e-16 0
vn -1 -2.537652741156556e-16 0
vn -1 -2.537652741156556e-16 -1.8031106505808357e-31
vn -1 -2.537652741156556e-16 -1.8031106505808357e-31
vn -1 -2.537652741156556e-16 -1.8031106505808357e-31
vn 1.77635686587003e-16 1 1.77635686587003e-16
vn 1.77635686587003e-16 1 1.77635686587003e-16
vn 1.77635686587003e-16 1 1.77635686587003e-16
vn 2.664535364979494e-16 1 0
vn 2.664535364979494e-16 1 0
vn 2.664535364979494e-16 1 0
vn -1 0 0
vn -1 0 0
vn -1 0 0
vn -1 0 0
vn -3.55271373174006e-16 -1 0
vn -3.55271373174006e-16 -1 0
vn -3.55271373174006e-16 -1 0
vn -3.55271373174006e-16 -1 0
vn -1 -1.973729836261267e-16 0
vn -1 -1.973729836261267e-16 0
vn -1 -1.973729836261267e-16 0
vn -1 -1.973729836261267e-16 0
vn -6.459479608508399e-16 1 0
vn -6.459479608508399e-16 1 0
vn -6.459479608508399e-16 1 0
vn -6.459479608508399e-16 1 0
vn 1 0 0
vn 1 0 0
vn 1 0 0
vn 1 0 0
vn 7.10542746348012e-16 -1 0
vn 7.10542746348012e-16 -1 0
vn 7.10542746348012e-16 -1 0
vn 7.10542746348012e-16 -1 0
vn 1 4.440892098500626e-16 0
vn 1 4.440892098500626e-16 0
vn 1 4.440892098500626e-16 0
vn 1 4.440892098500626e-16 0
vn 0 1 0
vn 0 1 0
vn 0 1 0
vn 0 1 0
vn 1 0 0
vn 1 0 0
vn 1 0 0
vn 1 0 0
vn 0 -1 0
vn 0 -1 0
vn 0 -1 0
vn 0 -1 0
vn 1 0 0
vn 1 0 0
vn 1 0 0
vn 1 0 0
vn 0 -1 3.55271373174006e-16
vn 0 -1 3.55271373174006e-16
vn 0 -1 3.55271373174006e-16
vn 0 -1 3.55271373174006e-16
vn -1 0 0
vn -1 0 0
vn -1 0 0
vn -1 0 0
vn 0 -1 0
vn 0 -1 0
vn 0 -1 0
vn 0 -1 0
vn 0 1 0
vn 0 1 0
vn 0 1 0
vn 0 1 0
vn 1 -9.473903637570555e-16 0
vn 1 -9.473903637570555e-16 0
vn 1 -9.473903637570555e-16 0
vn 1 -9.473903637570555e-16 0
vn 0 -1 0
vn 0 -1 0
vn 0 -1 0
vn 0 -1 0
vn -1 0 1.421085492696024e-15
vn -1 0 1.421085492696024e-15
vn -1 0 1.421085492696024e-15
vn -1 0 1.421085492696024e-15
vn 0 -1 0
vn 0 -1 0
vn 0 -1 0
vn 0 -1 0
vn -1 0 -3.55271373174006e-16
vn -1 0 -3.55271373174006e-16
vn -1 0 -3.55271373174006e-16
vn -1 0 -3.55271373174006e-16
vn 0 1 0
vn 0 1 0
vn 0 1 0
vn 0 1 0
vn 1 0 0
vn 1 0 0
vn 1 0 0
vn 1 0 0
vn 1.421085492696024e-15 -1 0
vn 1.421085492696024e-15 -1 0
vn 1.421085492696024e-15 -1 0
vn 1.421085492696024e-15 -1 0
vn 1 0 0
vn 1 0 0
vn 1 0 0
vn 1 0 0
vn 0 -1 0
vn 0 -1 0
vn 0 -1 0
vn 0 -1 0
vn -1 0 0
vn -1 0 0
vn -1 0 0
vn -1 0 0
vn -7.10542746348012e-16 1 0
vn -7.10542746348012e-16 1 0
vn -7.10542746348012e-16 1 0
vn -7.10542746348012e-16 1 0
vn -1 0 0
vn -1 0 0
vn -1 0 0
vn -1 0 0
vn 1 0 0
vn 1 0 0
vn 1 0 0
vn 1 0 0
vn 0 -1 0
vn 0 -1 0
vn 0 -1 0
vn 0 -1 0
vn -1 0 0
vn -1 0 0
vn -1 0 0
vn -1 0 0
vn -7.10542746348012e-16 1 0
vn -7.10542746348012e-16 1 0
vn -7.10542746348012e-16 1 0
vn -7.10542746348012e-16 1 0
vn -1 -5.921189773481597e-17 0
vn -1 -5.921189773481597e-17 0
vn -1 -5.921189773481597e-17 0
vn -1 -5.921189773481597e-17 0
vn 0 1 0
vn 0 1 0
vn 0 1 0
vn 0 1 0
vn 1 0 0
vn 1 0 0
vn 1 0 0
vn 1 0 0
vn 0 -1 0
vn 0 -1 0
vn 0 -1 0
vn 0 -1 0
vn -1 0 0
vn -1 0 0
vn -1 0 0
vn -1 0 0
vn 0 -1 0
vn 0 -1 0
vn 0 -1 0
vn 0 -1 0
vn 1 5.921189773481597e-17 0
vn 1 5.921189773481597e-17 0
vn 1 5.921189773481597e-17 0
vn 1 5.921189773481597e-17 0
vn 7.10542746348012e-16 -1 0
vn 7.10542746348012e-16 -1 0
vn 7.10542746348012e-16 -1 0
vn 7.10542746348012e-16 -1 0
vn 1.2250736777812452e-16 1 0
vn 1.2250736777812452e-16 1 0
vn 1.2250736777812452e-16 1 0
vn 0 1 7.10542746348012e-16
vn 0 1 7.10542746348012e-16
vn 0 1 7.10542746348012e-16
vn 1 0 0
vn 1 0 0
vn 1 0 0
vn 1 0 0
vn 0 -1 3.55271373174006e-16
vn 0 -1 3.55271373174006e-16
vn 0 -1 3.55271373174006e-16
vn 0 -1 3.55271373174006e-16
vn 1 0 0
vn 1 0 0
vn 1 0 0
vn 1 0 0
vn 0 -1 0
vn 0 -1 0
vn 0 -1 0
vn 0 -1 0
vn -1 8.88178432935015e-17 1.77635686587003e-16
vn -1 8.88178432935015e-17 1.77635686587003e-16
vn -1 8.88178432935015e-17 1.77635686587003e-16
vn -1 1.77635686587003e-16 -6.310887100708772e-32
vn -1 1.77635686587003e-16 -6.310887100708772e-32
vn -1 1.77635686587003e-16 -6.310887100708772e-32
vn -9.349246592816528e-17 -1 3.55271373174006e-16
vn -9.349246592816528e-17 -1 3.55271373174006e-16
vn -9.349246592816528e-17 -1 3.55271373174006e-16
vn -1.8698493185633055e-16 -1 0
vn -1.8698493185633055e-16 -1 0
vn -1.8698493185633055e-16 -1 0
vn 1 0 0
vn 1 0 0
vn 1 0 0
vn 1 0 0
vn 0 1 1.421085492696024e-15
vn 0 1 1.421085492696024e-15
vn 0 1 1.421085492696024e-15
vn 0 1 1.421085492696024e-15
vn 1 0 -4.440892164675075e-17
vn 1 0 -4.440892164675075e-17
vn 1 0 -4.440892164675075e-17
vn 1 0 -4.440892164675075e-17
vn 0 -1 0
vn 0 -1 0
vn 0 -1 0
vn 0 -1 0
vn 1 0 0
vn 1 0 0
vn 1 0 0
vn 1 0 0
vn 0 1 1.421085492696024e-15
vn 0 1 1.421085492696024e-15
vn 0 1 1.421085492696024e-15
vn 0 1 1.421085492696024e-15
vn 1 0 0
vn 1 0 0
vn 1 0 0
vn 1 0 0
vn 0 -1 0
vn 0 -1 0
vn 0 -1 0
vn 0 -1 0
vn -1 -3.55271373174006e-16 0
vn -1 -3.55271373174006e-16 0
vn -1 -3.55271373174006e-16 0
vn -1 -3.55271373174006e-16 3.3658066104439254e-31
vn -1 -3.55271373174006e-16 3.3658066104439254e-31
vn -1 -3.55271373174006e-16 3.3658066104439254e-31
vn 0 -1 7.10542746348012e-16
vn 0 -1 7.10542746348012e-16
vn 0 -1 7.10542746348012e-16
vn 0 -1 7.10542746348012e-16
vn 1 0 0
vn 1 0 0
vn 1 0 0
vn 1 0 0
vn 0 -1 0
vn 0 -1 0
vn 0 -1 0
vn 0 -1 0
vn -1 0 0
vn -1 0 0
vn -1 0 0
vn -1 0 0
vn 0 1 7.10542746348012e-16
vn 0 1 7.10542746348012e-16
vn 0 1 7.10542746348012e-16
vn 0 1 7.10542746348012e-16
vn -1 0 0
vn -1 0 0
vn -1 0 0
vn -1 0 0
vn 0 1 -3.55271373174006e-16
vn 0 1 -3.55271373174006e-16
vn 0 1 -3.55271373174006e-16
vn 0 1 -3.55271373174006e-16
vn 1 0 0
vn 1 0 0
vn 1 0 0
vn 1 0 0
vn 0 1 7.10542746348012e-16
vn 0 1 7.10542746348012e-16
vn 0 1 7.10542746348012e-16
vn 0 1 7.10542746348012e-16
vn -1 1.8376105828463168e-16 1.3057008037775602e-31
vn -1 1.8376105828463168e-16 1.3057008037775602e-31
vn -1 1.8376105828463168e-16 1.3057008037775602e-31
vn -1 1.8376105828463168e-16 0
vn -1 1.8376105828463168e-16 0
vn -1 1.8376105828463168e-16 0
vn 6.459479608508399e-16 1 0
vn 6.459479608508399e-16 1 0
vn 6.459479608508399e-16 1 0
vn 6.459479608508399e-16 1 0
vn 1 0 -8.88178432935015e-17
vn 1 0 -8.88178432935015e-17
vn 1 0 -8.88178432935015e-17
vn 1 0 -8.88178432935015e-17
vn -1.421085492696024e-15 -1 1.2621774201417545e-31
vn -1.421085492696024e-15 -1 1.2621774201417545e-31
vn -1.421085492696024e-15 -1 1.2621774201417545e-31
vn -1.421085492696024e-15 -1 0
vn -1.421085492696024e-15 -1 0
vn -1.421085492696024e-15 -1 0
vn 1 0 0
vn 1 0 0
vn 1 0 0
vn 1 0 0
vn 1 0 0
vn 1 0 0
vn 1 0 0
vn 1 0 0
vn 0 1 0
vn 0 1 0
vn 0 1 0
vn 0 1 0
vn 1 0 0
vn 1 0 0
vn 1 0 0
vn 1 0 0
vn -2.7755575615628914e-16 1 -2.220446049250313e-16
vn -2.7755575615628914e-16 1 -2.220446049250313e-16
vn -2.7755575615628914e-16 1 -2.220446049250313e-16
vn -5.551115123125783e-16 1 0
vn -5.551115123125783e-16 1 0
vn -5.551115123125783e-16 1 0
vn -1 4.1796631671004597e-16 0
vn -1 4.1796631671004597e-16 0
vn -1 4.1796631671004597e-16 0
vn -1 1.973729836261267e-16 -1.5000346808525188e-15
vn -1 1.973729836261267e-16 -1.5000346808525188e-15
vn -1 1.973729836261267e-16 -1.5000346808525188e-15
vn -1 -7.105427357601002e-15 1.421085492696024e-15
vn -1 -7.105427357601002e-15 1.421085492696024e-15
vn -1 -7.105427357601002e-15 1.421085492696024e-15
vn 0 -1 0
vn 0 -1 0
vn 0 -1 0
vn 0 -1 0
vn 0 -1 0
vn 1 0 0
vn 1 0 0
vn 1 0 0
vn 1 0 0
vn 0 1 0
vn 0 1 0
vn 0 1 0
vn 0 1 0
vn 1 0 0
vn 1 0 0
vn 1 0 0
vn 1 0 0
vn 0 1 0
vn 0 1 0
vn 0 1 0
vn 0 1 0
vn 1 0 -7.10542746348012e-16
vn 1 0 -7.10542746348012e-16
vn 1 0 -7.10542746348012e-16
vn 1 0 -7.10542746348012e-16
vn 0 1 0
vn 0 1 0
vn 0 1 0
vn 0 1 0
vn 1 0 0
vn 1 0 0
vn 1 0 0
vn 1 0 0
vn 0 -1 0
vn 0 -1 0
vn 0 -1 0
vn 0 -1 0
vn 1 0 -7.10542746348012e-16
vn 1 0 -7.10542746348012e-16
vn 1 0 -7.10542746348012e-16
vn 1 0 -7.10542746348012e-16
vn 2.220446049250313e-16 1 -1.5777218339519106e-31
vn 2.220446049250313e-16 1 -1.5777218339519106e-31
vn 2.220446049250313e-16 1 -1.5777218339519106e-31
vn 0 1 2.220446049250313e-16
vn 0 1 2.220446049250313e-16
vn 0 1 2.220446049250313e-16
vn 1 -1.77635686587003e-16 -3.9443045848797766e-32
vn 1 -1.77635686587003e-16 -3.9443045848797766e-32
vn 1 -1.77635686587003e-16 -3.9443045848797766e-32
vn 1 -3.55271373174006e-16 -7.10542746348012e-16
vn 1 -3.55271373174006e-16 -7.10542746348012e-16
vn 1 -3.55271373174006e-16 -7.10542746348012e-16
vn 3.552713678800501e-15 1 -2.524354934323057e-30
vn 3.552713678800501e-15 1 -2.524354934323057e-30
vn 3.552713678800501e-15 1 -2.524354934323057e-30
vn 3.552713678800501e-15 1 0
vn 3.552713678800501e-15 1 0
vn 3.552713678800501e-15 1 0
vn 1 3.875687765105039e-15 0
vn 1 3.875687765105039e-15 0
vn 1 3.875687765105039e-15 0
vn 1 3.875687765105039e-15 0
vn 0 -1 0
vn 0 -1 0
vn 0 -1 0
vn 0 -1 0
vn -1 0 0
vn -1 0 0
vn -1 0 0
vn -1 0 0
vn 0 1 1.421085492696024e-15
vn 0 1 1.421085492696024e-15
vn 0 1 1.421085492696024e-15
vn 0 1 1.421085492696024e-15
vn -1 0 1.421085492696024e-15
vn -1 0 1.421085492696024e-15
vn -1 0 1.421085492696024e-15
vn -1 0 1.421085492696024e-15
vn 2.53765247645876e-16 -1 -3.6062210660628012e-31
vn 2.53765247645876e-16 -1 -3.6062210660628012e-31
vn 2.53765247645876e-16 -1 -3.6062210660628012e-31
vn 0 -1 -7.10542746348012e-16
vn 0 -1 -7.10542746348012e-16
vn 0 -1 -7.10542746348012e-16
vn -1 0 0
vn -1 0 0
vn -1 0 0
vn -1 0 0
vn -1.5789836572507768e-15 1 1.421085492696024e-15
vn -1.5789836572507768e-15 1 1.421085492696024e-15
vn -1.5789836572507768e-15 1 1.421085492696024e-15
vn -7.894918286253884e-16 1 1.1219354427750937e-30
vn -7.894918286253884e-16 1 1.1219354427750937e-30
vn -7.894918286253884e-16 1 1.1219354427750937e-30
vn -1 1.8698493185633055e-16 1.421085492696024e-15
vn -1 1.8698493185633055e-16 1.421085492696024e-15
vn -1 1.8698493185633055e-16 1.421085492696024e-15
vn -1 5.609547690992121e-16 5.314431589163617e-31
vn -1 5.609547690992121e-16 5.314431589163617e-31
vn -1 5.609547690992121e-16 5.314431589163617e-31
vn 8.88178432935015e-17 -1 -2.664535364979494e-16
vn 8.88178432935015e-17 -1 -2.664535364979494e-16
vn 8.88178432935015e-17 -1 -2.664535364979494e-16
vn 4.440892098500626e-16 -1 8.88178432935015e-17
vn 4.440892098500626e-16 -1 8.88178432935015e-17
vn 4.440892098500626e-16 -1 8.88178432935015e-17
vn -1 0 0
vn -1 0 0
vn -1 0 0
vn -1 0 0
vn 0 -1 0
vn 0 -1 0
vn 0 -1 0
vn 0 -1 0
vn -0.9999999999999998 -2.6077032089233392e-8 -7.105427463480118e-16
vn -0.9999999999999998 -2.6077032089233392e-8 -7.105427463480118e-16
vn -0.9999999999999998 -2.6077032089233392e-8 -7.105427463480118e-16
vn -0.9999999999999998 -2.6077032089233392e-8 -7.105427463480118e-16
vn 0 -1 0
vn 0 -1 0
vn 0 -1 0
vn 0 -1 0
vn 1 1.77635686587003e-16 0
vn 1 1.77635686587003e-16 0
vn 1 1.77635686587003e-16 0
vn 1 0 -3.55271373174006e-16
vn 1 0 -3.55271373174006e-16
vn 1 0 -3.55271373174006e-16
vn 0 -1 0
vn 0 -1 0
vn 0 -1 0
vn 0 -1 0
vn 1 -1.4802974102831747e-16 -2.664535364979494e-16
vn 1 -1.4802974102831747e-16 -2.664535364979494e-16
vn 1 -1.4802974102831747e-16 -2.664535364979494e-16
vn 1 0 0
vn 1 0 0
vn 1 0 0
vn 0 1 0
vn 0 1 0
vn 0 1 0
vn 0 1 0
vn 1 0 3.55271373174006e-16
vn 1 0 3.55271373174006e-16
vn 1 0 3.55271373174006e-16
vn 1 0 3.55271373174006e-16
vn 0 -1 -2.220446049250313e-16
vn 0 -1 -2.220446049250313e-16
vn 0 -1 -2.220446049250313e-16
vn 0 -1 -2.220446049250313e-16
vn -1 0 7.10542746348012e-16
vn -1 0 7.10542746348012e-16
vn -1 0 7.10542746348012e-16
vn -1 0 7.10542746348012e-16
vn 0 -1 0
vn 0 -1 0
vn 0 -1 0
vn 0 -1 0
vn 1 2.2024013675617758e-14 2.664535364979494e-16
vn 1 2.2024013675617758e-14 2.664535364979494e-16
vn 1 2.2024013675617758e-14 2.664535364979494e-16
vn 1 1.3765008759019336e-14 -2.664535364979494e-16
vn 1 1.3765008759019336e-14 -2.664535364979494e-16
vn 1 1.3765008759019336e-14 -2.664535364979494e-16
vn 0.5510063097436929 0.834501076465835 -1.4681756873592941e-16
vn 0.5510063097436929 0.834501076465835 -1.4681756873592941e-16
vn 0.5510063097436929 0.834501076465835 -1.4681756873592941e-16
vn 0.5510063097436929 0.834501076465835 -2.643276390715143e-16
vn 0.5510063097436929 0.834501076465835 -2.643276390715143e-16
vn 0.5510063097436929 0.834501076465835 -2.643276390715143e-16
vn 0.6591868514045529 0.7519791851742652 8.58410930618245e-17
vn 0.6591868514045529 0.7519791851742652 8.58410930618245e-17
vn 0.6591868514045529 0.7519791851742652 8.58410930618245e-17
vn 0.6591868514045529 0.7519791851742652 -2.183576198482085e-16
vn 0.6591868514045529 0.7519791851742652 -2.183576198482085e-16
vn 0.6591868514045529 0.7519791851742652 -2.183576198482085e-16
vn 0.7551639193501168 0.6555360058088118 -2.7959217976323017e-17
vn 0.7551639193501168 0.6555360058088118 -2.7959217976323017e-17
vn 0.7551639193501168 0.6555360058088118 -2.7959217976323017e-17
vn 0.7551639193501168 0.6555360058088118 -2.2985012286629736e-16
vn 0.7551639193501168 0.6555360058088118 -2.2985012286629736e-16
vn 0.7551639193501168 0.6555360058088118 -2.2985012286629736e-16
vn 0.8371607408097412 0.5469569398470827 6.937664834600506e-17
vn 0.8371607408097412 0.5469569398470827 6.937664834600506e-17
vn 0.8371607408097412 0.5469569398470827 6.937664834600506e-17
vn 0.8371607408097412 0.5469569398470827 -3.33282678952693e-16
vn 0.8371607408097412 0.5469569398470827 -3.33282678952693e-16
vn 0.8371607408097412 0.5469569398470827 -3.33282678952693e-16
vn 0.9036592889692273 0.42825213304737964 -1.7342930866769754e-16
vn 0.9036592889692273 0.42825213304737964 -1.7342930866769754e-16
vn 0.9036592889692273 0.42825213304737964 -1.7342930866769754e-16
vn 0.9036592889692273 0.42825213304737964 -1.379100803296353e-16
vn 0.9036592889692273 0.42825213304737964 -1.379100803296353e-16
vn 0.9036592889692273 0.42825213304737964 -1.379100803296353e-16
vn 0.9534285036587712 0.3016191114816773 1.725593877778144e-17
vn 0.9534285036587712 0.3016191114816773 1.725593877778144e-17
vn 0.9534285036587712 0.3016191114816773 1.725593877778144e-17
vn 0.9534285036587712 0.3016191114816773 -2.41342635163562e-16
vn 0.9534285036587712 0.3016191114816773 -2.41342635163562e-16
vn 0.9534285036587712 0.3016191114816773 -2.41342635163562e-16
vn 0.9855469909110554 0.16940226889320112 -5.814382137767546e-17
vn 0.9855469909110554 0.16940226889320112 -5.814382137767546e-17
vn 0.9855469909110554 0.16940226889320112 -5.814382137767546e-17
vn 0.9855469909110554 0.16940226889320112 -2.2410387090801374e-16
vn 0.9855469909110554 0.16940226889320112 -2.2410387090801374e-16
vn 0.9855469909110554 0.16940226889320112 -2.2410387090801374e-16
vn 0.9994201544081046 0.03404930194409656 -4.5362782788900126e-17
vn 0.9994201544081046 0.03404930194409656 -4.5362782788900126e-17
vn 0.9994201544081046 0.03404930194409656 -4.5362782788900126e-17
vn 0.9994201544081046 0.03404930194409656 -2.1835761355336017e-16
vn 0.9994201544081046 0.03404930194409656 -2.1835761355336017e-16
vn 0.9994201544081046 0.03404930194409656 -2.1835761355336017e-16
vn 0.9947911613394181 -0.10193402435385285 -5.222396253715543e-17
vn 0.9947911613394181 -0.10193402435385285 -5.222396253715543e-17
vn 0.9947911613394181 -0.10193402435385285 -5.222396253715543e-17
vn 0.9947911613394181 -0.10193402435385285 -2.2123075434757154e-16
vn 0.9947911613394181 -0.10193402435385285 -2.2123075434757154e-16
vn 0.9947911613394181 -0.10193402435385285 -2.2123075434757154e-16
vn 0.9717457090473998 -0.2360302458329576 -4.125981441012797e-17
vn 0.9717457090473998 -0.2360302458329576 -4.125981441012797e-17
vn 0.9717457090473998 -0.2360302458329576 -4.125981441012797e-17
vn 0.9717457090473998 -0.2360302458329576 -6.89550383468833e-17
vn 0.9717457090473998 -0.2360302458329576 -6.89550383468833e-17
vn 0.9717457090473998 -0.2360302458329576 -6.89550383468833e-17
vn 0.9307104343975361 -0.3657568691132809 9.165980421683484e-17
vn 0.9307104343975361 -0.3657568691132809 9.165980421683484e-17
vn 0.9307104343975361 -0.3657568691132809 9.165980421683484e-17
vn 0.9307104343975361 -0.3657568691132809 -2.758201590246372e-16
vn 0.9307104343975361 -0.3657568691132809 -2.758201590246372e-16
vn 0.9307104343975361 -0.3657568691132809 -2.758201590246372e-16
vn 0.8724450093485704 -0.48871229334115673 -9.903303005327644e-17
vn 0.8724450093485704 -0.48871229334115673 -9.903303005327644e-17
vn 0.8724450093485704 -0.48871229334115673 -9.903303005327644e-17
vn 0.8724450093485704 -0.48871229334115673 4.022377456094745e-16
vn 0.8724450093485704 -0.48871229334115673 4.022377456094745e-16
vn 0.8724450093485704 -0.48871229334115673 4.022377456094745e-16
vn 0.7980281300721532 -0.6026201984778988 5.540462754256407e-16
vn 0.7980281300721532 -0.6026201984778988 5.540462754256407e-16
vn 0.7980281300721532 -0.6026201984778988 5.540462754256407e-16
vn 0.7980281300721532 -0.6026201984778988 -1.7238759358083382e-16
vn 0.7980281300721532 -0.6026201984778988 -1.7238759358083382e-16
vn 0.7980281300721532 -0.6026201984778988 -1.7238759358083382e-16
vn 0.7088373950206065 -0.7053719213439109 -3.0779918141094515e-18
vn 0.7088373950206065 -0.7053719213439109 -3.0779918141094515e-18
vn 0.7088373950206065 -0.7053719213439109 -3.0779918141094515e-18
vn 0.7088373950206065 -0.7053719213439109 -2.528351543402983e-16
vn 0.7088373950206065 -0.7053719213439109 -2.528351543402983e-16
vn 0.7088373950206065 -0.7053719213439109 -2.528351543402983e-16
vn 0.606524067023834 -0.7950651269681419 -1.1500579571759976e-16
vn 0.606524067023834 -0.7950651269681419 -1.1500579571759976e-16
vn 0.606524067023834 -0.7950651269681419 -1.1500579571759976e-16
vn 0.606524067023834 -0.7950651269681419 -1.6089509068958997e-16
vn 0.606524067023834 -0.7950651269681419 -1.6089509068958997e-16
vn 0.606524067023834 -0.7950651269681419 -1.6089509068958997e-16
vn 0.4929822259494949 -0.8700393812339077 -1.7991674172222396e-17
vn 0.4929822259494949 -0.8700393812339077 -1.7991674172222396e-17
vn 0.4929822259494949 -0.8700393812339077 -1.7991674172222396e-17
vn 0.4929822259494949 -0.8700393812339077 -2.988051581990006e-16
vn 0.4929822259494949 -0.8700393812339077 -2.988051581990006e-16
vn 0.4929822259494949 -0.8700393812339077 -2.988051581990006e-16
vn 0.37031385889150037 -0.928906693868058 -1.3045273741319126e-16
vn 0.37031385889150037 -0.928906693868058 -1.3045273741319126e-16
vn 0.37031385889150037 -0.928906693868058 -1.3045273741319126e-16
vn 0.37031385889150037 -0.928906693868058 6.895504088669867e-17
vn 0.37031385889150037 -0.928906693868058 6.895504088669867e-17
vn 0.37031385889150037 -0.928906693868058 6.895504088669867e-17
vn 0.24078989630272166 -0.9705772642291414 2.392037778745331e-16
vn 0.24078989630272166 -0.9705772642291414 2.392037778745331e-16
vn 0.24078989630272166 -0.9705772642291414 2.392037778745331e-16
vn 0.24078989630272166 -0.9705772642291414 -1.608950902542926e-16
vn 0.24078989630272166 -0.9705772642291414 -1.608950902542926e-16
vn 0.24078989630272166 -0.9705772642291414 -1.608950902542926e-16
vn 0.10680822468661938 -0.9942796403121672 -7.114857181421438e-17
vn 0.10680822468661938 -0.9942796403121672 -7.114857181421438e-17
vn 0.10680822468661938 -0.9942796403121672 -7.114857181421438e-17
vn 0.10680822468661938 -0.9942796403121672 -7.182816356496454e-17
vn 0.10680822468661938 -0.9942796403121672 -7.182816356496454e-17
vn 0.10680822468661938 -0.9942796403121672 -7.182816356496454e-17
vn -0.029150778628023892 -0.9995750257511339 1.9418318130378904e-17
vn -0.029150778628023892 -0.9995750257511339 1.9418318130378904e-17
vn -0.029150778628023892 -0.9995750257511339 1.9418318130378904e-17
vn -0.029150778628023892 -0.9995750257511339 1.939360528222846e-17
vn -0.029150778628023892 -0.9995750257511339 1.939360528222846e-17
vn -0.029150778628023892 -0.9995750257511339 1.939360528222846e-17
vn -0.1645701097683148 -0.9863653881654834 1.0962571832664596e-16
vn -0.1645701097683148 -0.9863653881654834 1.0962571832664596e-16
vn -0.1645701097683148 -0.9863653881654834 1.0962571832664596e-16
vn -0.1645701097683148 -0.9863653881654834 1.0917880918064601e-16
vn -0.1645701097683148 -0.9863653881654834 1.0917880918064601e-16
vn -0.1645701097683148 -0.9863653881654834 1.0917880918064601e-16
vn -0.29694277603452346 -0.9548952758082486 1.978036374046735e-16
vn -0.29694277603452346 -0.9548952758082486 1.978036374046735e-16
vn -0.29694277603452346 -0.9548952758082486 1.978036374046735e-16
vn -0.29694277603452346 -0.9548952758082486 1.1492506847331873e-17
vn -0.29694277603452346 -0.9548952758082486 1.1492506847331873e-17
vn -0.29694277603452346 -0.9548952758082486 1.1492506847331873e-17
vn -0.42381817029316066 -0.9057472928633888 1.6756793209619266e-16
vn -0.42381817029316066 -0.9057472928633888 1.6756793209619266e-16
vn -0.42381817029316066 -0.9057472928633888 1.6756793209619266e-16
vn -0.42381817029316066 -0.9057472928633888 -1.1492505950828284e-16
vn -0.42381817029316066 -0.9057472928633888 -1.1492505950828284e-16
vn -0.42381817029316066 -0.9057472928633888 -1.1492505950828284e-16
vn -0.5428474656793988 -0.8398313098506474 7.826755323201975e-17
vn -0.5428474656793988 -0.8398313098506474 7.826755323201975e-17
vn -0.5428474656793988 -0.8398313098506474 7.826755323201975e-17
vn -0.5428474656793988 -0.8398313098506474 1.3791008241674807e-16
vn -0.5428474656793988 -0.8398313098506474 1.3791008241674807e-16
vn -0.5428474656793988 -0.8398313098506474 1.3791008241674807e-16
vn -0.6518271040810041 -0.7583676063660498 2.9058707006611556e-16
vn -0.6518271040810041 -0.7583676063660498 2.9058707006611556e-16
vn -0.6518271040810041 -0.7583676063660498 2.9058707006611556e-16
vn -0.6518271040810041 -0.7583676063660498 -3.4477520274960314e-17
vn -0.6518271040810041 -0.7583676063660498 -3.4477520274960314e-17
vn -0.6518271040810041 -0.7583676063660498 -3.4477520274960314e-17
vn -0.7487395345108168 -0.6628643220603485 3.050899492984496e-17
vn -0.7487395345108168 -0.6628643220603485 3.050899492984496e-17
vn -0.7487395345108168 -0.6628643220603485 3.050899492984496e-17
vn -0.7487395345108168 -0.6628643220603485 -3.332826863306792e-16
vn -0.7487395345108168 -0.6628643220603485 -3.332826863306792e-16
vn -0.7487395345108168 -0.6628643220603485 -3.332826863306792e-16
vn -0.8317906112454669 -0.5550895234499501 -2.466591397543736e-16
vn -0.8317906112454669 -0.5550895234499501 -2.466591397543736e-16
vn -0.8317906112454669 -0.5550895234499501 -2.466591397543736e-16
vn -0.8317906112454669 -0.5550895234499501 1.9537260596497465e-16
vn -0.8317906112454669 -0.5550895234499501 1.9537260596497465e-16
vn -0.8317906112454669 -0.5550895234499501 1.9537260596497465e-16
vn -0.899442840222066 -0.43703841612982114 2.852353767822893e-16
vn -0.899442840222066 -0.43703841612982114 2.852353767822893e-16
vn -0.899442840222066 -0.43703841612982114 2.852353767822893e-16
vn -0.899442840222066 -0.43703841612982114 -6.895503892645366e-17
vn -0.899442840222066 -0.43703841612982114 -6.895503892645366e-17
vn -0.899442840222066 -0.43703841612982114 -6.895503892645366e-17
vn -0.9504437892624802 -0.31089645133448884 3.153821250203784e-18
vn -0.9504437892624802 -0.31089645133448884 3.153821250203784e-18
vn -0.9504437892624802 -0.31089645133448884 3.153821250203784e-18
vn -0.9504437892624802 -0.31089645133448884 1.4940258055433337e-16
vn -0.9504437892624802 -0.31089645133448884 1.4940258055433337e-16
vn -0.9504437892624802 -0.31089645133448884 1.4940258055433337e-16
vn -0.9838492739133272 -0.17899890005309824 2.3824540388343786e-16
vn -0.9838492739133272 -0.17899890005309824 2.3824540388343786e-16
vn -0.9838492739133272 -0.17899890005309824 2.3824540388343786e-16
vn -0.9838492739133272 -0.17899890005309824 -1.2067131637666523e-16
vn -0.9838492739133272 -0.17899890005309824 -1.2067131637666523e-16
vn -0.9838492739133272 -0.17899890005309824 -1.2067131637666523e-16
vn -0.9990408650473923 -0.04378755491413208 -2.9168370994624714e-17
vn -0.9990408650473923 -0.04378755491413208 -2.9168370994624714e-17
vn -0.9990408650473923 -0.04378755491413208 -2.9168370994624714e-17
vn -0.9990408650473923 -0.04378755491413208 3.3184612878915493e-16
vn -0.9990408650473923 -0.04378755491413208 3.3184612878915493e-16
vn -0.9990408650473923 -0.04378755491413208 3.3184612878915493e-16
vn -0.9957373208136837 0.09223441840651 4.049573491579638e-16
vn -0.9957373208136837 0.09223441840651 4.049573491579638e-16
vn -0.9957373208136837 0.09223441840651 4.049573491579638e-16
vn -0.9957373208136837 0.09223441840651 2.2985013416905553e-17
vn -0.9957373208136837 0.09223441840651 2.2985013416905553e-17
vn -0.9957373208136837 0.09223441840651 2.2985013416905553e-17
vn -0.9739998004819127 0.22654886594550533 6.036474279861134e-17
vn -0.9739998004819127 0.22654886594550533 6.036474279861134e-17
vn -0.9739998004819127 0.22654886594550533 6.036474279861134e-17
vn -0.9739998004819127 0.22654886594550533 5.746252998212457e-17
vn -0.9739998004819127 0.22654886594550533 5.746252998212457e-17
vn -0.9739998004819127 0.22654886594550533 5.746252998212457e-17
vn -0.9342307278054709 0.3566692406474943 9.50357780776695e-17
vn -0.9342307278054709 0.3566692406474943 9.50357780776695e-17
vn -0.9342307278054709 0.3566692406474943 9.50357780776695e-17
vn -0.9342307278054709 0.3566692406474943 5.746252880559623e-17
vn -0.9342307278054709 0.3566692406474943 5.746252880559623e-17
vn -0.9342307278054709 0.3566692406474943 5.746252880559623e-17
vn -0.8771663385698713 0.4801866454618721 1.4272795131515225e-16
vn -0.8771663385698713 0.4801866454618721 1.4272795131515225e-16
vn -0.8771663385698713 0.4801866454618721 1.4272795131515225e-16
vn -0.8771663385698713 0.4801866454618721 8.044754382935426e-17
vn -0.8771663385698713 0.4801866454618721 8.044754382935426e-17
vn -0.8771663385698713 0.4801866454618721 8.044754382935426e-17
vn -0.8038630506564053 0.5948144213024577 1.0566025992800735e-16
vn -0.8038630506564053 0.5948144213024577 1.0566025992800735e-16
vn -0.8038630506564053 0.5948144213024577 1.0566025992800735e-16
vn -0.8038630506564053 0.5948144213024577 -4.597002664985704e-17
vn -0.8038630506564053 0.5948144213024577 -4.597002664985704e-17
vn -0.8038630506564053 0.5948144213024577 -4.597002664985704e-17
vn -0.7156779707603955 0.6984304132612514 -3.0637805973205747e-18
vn -0.7156779707603955 0.6984304132612514 -3.0637805973205747e-18
vn -0.7156779707603955 0.6984304132612514 -3.0637805973205747e-18
vn -0.7156779707603955 0.6984304132612514 0
vn -0.7156779707603955 0.6984304132612514 0
vn -0.7156779707603955 0.6984304132612514 0
vn -0.6142436289999335 0.7891164452937172 3.106366291277649e-17
vn -0.6142436289999335 0.7891164452937172 3.106366291277649e-17
vn -0.6142436289999335 0.7891164452937172 3.106366291277649e-17
vn -0.6142436289999335 0.7891164452937172 -8.044754343310747e-17
vn -0.6142436289999335 0.7891164452937172 -8.044754343310747e-17
vn -0.6142436289999335 0.7891164452937172 -8.044754343310747e-17
vn -0.5014378011762374 0.8651936959730696 -2.445722192197793e-17
vn -0.5014378011762374 0.8651936959730696 -2.445722192197793e-17
vn -0.5014378011762374 0.8651936959730696 -2.445722192197793e-17
vn -0.5014378011762374 0.8651936959730696 -9.194005634762241e-17
vn -0.5014378011762374 0.8651936959730696 -9.194005634762241e-17
vn -0.5014378011762374 0.8651936959730696 -9.194005634762241e-17
vn -0.3793489331201485 0.9252536878827369 -6.738591115718333e-17
vn -0.3793489331201485 0.9252536878827369 -6.738591115718333e-17
vn -0.3793489331201485 0.9252536878827369 -6.738591115718333e-17
vn -0.3793489331201485 0.9252536878827369 -1.034325562256579e-16
vn -0.3793489331201485 0.9252536878827369 -1.034325562256579e-16
vn -0.3793489331201485 0.9252536878827369 -1.034325562256579e-16
vn -0.25023726004341446 0.9681845452629187 -6.667659495867874e-17
vn -0.25023726004341446 0.9681845452629187 -6.667659495867874e-17
vn -0.25023726004341446 0.9681845452629187 -6.667659495867874e-17
vn -0.25023726004341446 0.9681845452629187 2.758201633163507e-16
vn -0.25023726004341446 0.9681845452629187 2.758201633163507e-16
vn -0.25023726004341446 0.9681845452629187 2.758201633163507e-16
vn -0.11649292488057132 0.9931915215368935 3.21812559845279e-16
vn -0.11649292488057132 0.9931915215368935 3.21812559845279e-16
vn -0.11649292488057132 0.9931915215368935 3.21812559845279e-16
vn -0.11649292488057132 0.9931915215368935 -1.2933312740833905e-17
vn -0.11649292488057132 0.9931915215368935 -1.2933312740833905e-17
vn -0.11649292488057132 0.9931915215368935 -1.2933312740833905e-17
vn 0.01940801362199403 0.9998116467651538 2.1547223585376453e-18
vn 0.01940801362199403 0.9998116467651538 2.1547223585376453e-18
vn 0.01940801362199403 0.9998116467651538 2.1547223585376453e-18
vn 0.01940801362199403 0.9998116467651538 8.618889537548158e-19
vn 0.01940801362199403 0.9998116467651538 8.618889537548158e-19
vn 0.01940801362199403 0.9998116467651538 8.618889537548158e-19
vn 0.1549496498514796 0.9879223684130773 6.88114717049905e-18
vn 0.1549496498514796 0.9879223684130773 6.88114717049905e-18
vn 0.1549496498514796 0.9879223684130773 6.88114717049905e-18
vn 0.1549496498514796 0.9879223684130773 6.88114717049905e-18
vn 0.2876227277119021 0.9577437895927935 1.277301565019434e-17
vn 0.2876227277119021 0.9577437895927935 1.277301565019434e-17
vn 0.2876227277119021 0.9577437895927935 1.277301565019434e-17
vn 0.2876227277119021 0.9577437895927935 0
vn 0.2876227277119021 0.9577437895927935 0
vn 0.2876227277119021 0.9577437895927935 0
vn -1 0 0
vn -1 0 0
vn -1 0 0
vn -1 0 0
vn 0 -1 0
vn 0 -1 0
vn 0 -1 0
vn 0 -1 0
vn -1 0 0
vn -1 0 0
vn -1 0 0
vn -1 0 0
vn 0 1 0
vn 0 1 0
vn 0 1 0
vn 0 1 0
vn 1 0 -2.220446049250313e-16
vn 1 0 -2.220446049250313e-16
vn 1 0 -2.220446049250313e-16
vn 1 0 -2.220446049250313e-16
vn 0 1 0
vn 0 1 0
vn 0 1 0
vn 0 1 0
vn -1 2.8047738454960603e-16 1.77635686587003e-16
vn -1 2.8047738454960603e-16 1.77635686587003e-16
vn -1 2.8047738454960603e-16 1.77635686587003e-16
vn -1 3.2722362413113357e-16 0
vn -1 3.2722362413113357e-16 0
vn -1 3.2722362413113357e-16 0
vn -1.6148699021270997e-16 -1 0
vn -1.6148699021270997e-16 -1 0
vn -1.6148699021270997e-16 -1 0
vn -3.2297398042541994e-16 -1 -1.421085492696024e-15
vn -3.2297398042541994e-16 -1 -1.421085492696024e-15
vn -3.2297398042541994e-16 -1 -1.421085492696024e-15
vn 1 0 0
vn 1 0 0
vn 1 0 0
vn 1 0 0
vn 0 1 1.1102230246251565e-16
vn 0 1 1.1102230246251565e-16
vn 0 1 1.1102230246251565e-16
vn 0 1 1.1102230246251565e-16
vn -1 0 0
vn -1 0 0
vn -1 0 0
vn -1 0 0
vn -1.77635686587003e-16 -1 -1.77635686587003e-16
vn -1.77635686587003e-16 -1 -1.77635686587003e-16
vn -1.77635686587003e-16 -1 -1.77635686587003e-16
vn 0 -1 0
vn 0 -1 0
vn 0 -1 0
vn -1 -2.537652741156556e-16 0
vn -1 -2.537652741156556e-16 0
vn -1 -2.537652741156556e-16 0
vn -1 -2.537652741156556e-16 0
vn 0 1 0
vn 0 1 0
vn 0 1 0
vn 0 1 0
vn 1 0 0
vn 1 0 0
vn 1 0 0
vn 1 0 0
vn 0 -1 0
vn 0 -1 0
vn 0 -1 0
vn 0 -1 0
vn 1 4.099285034361947e-16 -7.10542746348012e-16
vn 1 4.099285034361947e-16 -7.10542746348012e-16
vn 1 4.099285034361947e-16 -7.10542746348012e-16
vn 1 5.46571355561446e-16 0
vn 1 5.46571355561446e-16 0
vn 1 5.46571355561446e-16 0
vn 3.55271373174006e-16 1 0
vn 3.55271373174006e-16 1 0
vn 3.55271373174006e-16 1 0
vn 3.55271373174006e-16 1 0
vn 1 0 0
vn 1 0 0
vn 1 0 0
vn 1 0 0
vn 0 -1 0
vn 0 -1 0
vn 0 -1 0
vn 0 -1 0
vn 1 -2.0898315835502298e-16 0
vn 1 -2.0898315835502298e-16 0
vn 1 -2.0898315835502298e-16 0
vn 1 -1.973729836261267e-16 -7.894919477393966e-17
vn 1 -1.973729836261267e-16 -7.894919477393966e-17
vn 1 -1.973729836261267e-16 -7.894919477393966e-17
vn 1 -3.552713678800501e-15 -1.421085492696024e-15
vn 1 -3.552713678800501e-15 -1.421085492696024e-15
vn 1 -3.552713678800501e-15 -1.421085492696024e-15
vn 3.552713678800501e-15 1 1.421085492696024e-15
vn 3.552713678800501e-15 1 1.421085492696024e-15
vn 3.552713678800501e-15 1 1.421085492696024e-15
vn 0 1 0
vn 0 1 0
vn 0 1 0
vn -4.1796631671004597e-16 1 1.421085492696024e-15
vn -4.1796631671004597e-16 1 1.421085492696024e-15
vn -4.1796631671004597e-16 1 1.421085492696024e-15
vn -1 0 0
vn -1 0 0
vn -1 0 0
vn -1 0 0
vn 0 1 1.421085492696024e-15
vn 0 1 1.421085492696024e-15
vn 0 1 1.421085492696024e-15
vn 0 1 1.421085492696024e-15
vn 1 0 0
vn 1 0 0
vn 1 0 0
vn 1 0 0
vn 0 1 1.421085492696024e-15
vn 0 1 1.421085492696024e-15
vn 0 1 1.421085492696024e-15
vn 0 1 1.421085492696024e-15
vn -1 0 3.55271373174006e-16
vn -1 0 3.55271373174006e-16
vn -1 0 3.55271373174006e-16
vn -1 0 3.55271373174006e-16
vn 3.552713996437856e-16 -1 -1.2621775376911896e-31
vn 3.552713996437856e-16 -1 -1.2621775376911896e-31
vn 3.552713996437856e-16 -1 -1.2621775376911896e-31
vn 3.552713996437856e-16 -1 0
vn 3.552713996437856e-16 -1 0
vn 3.552713996437856e-16 -1 0
vn -1 0 0
vn -1 0 0
vn -1 0 0
vn -1 0 0
vn 0 1 1.421085492696024e-15
vn 0 1 1.421085492696024e-15
vn 0 1 1.421085492696024e-15
vn 0 1 1.421085492696024e-15
vn -1 1.4802974102831747e-16 2.103629190302171e-31
vn -1 1.4802974102831747e-16 2.103629190302171e-31
vn -1 1.4802974102831747e-16 2.103629190302171e-31
vn -1 0 2.664535364979494e-16
vn -1 0 2.664535364979494e-16
vn -1 0 2.664535364979494e-16
vn -3.55271373174006e-16 -1 9.466330651063159e-32
vn -3.55271373174006e-16 -1 9.466330651063159e-32
vn -3.55271373174006e-16 -1 9.466330651063159e-32
vn 0 -1 7.10542746348012e-16
vn 0 -1 7.10542746348012e-16
vn 0 -1 7.10542746348012e-16
vn -1 0 0
vn -1 0 0
vn -1 0 0
vn -1 0 0
vn 0 1 7.10542746348012e-16
vn 0 1 7.10542746348012e-16
vn 0 1 7.10542746348012e-16
vn 3.2297398042541994e-16 1 1.1474340076243736e-31
vn 3.2297398042541994e-16 1 1.1474340076243736e-31
vn 3.2297398042541994e-16 1 1.1474340076243736e-31
vn 1 8.88178432935015e-17 8.88178432935015e-17
vn 1 8.88178432935015e-17 8.88178432935015e-17
vn 1 8.88178432935015e-17 8.88178432935015e-17
vn 1 0 -8.88178432935015e-17
vn 1 0 -8.88178432935015e-17
vn 1 0 -8.88178432935015e-17
vn 3.947460201918126e-16 1 7.10542746348012e-16
vn 3.947460201918126e-16 1 7.10542746348012e-16
vn 3.947460201918126e-16 1 7.10542746348012e-16
vn 7.894920403836252e-16 1 -2.8048390771354746e-31
vn 7.894920403836252e-16 1 -2.8048390771354746e-31
vn 7.894920403836252e-16 1 -2.8048390771354746e-31
vn -1 0 3.55271373174006e-16
vn -1 0 3.55271373174006e-16
vn -1 0 3.55271373174006e-16
vn -1 0 3.55271373174006e-16
vn -7.894918286253884e-16 1 7.10542746348012e-16
vn -7.894918286253884e-16 1 7.10542746348012e-16
vn -7.894918286253884e-16 1 7.10542746348012e-16
vn 0 1 -7.10542746348012e-16
vn 0 1 -7.10542746348012e-16
vn 0 1 -7.10542746348012e-16
vn -1 0 0
vn -1 0 0
vn -1 0 0
vn -1 0 0
vn -8.88178432935015e-17 -1 0
vn -8.88178432935015e-17 -1 0
vn -8.88178432935015e-17 -1 0
vn -1.77635686587003e-16 -1 -1.77635686587003e-16
vn -1.77635686587003e-16 -1 -1.77635686587003e-16
vn -1.77635686587003e-16 -1 -1.77635686587003e-16
vn -1 0 7.10542746348012e-16
vn -1 0 7.10542746348012e-16
vn -1 0 7.10542746348012e-16
vn -1 0 7.10542746348012e-16
vn 0 1 0
vn 0 1 0
vn 0 1 0
vn 0 1 0
vn 1 0 3.55271373174006e-16
vn 1 0 3.55271373174006e-16
vn 1 0 3.55271373174006e-16
vn 1 0 3.55271373174006e-16
vn -2.220446049250313e-16 1 -3.55271373174006e-16
vn -2.220446049250313e-16 1 -3.55271373174006e-16
vn -2.220446049250313e-16 1 -3.55271373174006e-16
vn -6.661338147750939e-16 1 -4.733165619405167e-31
vn -6.661338147750939e-16 1 -4.733165619405167e-31
vn -6.661338147750939e-16 1 -4.733165619405167e-31
vn -1 0 -7.10542746348012e-16
vn -1 0 -7.10542746348012e-16
vn -1 0 -7.10542746348012e-16
vn -1 0 -7.10542746348012e-16
vn -3.552713678800501e-15 -1 -2.524354934323057e-30
vn -3.552713678800501e-15 -1 -2.524354934323057e-30
vn -3.552713678800501e-15 -1 -2.524354934323057e-30
vn -3.552713678800501e-15 -1 0
vn -3.552713678800501e-15 -1 0
vn -3.552713678800501e-15 -1 0
vn -1 0 0
vn -1 0 0
vn -1 0 0
vn -1 0 0
vn 0 1 0
vn 0 1 0
vn 0 1 0
vn 0 1 0
vn -1 0 -3.55271373174006e-16
vn -1 0 -3.55271373174006e-16
vn -1 0 -3.55271373174006e-16
vn -1 0 -3.55271373174006e-16
vn 0 1 0
vn 0 1 0
vn 0 1 0
vn 0 1 0
vn 1 0 -3.55271373174006e-16
vn 1 0 -3.55271373174006e-16
vn 1 0 -3.55271373174006e-16
vn 1 0 -3.55271373174006e-16
vn 0 1 0
vn 0 1 0
vn 0 1 0
vn 0 1 0
vn 1 0 0
vn 1 0 0
vn 1 0 0
vn 1 0 0
vn -1.77635686587003e-16 1 -3.55271373174006e-16
vn -1.77635686587003e-16 1 -3.55271373174006e-16
vn -1.77635686587003e-16 1 -3.55271373174006e-16
vn -5.329070729958988e-16 1 3.7865322604252634e-31
vn -5.329070729958988e-16 1 3.7865322604252634e-31
vn -5.329070729958988e-16 1 3.7865322604252634e-31
vn 1 0 -7.10542746348012e-16
vn 1 0 -7.10542746348012e-16
vn 1 0 -7.10542746348012e-16
vn 1 0 -7.10542746348012e-16
vn 3.947459143126942e-16 -1 -2.804838371838864e-31
vn 3.947459143126942e-16 -1 -2.804838371838864e-31
vn 3.947459143126942e-16 -1 -2.804838371838864e-31
vn 3.947459143126942e-16 -1 0
vn 3.947459143126942e-16 -1 0
vn 3.947459143126942e-16 -1 0
vn 0.9999999999999998 2.2351740014414642e-8 0
vn 0.9999999999999998 2.2351740014414642e-8 0
vn 0.9999999999999998 2.2351740014414642e-8 0
vn 0.9999999999999998 2.2351740014414642e-8 0
vn 0 1 0
vn 0 1 0
vn 0 1 0
vn 0 1 0
vn 1 0 0
vn 1 0 0
vn 1 0 0
vn 1 0 0
vn 0 -1 0
vn 0 -1 0
vn 0 -1 0
vn 0 -1 0
vn 0.9999999999999998 -2.4400828024795367e-8 0
vn 0.9999999999999998 -2.4400828024795367e-8 0
vn 0.9999999999999998 -2.4400828024795367e-8 0
vn 0.9999999999999998 -2.4400828024795367e-8 3.552713731740059e-16
vn 0.9999999999999998 -2.4400828024795367e-8 3.552713731740059e-16
vn 0.9999999999999998 -2.4400828024795367e-8 3.552713731740059e-16
vn 1 0 3.55271373174006e-16
vn 1 0 3.55271373174006e-16
vn 1 0 3.55271373174006e-16
vn 1 0 3.55271373174006e-16
vn 0 1 1.421085492696024e-15
vn 0 1 1.421085492696024e-15
vn 0 1 1.421085492696024e-15
vn 0 1 1.421085492696024e-15
vn -1 0 1.421085492696024e-15
vn -1 0 1.421085492696024e-15
vn -1 0 1.421085492696024e-15
vn -1 1.973729836261267e-16 0
vn -1 1.973729836261267e-16 0
vn -1 1.973729836261267e-16 0
vn -2.7755578262606874e-16 -1 2.220446049250313e-16
vn -2.7755578262606874e-16 -1 2.220446049250313e-16
vn -2.7755578262606874e-16 -1 2.220446049250313e-16
vn -5.551115652521375e-16 -1 0
vn -5.551115652521375e-16 -1 0
vn -5.551115652521375e-16 -1 0
vn 0.9999999999999996 -2.8487512793162737e-8 0
vn 0.9999999999999996 -2.8487512793162737e-8 0
vn 0.9999999999999996 -2.8487512793162737e-8 0
vn 0.9999999999999996 -2.8487514569519576e-8 -1.4210854926960235e-15
vn 0.9999999999999996 -2.8487514569519576e-8 -1.4210854926960235e-15
vn 0.9999999999999996 -2.8487514569519576e-8 -1.4210854926960235e-15
vn 0 -1 7.10542746348012e-16
vn 0 -1 7.10542746348012e-16
vn 0 -1 7.10542746348012e-16
vn 0 -1 7.10542746348012e-16
vn -1 1.77635686587003e-16 -1.2621774201417545e-31
vn -1 1.77635686587003e-16 -1.2621774201417545e-31
vn -1 1.77635686587003e-16 -1.2621774201417545e-31
vn -1 0 7.10542746348012e-16
vn -1 0 7.10542746348012e-16
vn -1 0 7.10542746348012e-16
vn -2.664535364979494e-16 -1 1.8932661302126317e-31
vn -2.664535364979494e-16 -1 1.8932661302126317e-31
vn -2.664535364979494e-16 -1 1.8932661302126317e-31
vn -2.664535364979494e-16 -1 0
vn -2.664535364979494e-16 -1 0
vn -2.664535364979494e-16 -1 0
vn -1 0 0
vn -1 0 0
vn -1 0 0
vn -1 0 0
vn 2.664535364979494e-16 1 0
vn 2.664535364979494e-16 1 0
vn 2.664535364979494e-16 1 0
vn 2.664535364979494e-16 1 -1.8932661302126317e-31
vn 2.664535364979494e-16 1 -1.8932661302126317e-31
vn 2.664535364979494e-16 1 -1.8932661302126317e-31
vn -1 0 7.10542746348012e-16
vn -1 0 7.10542746348012e-16
vn -1 0 7.10542746348012e-16
vn -1 0 7.10542746348012e-16
vn -7.10542746348012e-16 -1 5.048709680567018e-31
vn -7.10542746348012e-16 -1 5.048709680567018e-31
vn -7.10542746348012e-16 -1 5.048709680567018e-31
vn -7.10542746348012e-16 -1 5.048709680567018e-31
vn -1 -1.471838499873552e-14 7.10542746348012e-16
vn -1 -1.471838499873552e-14 7.10542746348012e-16
vn -1 -1.471838499873552e-14 7.10542746348012e-16
vn -1 -1.446462070400171e-14 0
vn -1 -1.446462070400171e-14 0
vn -1 -1.446462070400171e-14 0
vn 0 -1 0
vn 0 -1 0
vn 0 -1 0
vn 0 -1 0
vn 1 0 -7.10542746348012e-16
vn 1 0 -7.10542746348012e-16
vn 1 0 -7.10542746348012e-16
vn 1 0 -7.10542746348012e-16
vn 0 -1 0
vn 0 -1 0
vn 0 -1 0
vn 0 -1 0
vn -1 0 0
vn -1 0 0
vn -1 0 0
vn -1 0 0
vn -2.1316282919835953e-15 1 0
vn -2.1316282919835953e-15 1 0
vn -2.1316282919835953e-15 1 0
vn -2.1316282919835953e-15 1 0
vn 0 0 1
vn 0 0 1
vn 0 0 1
vn 0 0 1
vn 0 0 1
vn 0 0 1
vn 0 0 1
vn 0 0 1
vn 0 0 1
vn 0 0 1
vn 0 0 1
vn 0 0 1
vn 0 0 1
vn 0 0 1
vn 0 0 1
vn 0 0 1
vn 0 0 1
vn 0 0 1
vn 0 0 1
vn 0 0 1
vn 0 0 1
vn 0 0 1
vn 0 0 1
vn 0 0 1
vn 0 0 1
vn 0 0 1
vn 0 0 1
vn 0 0 1
vn 0 0 1
vn 0 0 1
vn 0 0 1
vn 0 0 1
vn 0 0 1
vn 0 0 1
vn 0 0 1
vn 0 0 1
vn 0 0 1
vn 0 0 1
vn 0 0 1
vn 0 0 1
vn 0 0 1
vn 0 0 1
vn 0 0 1
vn 0 0 1
vn 0 0 1
vn 0 0 1
vn 0 0 1
vn 0 0 1
vn 0 0 1
vn 0 0 1
vn 0 0 1
vn 0 0 1
vn 0 0 1
vn 0 0 1
vn 0 0 1
vn 0 0 1
vn 0 0 1
vn 0 0 1
vn 0 0 1
vn 0 0 1
vn 0 0 1
vn 0 0 1
vn 0 0 1
vn 0 0 1
vn 0 0 1
vn 0 0 1
vn 0 0 1
vn 0 0 1
vn 0 0 1
vn 0 0 1
vn 0 0 1
vn 0 0 1
vn 0 0 1
vn 0 0 1
vn 0 0 1
vn 0 0 1
vn 0 0 1
vn 0 0 1
vn 0 0 1
vn 0 0 1
vn 0 0 1
vn 0 0 1
vn 0 0 1
vn 0 0 1
vn 0 0 1
vn 0 0 1
vn 0 0 1
vn 0 0 1
vn 0 0 1
vn 0 0 1
vn 0 0 1
vn 0 0 1
vn 0 0 1
vn 0 0 1
vn 0 0 1
vn 0 0 1
vn 0 0 1
vn 0 0 1
vn 0 0 1
vn 0 0 1
vn 0 0 1
vn 0 0 1
vn 0 0 1
vn 0 0 1
vn 0 0 1
vn 0 0 1
vn 0 0 1
vn 0 0 1
vn 0 0 1
vn 0 0 1
vn 0 0 1
vn 0 0 1
vn 0 0 1
vn 0 0 1
vn 0 0 1
vn 0 0 1
vn 0 0 1
vn 0 0 1
vn 0 0 1
vn 0 0 1
vn 0 0 1
vn 0 0 1
vn 0 0 1
vn 0 0 1
vn 0 0 1
vn 0 0 1
vn 0 0 1
vn 0 0 1
vn 0 0 1
vn 0 0 1
vn 0 0 1
vn 0 0 1
vn 0 0 1
vn 0 0 1
vn 0 0 1
vn 0 0 1
vn 0 0 1
vn 0 0 1
vn 0 0 1
vn 0 0 1
vn 0 0 1
vn 0 0 1
vn 0 0 1
vn 0 0 1
vn 0 0 1
vn 0 0 1
vn 0 0 1
vn 0 0 1
vn 0 0 1
vn 0 0 1
vn 0 0 1
vn 0 0 1
vn 0 0 1
vn 0 0 1
vn 0 0 1
vn 0 0 1
vn 0 0 1
vn 0 0 1
vn 0 0 1
vn 0 0 1
vn 0 0 1
vn 0 0 1
vn 0 0 1
vn 0 0 1
vn 0 0 1
vn 0 0 1
vn 0 0 1
vn 0 0 1
vn 0 0 1
vn 0 0 1
vn 0 0 1
vn 0 0 1
vn 0 0 1
vn 0 0 1
vn 0 0 1
vn 0 0 1
vn 0 0 1
vn 0 0 1
vn 0 0 1
vn 0 0 1
vn 0 0 1
vn 0 0 1
vn 0 0 1
vn 0 0 1
vn 0 0 1
vn 0 0 1
vn 0 0 1
vn 0 0 1
vn 0 0 1
vn 0 0 1
vn 0 0 1
vn 0 0 1
vn 0 0 1
vn 0 0 1
vn 0 0 1
vn 0 0 1
vn 0 0 1
vn 0 0 1
vn 0 0 1
vn 0 0 1
vn 0 0 1
vn 0 0 1
vn 0 0 1
vn 0 0 1
vn 0 0 1
vn 0 0 1
vn 0 0 1
vn 0 0 1
vn 0 0 1
vn 0 0 1
vn 0 0 1
vn 0 0 1
vn 0 0 1
vn 0 0 1
vn 0 0 1
vn 0 0 1
vn 0 0 1
vn 0 0 1
vn 0 0 1
vn 0 0 1
vn 0 0 1
vn 0 0 1
vn 0 0 1
vn 0 0 1
vn 0 0 1
vn 0 0 1
vn 0 0 1
vn 0 0 1
vn 0 0 1
vn 0 0 1
vn 0 0 1
vn 0 0 1
vn 0 0 1
vn 0 0 1
vn 0 0 1
vn 0 0 1
vn 0 0 1
vn 0 0 1
vn 0 0 1
vn 0 0 1
vn 0 0 1
vn 0 0 1
vn 0 0 1
vn 0 0 1
vn 0 0 1
vn 0 0 1
vn 0 0 1
vn 0 0 1
vn 0 0 1
vn 0 0 1
vn 0 0 1
vn 0 0 1
vn 0 0 1
vn 0 0 1
vn 0 0 1
vn 0 0 1
vn 0 0 1
vn 0 0 1
vn 0 0 1
vn 0 0 1
vn 0 0 1
vn 0 0 1
vn 0 0 1
vn 0 0 1
vn 0.9967573082859311 0.08046656683732267 0
vn 0.9967573082859311 0.08046656683732267 0
vn 0.9967573082859311 0.08046656683732267 0
vn 0.9967573082859311 0.08046656683732267 0
vn 0.9967573082859311 -0.08046656683732267 0
vn 0.9967573082859311 -0.08046656683732267 0
vn 0.9967573082859311 -0.08046656683732267 0
vn 0.9967573082859311 -0.08046656683732267 0
vn 0.9709418200839708 -0.2393156535039567 0
vn 0.9709418200839708 -0.2393156535039567 0
vn 0.9709418200839708 -0.2393156535039567 0
vn 0.9709418200839708 -0.2393156535039567 -7.085167072451217e-17
vn 0.9709418200839708 -0.2393156535039567 -7.085167072451217e-17
vn 0.9709418200839708 -0.2393156535039567 -7.085167072451217e-17
vn 0.9199794446432856 -0.39196660754945906 -1.160454317677958e-16
vn 0.9199794446432856 -0.39196660754945906 -1.160454317677958e-16
vn 0.9199794446432856 -0.39196660754945906 -1.160454317677958e-16
vn 0.9199794446432856 -0.39196660754945906 1.0184947733945935e-16
vn 0.9199794446432856 -0.39196660754945906 1.0184947733945935e-16
vn 0.9199794446432856 -0.39196660754945906 1.0184947733945935e-16
vn 0.8451900813953231 -0.534465832688084 4.194755177826987e-17
vn 0.8451900813953231 -0.534465832688084 4.194755177826987e-17
vn 0.8451900813953231 -0.534465832688084 4.194755177826987e-17
vn 0.8451900813953231 -0.534465832688084 7.874469341202151e-17
vn 0.8451900813953231 -0.534465832688084 7.874469341202151e-17
vn 0.8451900813953231 -0.534465832688084 7.874469341202151e-17
vn 0.7485107633901565 -0.6631226410620323 -8.92880490671419e-18
vn 0.7485107633901565 -0.6631226410620323 -8.92880490671419e-18
vn 0.7485107633901565 -0.6631226410620323 -8.92880490671419e-18
vn 0.7485107633901565 -0.6631226410620323 0
vn 0.7485107633901565 -0.6631226410620323 0
vn 0.7485107633901565 -0.6631226410620323 0
vn 0.6324453802043141 -0.7746049580645741 0
vn 0.6324453802043141 -0.7746049580645741 0
vn 0.6324453802043141 -0.7746049580645741 0
vn 0.6324453802043141 -0.7746049580645741 0
vn 0.5000000067305869 -0.8660253998985324 0
vn 0.5000000067305869 -0.8660253998985324 0
vn 0.5000000067305869 -0.8660253998985324 0
vn 0.5000000067305869 -0.8660253998985324 0
vn 0.3546049074985718 -0.9350162349274633 0
vn 0.3546049074985718 -0.9350162349274633 0
vn 0.3546049074985718 -0.9350162349274633 0
vn 0.3546049074985718 -0.9350162349274633 -5.7440303916591246e-18
vn 0.3546049074985718 -0.9350162349274633 -5.7440303916591246e-18
vn 0.3546049074985718 -0.9350162349274633 -5.7440303916591246e-18
vn 0.2000256973503292 -0.9797906513125724 -5.681102390475033e-17
vn 0.2000256973503292 -0.9797906513125724 -5.681102390475033e-17
vn 0.2000256973503292 -0.9797906513125724 -5.681102390475033e-17
vn 0.2000256973503292 -0.9797906513125724 -2.7201269300689312e-17
vn 0.2000256973503292 -0.9797906513125724 -2.7201269300689312e-17
vn 0.2000256973503292 -0.9797906513125724 -2.7201269300689312e-17
vn 0.04026593928355296 -0.9991889982048507 -1.0044607491861874e-16
vn 0.04026593928355296 -0.9991889982048507 -1.0044607491861874e-16
vn 0.04026593928355296 -0.9991889982048507 -1.0044607491861874e-16
vn 0.04026593928355296 -0.9991889982048507 0
vn 0.04026593928355296 -0.9991889982048507 0
vn 0.04026593928355296 -0.9991889982048507 0
vn -0.1205366790470352 -0.9927088742447667 0
vn -0.1205366790470352 -0.9927088742447667 0
vn -0.1205366790470352 -0.9927088742447667 0
vn -0.1205366790470352 -0.9927088742447667 0
vn -0.2782174619300742 -0.9605181122067338 0
vn -0.2782174619300742 -0.9605181122067338 0
vn -0.2782174619300742 -0.9605181122067338 0
vn -0.2782174619300742 -0.9605181122067338 -4.9421347810517643e-17
vn -0.2782174619300742 -0.9605181122067338 -4.9421347810517643e-17
vn -0.2782174619300742 -0.9605181122067338 -4.9421347810517643e-17
vn -0.42869255366332487 -0.9034504382829293 -7.61510949699806e-17
vn -0.42869255366332487 -0.9034504382829293 -7.61510949699806e-17
vn -0.42869255366332487 -0.9034504382829293 -7.61510949699806e-17
vn -0.42869255366332487 -0.9034504382829293 -1.9928470254282218e-17
vn -0.42869255366332487 -0.9034504382829293 -1.9928470254282218e-17
vn -0.42869255366332487 -0.9034504382829293 -1.9928470254282218e-17
vn -0.5680647507330577 -0.822983863131343 -7.072008458867319e-17
vn -0.5680647507330577 -0.822983863131343 -7.072008458867319e-17
vn -0.5680647507330577 -0.822983863131343 -7.072008458867319e-17
vn -0.5680647507330577 -0.822983863131343 -6.895403660544059e-18
vn -0.5680647507330577 -0.822983863131343 -6.895403660544059e-18
vn -0.5680647507330577 -0.822983863131343 -6.895403660544059e-18
vn -0.6927243572948235 -0.7212024437080572 -7.529007972271128e-17
vn -0.6927243572948235 -0.7212024437080572 -7.529007972271128e-17
vn -0.6927243572948235 -0.7212024437080572 -7.529007972271128e-17
vn -0.6927243572948235 -0.7212024437080572 4.776249122296946e-17
vn -0.6927243572948235 -0.7212024437080572 4.776249122296946e-17
vn -0.6927243572948235 -0.7212024437080572 4.776249122296946e-17
vn -0.7994427572953798 -0.600742272366412 2.747885944461349e-19
vn -0.7994427572953798 -0.600742272366412 2.747885944461349e-19
vn -0.7994427572953798 -0.600742272366412 2.747885944461349e-19
vn -0.7994427572953798 -0.600742272366412 -4.706173224873304e-17
vn -0.7994427572953798 -0.600742272366412 -4.706173224873304e-17
vn -0.7994427572953798 -0.600742272366412 -4.706173224873304e-17
vn -0.8854560265636152 -0.4647231703091362 -9.964955514759853e-17
vn -0.8854560265636152 -0.4647231703091362 -9.964955514759853e-17
vn -0.8854560265636152 -0.4647231703091362 -9.964955514759853e-17
vn -0.8854560265636152 -0.4647231703091362 0
vn -0.8854560265636152 -0.4647231703091362 0
vn -0.8854560265636152 -0.4647231703091362 0
vn -0.9485364403168418 -0.3166679986848283 0
vn -0.9485364403168418 -0.3166679986848283 0
vn -0.9485364403168418 -0.3166679986848283 0
vn -0.9485364403168418 -0.3166679986848283 -2.795197431153533e-17
vn -0.9485364403168418 -0.3166679986848283 -2.795197431153533e-17
vn -0.9485364403168418 -0.3166679986848283 -2.795197431153533e-17
vn -0.9870502615353453 -0.1604112876421307 -7.414808165297084e-17
vn -0.9870502615353453 -0.1604112876421307 -7.414808165297084e-17
vn -0.9870502615353453 -0.1604112876421307 -7.414808165297084e-17
vn -0.9870502615353453 -0.1604112876421307 4.867856125749276e-17
vn -0.9870502615353453 -0.1604112876421307 4.867856125749276e-17
vn -0.9870502615353453 -0.1604112876421307 4.867856125749276e-17
vn -1 0 0
vn -1 0 0
vn -1 0 0
vn -1 0 0
vn -0.9870502615353453 0.1604112876421307 -4.867856125749276e-17
vn -0.9870502615353453 0.1604112876421307 -4.867856125749276e-17
vn -0.9870502615353453 0.1604112876421307 -4.867856125749276e-17
vn -0.9870502615353453 0.1604112876421307 7.414808165297084e-17
vn -0.9870502615353453 0.1604112876421307 7.414808165297084e-17
vn -0.9870502615353453 0.1604112876421307 7.414808165297084e-17
vn -0.9485364403168418 0.3166679986848283 2.795197431153533e-17
vn -0.9485364403168418 0.3166679986848283 2.795197431153533e-17
vn -0.9485364403168418 0.3166679986848283 2.795197431153533e-17
vn -0.9485364403168418 0.3166679986848283 0
vn -0.9485364403168418 0.3166679986848283 0
vn -0.9485364403168418 0.3166679986848283 0
vn -0.8854560265636152 0.4647231703091362 0
vn -0.8854560265636152 0.4647231703091362 0
vn -0.8854560265636152 0.4647231703091362 0
vn -0.8854560265636152 0.4647231703091362 9.964955514759853e-17
vn -0.8854560265636152 0.4647231703091362 9.964955514759853e-17
vn -0.8854560265636152 0.4647231703091362 9.964955514759853e-17
vn -0.7994427572953798 0.600742272366412 4.706173224873304e-17
vn -0.7994427572953798 0.600742272366412 4.706173224873304e-17
vn -0.7994427572953798 0.600742272366412 4.706173224873304e-17
vn -0.7994427572953798 0.600742272366412 -2.747885944461349e-19
vn -0.7994427572953798 0.600742272366412 -2.747885944461349e-19
vn -0.7994427572953798 0.600742272366412 -2.747885944461349e-19
vn -0.6927243572948235 0.7212024437080572 -4.776249122296946e-17
vn -0.6927243572948235 0.7212024437080572 -4.776249122296946e-17
vn -0.6927243572948235 0.7212024437080572 -4.776249122296946e-17
vn -0.6927243572948235 0.7212024437080572 7.529007972271128e-17
vn -0.6927243572948235 0.7212024437080572 7.529007972271128e-17
vn -0.6927243572948235 0.7212024437080572 7.529007972271128e-17
vn -0.5680647507330577 0.822983863131343 6.895403660544059e-18
vn -0.5680647507330577 0.822983863131343 6.895403660544059e-18
vn -0.5680647507330577 0.822983863131343 6.895403660544059e-18
vn -0.5680647507330577 0.822983863131343 7.072008458867319e-17
vn -0.5680647507330577 0.822983863131343 7.072008458867319e-17
vn -0.5680647507330577 0.822983863131343 7.072008458867319e-17
vn -0.42869255366332487 0.9034504382829293 1.9928470254282218e-17
vn -0.42869255366332487 0.9034504382829293 1.9928470254282218e-17
vn -0.42869255366332487 0.9034504382829293 1.9928470254282218e-17
vn -0.42869255366332487 0.9034504382829293 7.61510949699806e-17
vn -0.42869255366332487 0.9034504382829293 7.61510949699806e-17
vn -0.42869255366332487 0.9034504382829293 7.61510949699806e-17
vn -0.2782174619300742 0.9605181122067338 4.9421347810517643e-17
vn -0.2782174619300742 0.9605181122067338 4.9421347810517643e-17
vn -0.2782174619300742 0.9605181122067338 4.9421347810517643e-17
vn -0.2782174619300742 0.9605181122067338 0
vn -0.2782174619300742 0.9605181122067338 0
vn -0.2782174619300742 0.9605181122067338 0
vn -0.1205366790470352 0.9927088742447667 0
vn -0.1205366790470352 0.9927088742447667 0
vn -0.1205366790470352 0.9927088742447667 0
vn -0.1205366790470352 0.9927088742447667 0
vn 0.04026593928355296 0.9991889982048507 0
vn 0.04026593928355296 0.9991889982048507 0
vn 0.04026593928355296 0.9991889982048507 0
vn 0.04026593928355296 0.9991889982048507 1.0044607491861874e-16
vn 0.04026593928355296 0.9991889982048507 1.0044607491861874e-16
vn 0.04026593928355296 0.9991889982048507 1.0044607491861874e-16
vn 0.2000256973503292 0.9797906513125724 2.7201269300689312e-17
vn 0.2000256973503292 0.9797906513125724 2.7201269300689312e-17
vn 0.2000256973503292 0.9797906513125724 2.7201269300689312e-17
vn 0.2000256973503292 0.9797906513125724 5.681102390475033e-17
vn 0.2000256973503292 0.9797906513125724 5.681102390475033e-17
vn 0.2000256973503292 0.9797906513125724 5.681102390475033e-17
vn 0.3546049074985718 0.9350162349274633 5.7440303916591246e-18
vn 0.3546049074985718 0.9350162349274633 5.7440303916591246e-18
vn 0.3546049074985718 0.9350162349274633 5.7440303916591246e-18
vn 0.3546049074985718 0.9350162349274633 0
vn 0.3546049074985718 0.9350162349274633 0
vn 0.3546049074985718 0.9350162349274633 0
vn 0.5000000067305869 0.8660253998985324 0
vn 0.5000000067305869 0.8660253998985324 0
vn 0.5000000067305869 0.8660253998985324 0
vn 0.5000000067305869 0.8660253998985324 0
vn 0.6324453802043141 0.7746049580645741 0
vn 0.6324453802043141 0.7746049580645741 0
vn 0.6324453802043141 0.7746049580645741 0
vn 0.6324453802043141 0.7746049580645741 0
vn 0.7485107633901565 0.6631226410620323 0
vn 0.7485107633901565 0.6631226410620323 0
vn 0.7485107633901565 0.6631226410620323 0
vn 0.7485107633901565 0.6631226410620323 8.92880490671419e-18
vn 0.7485107633901565 0.6631226410620323 8.92880490671419e-18
vn 0.7485107633901565 0.6631226410620323 8.92880490671419e-18
vn 0.8451900813953231 0.534465832688084 -7.874469341202151e-17
vn 0.8451900813953231 0.534465832688084 -7.874469341202151e-17
vn 0.8451900813953231 0.534465832688084 -7.874469341202151e-17
vn 0.8451900813953231 0.534465832688084 -4.194755177826987e-17
vn 0.8451900813953231 0.534465832688084 -4.194755177826987e-17
vn 0.8451900813953231 0.534465832688084 -4.194755177826987e-17
vn 0.9199794446432856 0.39196660754945906 -1.0184947733945935e-16
vn 0.9199794446432856 0.39196660754945906 -1.0184947733945935e-16
vn 0.9199794446432856 0.39196660754945906 -1.0184947733945935e-16
vn 0.9199794446432856 0.39196660754945906 1.160454317677958e-16
vn 0.9199794446432856 0.39196660754945906 1.160454317677958e-16
vn 0.9199794446432856 0.39196660754945906 1.160454317677958e-16
vn 0.9709418200839708 0.2393156535039567 7.085167072451217e-17
vn 0.9709418200839708 0.2393156535039567 7.085167072451217e-17
vn 0.9709418200839708 0.2393156535039567 7.085167072451217e-17
vn 0.9709418200839708 0.2393156535039567 0
vn 0.9709418200839708 0.2393156535039567 0
vn 0.9709418200839708 0.2393156535039567 0
vn 1 0 0
vn 1 0 0
vn 1 0 0
vn 1 0 0
vn 0 -1 0
vn 0 -1 0
vn 0 -1 0
vn 0 -1 0
vn -1 0 0
vn -1 0 0
vn -1 0 0
vn -1 0 0
vn 0 1 0
vn 0 1 0
vn 0 1 0
vn 0 1 0
vn 0 0 1
vn 0 0 1
vn 0 0 1
vn 0 0 1
vn 0 0 1
vn 0 0 1
vn 0 0 1
vn 0 0 1
vn 0 0 1
vn 0 0 1
vn 0 0 1
vn 0 0 1
vn 0 0 1
vn 0 0 1
vn 0 0 1
vn 0 0 1
vn 0 0 1
vn 0 0 1
vn 0 0 1
vn 0 0 1
vn 0 0 1
vn 0 0 1
vn 0 0 -1
vn 0 0 -1
vn 0 0 -1
vn 0 0 -1
vn 0 0 -1
vn 0 0 -1
vn 0 0 -1
vn 0 0 -1
vn 0 0 -1
vn 0 0 -1
vn 0 0 -1
vn 0 0 -1
vn 0 0 -1
vn 0 0 -1
vn 0 0 -1
vn 0 0 -1
vn 0 0 -1
vn 0 0 -1
vn 0 0 -1
vn 0 0 -1
vn 0 0 -1
vn 0 0 -1
vn 0 0 -1
vn 0 0 -1
vn 0 0 -1
vn 0 0 -1
vn 0 0 -1
vn 0 0 -1
vn 0 0 -1
vn 0 0 -1
vn 0 0 -1
vn 0 0 -1
vn 0 0 -1
vn 0 0 -1
vn 0 0 -1
vn 0 0 -1
vn 0 0 -1
vn 0 0 -1
vn 0 0 -1
vn 0 0 -1
vn 0 0 -1
vn 0 0 -1
vn 0 0 -1
vn -0.12840345553716692 0.01690463542309486 0.9915779272993762
vn -0.12840345553716692 0.01690463542309486 0.9915779272993762
vn -0.12840345553716692 0.01690463542309486 0.9915779272993762
f 1//1 2//2 3//3
f 4//4 5//5 6//6
f 7//7 8//8 9//9
f 7//7 9//9 10//10
f 11//11 12//12 13//13
f 11//11 13//13 14//14
f 15//15 16//16 17//17
f 15//15 17//17 18//18
f 19//19 20//20 21//21
f 19//19 21//21 22//22
f 23//23 24//24 25//25
f 26//26 27//27 28//28
f 29//29 30//30 31//31
f 32//32 33//33 34//34
f 35//35 36//36 37//37
f 38//38 39//39 40//40
f 41//41 42//42 43//43
f 44//44 45//45 46//46
f 47//47 48//48 49//49
f 50//50 51//51 52//52
f 53//53 54//54 55//55
f 56//56 57//57 58//58
f 59//59 60//60 61//61
f 62//62 63//63 64//64
f 65//65 66//66 67//67
f 68//68 69//69 70//70
f 71//71 72//72 73//73
f 74//74 75//75 76//76
f 77//77 78//78 79//79
f 80//80 81//81 82//82
f 83//83 84//84 85//85
f 86//86 87//87 88//88
f 89//89 90//90 91//91
f 92//92 93//93 94//94
f 95//95 96//96 97//97
f 98//98 99//99 100//100
f 101//101 102//102 103//103
f 104//104 105//105 106//106
f 107//107 108//108 109//109
f 110//110 111//111 112//112
f 113//113 114//114 115//115
f 116//116 117//117 118//118
f 119//119 120//120 121//121
f 122//122 123//123 124//124
f 125//125 126//126 127//127
f 128//128 129//129 130//130
f 131//131 132//132 133//133
f 134//134 135//135 136//136
f 137//137 138//138 139//139
f 140//140 141//141 142//142
f 143//143 144//144 145//145
f 146//146 147//147 148//148
f 149//149 150//150 151//151
f 152//152 153//153 154//154
f 155//155 156//156 157//157
f 158//158 159//159 160//160
f 161//161 162//162 163//163
f 164//164 165//165 166//166
f 167//167 168//168 169//169
f 170//170 171//171 172//172
f 173//173 174//174 175//175
f 176//176 177//177 178//178
f 179//179 180//180 181//181
f 182//182 183//183 184//184
f 185//185 186//186 187//187
f 188//188 189//189 190//190
f 191//191 192//192 193//193
f 194//194 195//195 196//196
f 197//197 198//198 199//199
f 200//200 201//201 202//202
f 203//203 204//204 205//205
f 206//206 207//207 208//208
f 209//209 210//210 211//211
f 212//212 213//213 214//214
f 215//215 216//216 217//217
f 218//218 219//219 220//220
f 221//221 222//222 223//223
f 224//224 225//225 226//226
f 227//227 228//228 229//229
f 230//230 231//231 232//232
f 233//233 234//234 235//235
f 236//236 237//237 238//238
f 239//239 240//240 241//241
f 242//242 243//243 244//244
f 245//245 246//246 247//247
f 248//248 249//249 250//250
f 251//251 252//252 253//253
f 254//254 255//255 256//256
f 257//257 258//258 259//259
f 260//260 261//261 262//262
f 263//263 264//264 265//265
f 266//266 267//267 268//268
f 269//269 270//270 271//271
f 272//272 273//273 274//274
f 275//275 276//276 277//277
f 278//278 279//279 280//280
f 281//281 282//282 283//283
f 284//284 285//285 286//286
f 287//287 288//288 289//289
f 290//290 291//291 292//292
f 293//293 294//294 295//295
f 296//296 297//297 298//298
f 299//299 300//300 301//301
f 302//302 303//303 304//304
f 305//305 306//306 307//307
f 308//308 309//309 310//310
f 311//311 312//312 313//313
f 314//314 315//315 316//316
f 316//316 315//315 317//317
f 318//318 319//319 320//320
f 320//320 319//319 321//321
f 322//322 323//323 324//324
f 324//324 323//323 325//325
f 326//326 327//327 328//328
f 328//328 327//327 329//329
f 330//330 331//331 332//332
f 332//332 331//331 333//333
f 334//334 335//335 336//336
f 336//336 335//335 337//337
f 338//338 339//339 340//340
f 340//340 339//339 341//341
f 342//342 343//343 344//344
f 344//344 343//343 345//345
f 346//346 347//347 348//348
f 348//348 347//347 349//349
f 350//350 351//351 352//352
f 352//352 351//351 353//353
f 354//354 355//355 356//356
f 356//356 355//355 357//357
f 358//358 359//359 360//360
f 360//360 359//359 361//361
f 362//362 363//363 364//364
f 364//364 363//363 365//365
f 366//366 367//367 368//368
f 368//368 367//367 369//369
f 370//370 371//371 372//372
f 372//372 371//371 373//373
f 374//374 375//375 376//376
f 376//376 375//375 377//377
f 378//378 379//379 380//380
f 380//380 379//379 381//381
f 382//382 383//383 384//384
f 384//384 383//383 385//385
f 386//386 387//387 388//388
f 388//388 387//387 389//389
f 390//390 391//391 392//392
f 392//392 391//391 393//393
f 394//394 395//395 396//396
f 396//396 395//395 397//397
f 398//398 399//399 400//400
f 400//400 399//399 401//401
f 402//402 403//403 404//404
f 404//404 403//403 405//405
f 406//406 407//407 408//408
f 408//408 407//407 409//409
f 410//410 411//411 412//412
f 412//412 411//411 413//413
f 414//414 415//415 416//416
f 416//416 415//415 417//417
f 418//418 419//419 420//420
f 420//420 419//419 421//421
f 422//422 423//423 424//424
f 424//424 423//423 425//425
f 426//426 427//427 428//428
f 428//428 427//427 429//429
f 430//430 431//431 432//432
f 432//432 431//431 433//433
f 434//434 435//435 436//436
f 436//436 435//435 437//437
f 438//438 439//439 440//440
f 440//440 439//439 441//441
f 442//442 443//443 444//444
f 444//444 443//443 445//445
f 446//446 447//447 448//448
f 448//448 447//447 449//449
f 450//450 451//451 452//452
f 452//452 451//451 453//453
f 454//454 455//455 456//456
f 456//456 455//455 457//457
f 458//458 459//459 460//460
f 460//460 459//459 461//461
f 462//462 463//463 464//464
f 464//464 463//463 465//465
f 466//466 467//467 468//468
f 468//468 467//467 469//469
f 470//470 471//471 472//472
f 472//472 471//471 473//473
f 474//474 475//475 476//476
f 476//476 475//475 477//477
f 478//478 479//479 480//480
f 480//480 479//479 481//481
f 482//482 483//483 484//484
f 484//484 483//483 485//485
f 486//486 487//487 488//488
f 488//488 487//487 489//489
f 490//490 491//491 492//492
f 492//492 491//491 493//493
f 494//494 495//495 496//496
f 496//496 495//495 497//497
f 498//498 499//499 500//500
f 500//500 499//499 501//501
f 502//502 503//503 504//504
f 504//504 503//503 505//505
f 506//506 507//507 508//508
f 509//509 510//510 511//511
f 511//511 510//510 512//512
f 513//513 514//514 515//515
f 515//515 514//514 516//516
f 517//517 518//518 519//519
f 519//519 518//518 520//520
f 521//521 522//522 523//523
f 523//523 522//522 524//524
f 525//525 526//526 527//527
f 527//527 526//526 528//528
f 529//529 530//530 531//531
f 531//531 530//530 532//532
f 533//533 534//534 535//535
f 535//535 534//534 536//536
f 537//537 538//538 539//539
f 539//539 538//538 540//540
f 541//541 542//542 543//543
f 543//543 542//542 544//544
f 545//545 546//546 547//547
f 547//547 546//546 548//548
f 549//549 550//550 551//551
f 551//551 550//550 552//552
f 553//553 554//554 555//555
f 555//555 554//554 556//556
f 557//557 558//558 559//559
f 559//559 558//558 560//560
f 561//561 562//562 563//563
f 563//563 562//562 564//564
f 565//565 566//566 567//567
f 567//567 566//566 568//568
f 569//569 570//570 571//571
f 571//571 570//570 572//572
f 573//573 574//574 575//575
f 575//575 574//574 576//576
f 577//577 578//578 579//579
f 579//579 578//578 580//580
f 581//581 582//582 583//583
f 583//583 582//582 584//584
f 585//585 586//586 587//587
f 587//587 586//586 588//588
f 589//589 590//590 591//591
f 591//591 590//590 592//592
f 593//593 594//594 595//595
f 595//595 594//594 596//596
f 597//597 598//598 599//599
f 599//599 598//598 600//600
f 601//601 602//602 603//603
f 603//603 602//602 604//604
f 605//605 606//606 607//607
f 608//608 506//506 508//508
f 605//605 607//607 609//609
f 610//610 611//611 612//612
f 610//610 612//612 613//613
f 614//614 615//615 616//616
f 614//614 616//616 617//617
f 618//618 619//619 620//620
f 618//618 620//620 621//621
f 622//622 623//623 624//624
f 622//622 624//624 625//625
f 626//626 627//627 628//628
f 626//626 628//628 629//629
f 630//630 631//631 632//632
f 630//630 632//632 633//633
f 634//634 635//635 636//636
f 634//634 636//636 637//637
f 638//638 639//639 640//640
f 638//638 640//640 641//641
f 642//642 643//643 644//644
f 642//642 644//644 645//645
f 646//646 647//647 648//648
f 646//646 648//648 649//649
f 650//650 651//651 652//652
f 650//650 652//652 653//653
f 654//654 655//655 656//656
f 654//654 656//656 657//657
f 658//658 659//659 660//660
f 658//658 660//660 661//661
f 662//662 663//663 664//664
f 662//662 664//664 665//665
f 666//666 667//667 668//668
f 666//666 668//668 669//669
f 670//670 671//671 672//672
f 670//670 672//672 673//673
f 674//674 675//675 676//676
f 674//674 676//676 677//677
f 678//678 679//679 680//680
f 678//678 680//680 681//681
f 682//682 683//683 684//684
f 682//682 684//684 685//685
f 686//686 687//687 688//688
f 686//686 688//688 689//689
f 690//690 691//691 692//692
f 690//690 692//692 693//693
f 694//694 695//695 696//696
f 694//694 696//696 697//697
f 698//698 699//699 700//700
f 700//700 699//699 701//701
f 700//700 701//701 702//702
f 702//702 701//701 703//703
f 702//702 703//703 704//704
f 704//704 703//703 705//705
f 704//704 705//705 706//706
f 706//706 705//705 707//707
f 706//706 707//707 708//708
f 708//708 707//707 709//709
f 708//708 709//709 710//710
f 710//710 709//709 711//711
f 710//710 711//711 712//712
f 699//699 698//698 713//713
f 713//713 698//698 714//714
f 713//713 714//714 715//715
f 715//715 714//714 716//716
f 715//715 716//716 717//717
f 717//717 716//716 718//718
f 717//717 718//718 719//719
f 719//719 718//718 720//720
f 719//719 720//720 721//721
f 722//722 723//723 724//724
f 725//725 726//726 727//727
f 728//728 729//729 730//730
f 731//731 732//732 733//733
f 731//731 733//733 734//734
f 735//735 736//736 737//737
f 735//735 737//737 738//738
f 739//739 740//740 741//741
f 739//739 741//741 742//742
f 743//743 744//744 745//745
f 743//743 745//745 746//746
f 747//747 748//748 749//749
f 750//750 751//751 752//752
f 753//753 754//754 755//755
f 756//756 757//757 758//758
f 759//759 760//760 761//761
f 762//762 763//763 764//764
f 765//765 766//766 767//767
f 768//768 769//769 770//770
f 771//771 772//772 773//773
f 774//774 775//775 776//776
f 777//777 778//778 779//779
f 780//780 781//781 782//782
f 783//783 784//784 785//785
f 786//786 787//787 788//788
f 789//789 790//790 791//791
f 792//792 793//793 794//794
f 795//795 796//796 797//797
f 798//798 799//799 800//800
f 801//801 802//802 803//803
f 804//804 805//805 806//806
f 807//807 808//808 809//809
f 810//810 811//811 812//812
f 813//813 814//814 815//815
f 816//816 817//817 818//818
f 819//819 820//820 821//821
f 822//822 823//823 824//824
f 825//825 826//826 827//827
f 828//828 829//829 830//830
f 831//831 832//832 833//833
f 834//834 835//835 836//836
f 837//837 838//838 839//839
f 840//840 841//841 842//842
f 843//843 844//844 845//845
f 846//846 847//847 848//848
f 849//849 850//850 851//851
f 852//852 853//853 854//854
f 855//855 856//856 857//857
f 858//858 859//859 860//860
f 861//861 862//862 863//863
f 864//864 865//865 866//866
f 867//867 868//868 869//869
f 870//870 871//871 872//872
f 873//873 874//874 875//875
f 876//876 877//877 878//878
f 879//879 880//880 881//881
f 882//882 883//883 884//884
f 885//885 886//886 887//887
f 888//888 889//889 890//890
f 891//891 892//892 893//893
f 894//894 895//895 896//896
f 897//897 898//898 899//899
f 900//900 901//901 902//902
f 903//903 904//904 905//905
f 906//906 907//907 908//908
f 909//909 910//910 911//911
f 912//912 913//913 914//914
f 915//915 916//916 917//917
f 918//918 919//919 920//920
f 921//921 922//922 923//923
f 924//924 925//925 926//926
f 927//927 928//928 929//929
f 930//930 931//931 932//932
f 933//933 934//934 935//935
f 936//936 937//937 938//938
f 939//939 940//940 941//941
f 942//942 943//943 944//944
f 945//945 946//946 947//947
f 948//948 949//949 950//950
f 951//951 952//952 953//953
f 954//954 955//955 956//956
f 957//957 958//958 959//959
f 960//960 961//961 962//962
f 963//963 964//964 965//965
f 966//966 967//967 968//968
f 969//969 970//970 971//971
f 972//972 973//973 974//974
f 975//975 976//976 977//977
f 978//978 979//979 980//980
f 981//981 982//982 983//983
f 984//984 985//985 986//986
f 987//987 988//988 989//989
f 990//990 991//991 992//992
f 993//993 994//994 995//995
f 996//996 997//997 998//998
f 999//999 1000//1000 1001//1001
f 1002//1002 1003//1003 1004//1004
f 1005//1005 1006//1006 1007//1007
f 1008//1008 1009//1009 1010//1010
f 1011//1011 1012//1012 1013//1013
f 1014//1014 1015//1015 1016//1016
f 1017//1017 1018//1018 1019//1019
f 1020//1020 1021//1021 1022//1022
f 1023//1023 1024//1024 1025//1025
f 1026//1026 1027//1027 1028//1028
f 1029//1029 1030//1030 1031//1031
f 1032//1032 1033//1033 1034//1034
f 1035//1035 1036//1036 1037//1037
f 1038//1038 1039//1039 1040//1040
f 1040//1040 1039//1039 1041//1041
f 1042//1042 1043//1043 1044//1044
f 1044//1044 1043//1043 1045//1045
f 1046//1046 1047//1047 1048//1048
f 1048//1048 1047//1047 1049//1049
f 1050//1050 1051//1051 1052//1052
f 1052//1052 1051//1051 1053//1053
f 1054//1054 1055//1055 1056//1056
f 1056//1056 1055//1055 1057//1057
f 1058//1058 1059//1059 1060//1060
f 1060//1060 1059//1059 1061//1061
f 1062//1062 1063//1063 1064//1064
f 1064//1064 1063//1063 1065//1065
f 1066//1066 1067//1067 1068//1068
f 1068//1068 1067//1067 1069//1069
f 1070//1070 1071//1071 1072//1072
f 1072//1072 1071//1071 1073//1073
f 1074//1074 1075//1075 1076//1076
f 1076//1076 1075//1075 1077//1077
f 1078//1078 1079//1079 1080//1080
f 1080//1080 1079//1079 1081//1081
f 1082//1082 1083//1083 1084//1084
f 1084//1084 1083//1083 1085//1085
f 1086//1086 1087//1087 1088//1088
f 1088//1088 1087//1087 1089//1089
f 1090//1090 1091//1091 1092//1092
f 1092//1092 1091//1091 1093//1093
f 1094//1094 1095//1095 1096//1096
f 1096//1096 1095//1095 1097//1097
f 1098//1098 1099//1099 1100//1100
f 1100//1100 1099//1099 1101//1101
f 1102//1102 1103//1103 1104//1104
f 1104//1104 1103//1103 1105//1105
f 1106//1106 1107//1107 1108//1108
f 1108//1108 1107//1107 1109//1109
f 1110//1110 1111//1111 1112//1112
f 1112//1112 1111//1111 1113//1113
f 1114//1114 1115//1115 1116//1116
f 1116//1116 1115//1115 1117//1117
f 1118//1118 1119//1119 1120//1120
f 1120//1120 1119//1119 1121//1121
f 1122//1122 1123//1123 1124//1124
f 1124//1124 1123//1123 1125//1125
f 1126//1126 1127//1127 1128//1128
f 1128//1128 1127//1127 1129//1129
f 1130//1130 1131//1131 1132//1132
f 1132//1132 1131//1131 1133//1133
f 1134//1134 1135//1135 1136//1136
f 1136//1136 1135//1135 1137//1137
f 1138//1138 1139//1139 1140//1140
f 1140//1140 1139//1139 1141//1141
f 1142//1142 1143//1143 1144//1144
f 1144//1144 1143//1143 1145//1145
f 1146//1146 1147//1147 1148//1148
f 1148//1148 1147//1147 1149//1149
f 1150//1150 1151//1151 1152//1152
f 1152//1152 1151//1151 1153//1153
f 1154//1154 1155//1155 1156//1156
f 1156//1156 1155//1155 1157//1157
f 1158//1158 1159//1159 1160//1160
f 1160//1160 1159//1159 1161//1161
f 1162//1162 1163//1163 1164//1164
f 1164//1164 1163//1163 1165//1165
f 1166//1166 1167//1167 1168//1168
f 1168//1168 1167//1167 1169//1169
f 1170//1170 1171//1171 1172//1172
f 1172//1172 1171//1171 1173//1173
f 1174//1174 1175//1175 1176//1176
f 1176//1176 1175//1175 1177//1177
f 1178//1178 1179//1179 1180//1180
f 1180//1180 1179//1179 1181//1181
f 1182//1182 1183//1183 1184//1184
f 1184//1184 1183//1183 1185//1185
f 1186//1186 1187//1187 1188//1188
f 1188//1188 1187//1187 1189//1189
f 1190//1190 1191//1191 1192//1192
f 1192//1192 1191//1191 1193//1193
f 1194//1194 1195//1195 1196//1196
f 1196//1196 1195//1195 1197//1197
f 1198//1198 1199//1199 1200//1200
f 1200//1200 1199//1199 1201//1201
f 1202//1202 1203//1203 1204//1204
f 1204//1204 1203//1203 1205//1205
f 1206//1206 1207//1207 1208//1208
f 1208//1208 1207//1207 1209//1209
f 1210//1210 1211//1211 1212//1212
f 1212//1212 1211//1211 1213//1213
f 1214//1214 1215//1215 1216//1216
f 1216//1216 1215//1215 1217//1217
f 1218//1218 1219//1219 1220//1220
f 1220//1220 1219//1219 1221//1221
f 1222//1222 1223//1223 1224//1224
f 1224//1224 1223//1223 1225//1225
f 1226//1226 1227//1227 1228//1228
f 1228//1228 1227//1227 1229//1229
f 1230//1230 1231//1231 1232//1232
f 1233//1233 1234//1234 1235//1235
f 1235//1235 1234//1234 1236//1236
f 1237//1237 1238//1238 1239//1239
f 1239//1239 1238//1238 1240//1240
f 1241//1241 1242//1242 1243//1243
f 1243//1243 1242//1242 1244//1244
f 1245//1245 1246//1246 1247//1247
f 1247//1247 1246//1246 1248//1248
f 1249//1249 1250//1250 1251//1251
f 1251//1251 1250//1250 1252//1252
f 1253//1253 1254//1254 1255//1255
f 1255//1255 1254//1254 1256//1256
f 1257//1257 1258//1258 1259//1259
f 1259//1259 1258//1258 1260//1260
f 1261//1261 1262//1262 1263//1263
f 1263//1263 1262//1262 1264//1264
f 1265//1265 1266//1266 1267//1267
f 1267//1267 1266//1266 1268//1268
f 1269//1269 1270//1270 1271//1271
f 1271//1271 1270//1270 1272//1272
f 1273//1273 1274//1274 1275//1275
f 1275//1275 1274//1274 1276//1276
f 1277//1277 1278//1278 1279//1279
f 1279//1279 1278//1278 1280//1280
f 1281//1281 1282//1282 1283//1283
f 1283//1283 1282//1282 1284//1284
f 1285//1285 1286//1286 1287//1287
f 1287//1287 1286//1286 1288//1288
f 1289//1289 1290//1290 1291//1291
f 1291//1291 1290//1290 1292//1292
f 1293//1293 1294//1294 1295//1295
f 1295//1295 1294//1294 1296//1296
f 1297//1297 1298//1298 1299//1299
f 1299//1299 1298//1298 1300//1300
f 1301//1301 1302//1302 1303//1303
f 1303//1303 1302//1302 1304//1304
f 1305//1305 1306//1306 1307//1307
f 1307//1307 1306//1306 1308//1308
f 1309//1309 1310//1310 1311//1311
f 1311//1311 1310//1310 1312//1312
f 1313//1313 1314//1314 1315//1315
f 1315//1315 1314//1314 1316//1316
f 1317//1317 1318//1318 1319//1319
f 1319//1319 1318//1318 1320//1320
f 1321//1321 1322//1322 1323//1323
f 1323//1323 1322//1322 1324//1324
f 1325//1325 1326//1326 1327//1327
f 1327//1327 1326//1326 1328//1328
f 1329//1329 1330//1330 1331//1331
f 1332//1332 1230//1230 1232//1232
f 1329//1329 1331//1331 1333//1333
f 1334//1334 1335//1335 1336//1336
f 1334//1334 1336//1336 1337//1337
f 1338//1338 1339//1339 1340//1340
f 1338//1338 1340//1340 1341//1341
f 1342//1342 1343//1343 1344//1344
f 1342//1342 1344//1344 1345//1345
f 1346//1346 1347//1347 1348//1348
f 1346//1346 1348//1348 1349//1349
f 1350//1350 1351//1351 1352//1352
f 1350//1350 1352//1352 1353//1353
f 1354//1354 1355//1355 1356//1356
f 1354//1354 1356//1356 1357//1357
f 1358//1358 1359//1359 1360//1360
f 1358//1358 1360//1360 1361//1361
f 1362//1362 1363//1363 1364//1364
f 1362//1362 1364//1364 1365//1365
f 1366//1366 1367//1367 1368//1368
f 1366//1366 1368//1368 1369//1369
f 1370//1370 1371//1371 1372//1372
f 1370//1370 1372//1372 1373//1373
f 1374//1374 1375//1375 1376//1376
f 1374//1374 1376//1376 1377//1377
f 1378//1378 1379//1379 1380//1380
f 1378//1378 1380//1380 1381//1381
f 1382//1382 1383//1383 1384//1384
f 1382//1382 1384//1384 1385//1385
f 1386//1386 1387//1387 1388//1388
f 1386//1386 1388//1388 1389//1389
f 1390//1390 1391//1391 1392//1392
f 1390//1390 1392//1392 1393//1393
f 1394//1394 1395//1395 1396//1396
f 1394//1394 1396//1396 1397//1397
f 1398//1398 1399//1399 1400//1400
f 1398//1398 1400//1400 1401//1401
f 1402//1402 1403//1403 1404//1404
f 1402//1402 1404//1404 1405//1405
f 1406//1406 1407//1407 1408//1408
f 1406//1406 1408//1408 1409//1409
f 1410//1410 1411//1411 1412//1412
f 1410//1410 1412//1412 1413//1413
f 1414//1414 1415//1415 1416//1416
f 1414//1414 1416//1416 1417//1417
f 1418//1418 1419//1419 1420//1420
f 1418//1418 1420//1420 1421//1421
f 1422//1422 1423//1423 1424//1424
f 1424//1424 1423//1423 1425//1425
f 1424//1424 1425//1425 1426//1426
f 1426//1426 1425//1425 1427//1427
f 1426//1426 1427//1427 1428//1428
f 1428//1428 1427//1427 1429//1429
f 1428//1428 1429//1429 1430//1430
f 1430//1430 1429//1429 1431//1431
f 1430//1430 1431//1431 1432//1432
f 1432//1432 1431//1431 1433//1433
f 1432//1432 1433//1433 1434//1434
f 1434//1434 1433//1433 1435//1435
f 1434//1434 1435//1435 1436//1436
f 1423//1423 1422//1422 1437//1437
f 1437//1437 1422//1422 1438//1438
f 1437//1437 1438//1438 1439//1439
f 1439//1439 1438//1438 1440//1440
f 1439//1439 1440//1440 1441//1441
f 1441//1441 1440//1440 1442//1442
f 1441//1441 1442//1442 1443//1443
f 1443//1443 1442//1442 1444//1444
f 1443//1443 1444//1444 1445//1445
f 1446//1446 1447//1447 1448//1448
f 1448//1448 1447//1447 1449//1449
f 1448//1448 1449//1449 1450//1450
f 1450//1450 1451//1451 1448//1448
f 1448//1448 1451//1451 1452//1452
f 1448//1448 1452//1452 1453//1453
f 1453//1453 1454//1454 1448//1448
f 1455//1455 1456//1456 1457//1457
f 1457//1457 1456//1456 1458//1458
f 1457//1457 1458//1458 1459//1459
f 1459//1459 1460//1460 1457//1457
f 1457//1457 1460//1460 1461//1461
f 1457//1457 1461//1461 1462//1462
f 1462//1462 1463//1463 1457//1457
f 1464//1464 1465//1465 1466//1466
f 1466//1466 1465//1465 1467//1467
f 1466//1466 1467//1467 1468//1468
f 1468//1468 1467//1467 1469//1469
f 1468//1468 1469//1469 1470//1470
f 1465//1465 1471//1471 1467//1467
f 1467//1467 1471//1471 1472//1472
f 1472//1472 1471//1471 1473//1473
f 1472//1472 1473//1473 1474//1474
f 1474//1474 1473//1473 1475//1475
f 1474//1474 1475//1475 1476//1476
f 1476//1476 1475//1475 1477//1477
f 1476//1476 1477//1477 1478//1478
f 1478//1478 1477//1477 1479//1479
f 1478//1478 1479//1479 1480//1480
f 1480//1480 1479//1479 1481//1481
f 1480//1480 1481//1481 1482//1482
f 1483//1483 1484//1484 1479//1479
f 1479//1479 1484//1484 1485//1485
f 1479//1479 1485//1485 1486//1486
f 1487//1487 1488//1488 1483//1483
f 1483//1483 1488//1488 1489//1489
f 1483//1483 1489//1489 1490//1490
f 1491//1491 1492//1492 1487//1487
f 1487//1487 1492//1492 1493//1493
f 1487//1487 1493//1493 1494//1494
f 1494//1494 1493//1493 1495//1495
f 1495//1495 1493//1493 1496//1496
f 1496//1496 1493//1493 1497//1497
f 1497//1497 1493//1493 1463//1463
f 1491//1491 1498//1498 1492//1492
f 1492//1492 1498//1498 1499//1499
f 1499//1499 1498//1498 1500//1500
f 1499//1499 1500//1500 1501//1501
f 1501//1501 1500//1500 1502//1502
f 1502//1502 1500//1500 1503//1503
f 1502//1502 1503//1503 1504//1504
f 1504//1504 1503//1503 1505//1505
f 1504//1504 1505//1505 1506//1506
f 1506//1506 1505//1505 1507//1507
f 1507//1507 1505//1505 1508//1508
f 1507//1507 1508//1508 1509//1509
f 1509//1509 1508//1508 1510//1510
f 1509//1509 1510//1510 1511//1511
f 1511//1511 1510//1510 1512//1512
f 1511//1511 1512//1512 1513//1513
f 1514//1514 1515//1515 1513//1513
f 1513//1513 1515//1515 1516//1516
f 1513//1513 1516//1516 1511//1511
f 1517//1517 1470//1470 1514//1514
f 1514//1514 1470//1470 1518//1518
f 1514//1514 1518//1518 1519//1519
f 1519//1519 1518//1518 1520//1520
f 1519//1519 1520//1520 1521//1521
f 1517//1517 1468//1468 1470//1470
f 1522//1522 1523//1523 1524//1524
f 1524//1524 1523//1523 1525//1525
f 1524//1524 1525//1525 1526//1526
f 1527//1527 1528//1528 1522//1522
f 1522//1522 1528//1528 1529//1529
f 1522//1522 1529//1529 1530//1530
f 1531//1531 1532//1532 1527//1527
f 1527//1527 1532//1532 1533//1533
f 1527//1527 1533//1533 1534//1534
f 1535//1535 1536//1536 1531//1531
f 1531//1531 1536//1536 1537//1537
f 1531//1531 1537//1537 1538//1538
f 1538//1538 1537//1537 1539//1539
f 1539//1539 1537//1537 1454//1454
f 1540//1540 1541//1541 1535//1535
f 1535//1535 1541//1541 1542//1542
f 1535//1535 1542//1542 1536//1536
f 1541//1541 1540//1540 1543//1543
f 1543//1543 1540//1540 1524//1524
f 1543//1543 1524//1524 1526//1526
f 1544//1544 1545//1545 1506//1506
f 1506//1506 1545//1545 1546//1546
f 1506//1506 1546//1546 1547//1547
f 1547//1547 1546//1546 1548//1548
f 1548//1548 1546//1546 1549//1549
f 1549//1549 1546//1546 1550//1550
f 1549//1549 1550//1550 1551//1551
f 1545//1545 1544//1544 1552//1552
f 1552//1552 1544//1544 1553//1553
f 1552//1552 1553//1553 1554//1554
f 1554//1554 1553//1553 1515//1515
f 1515//1515 1553//1553 1555//1555
f 1515//1515 1555//1555 1516//1516
f 1556//1556 1557//1557 1558//1558
f 1558//1558 1557//1557 1559//1559
f 1558//1558 1559//1559 1560//1560
f 1560//1560 1559//1559 1561//1561
f 1561//1561 1559//1559 1562//1562
f 1561//1561 1562//1562 1563//1563
f 1563//1563 1562//1562 1564//1564
f 1564//1564 1562//1562 1565//1565
f 1565//1565 1562//1562 1566//1566
f 1566//1566 1562//1562 1567//1567
f 1567//1567 1562//1562 1568//1568
f 1568//1568 1562//1562 1569//1569
f 1569//1569 1562//1562 1570//1570
f 1569//1569 1570//1570 1571//1571
f 1571//1571 1570//1570 1572//1572
f 1572//1572 1570//1570 1573//1573
f 1573//1573 1570//1570 1574//1574
f 1574//1574 1570//1570 1575//1575
f 1575//1575 1570//1570 1576//1576
f 1576//1576 1570//1570 1577//1577
f 1577//1577 1570//1570 1578//1578
f 1577//1577 1578//1578 1579//1579
f 1579//1579 1578//1578 1580//1580
f 1580//1580 1578//1578 1581//1581
f 1581//1581 1578//1578 1582//1582
f 1582//1582 1578//1578 1583//1583
f 1583//1583 1578//1578 1584//1584
f 1584//1584 1578//1578 1585//1585
f 1585//1585 1578//1578 1586//1586
f 1586//1586 1578//1578 1587//1587
f 1587//1587 1578//1578 1588//1588
f 1588//1588 1578//1578 1589//1589
f 1589//1589 1578//1578 1590//1590
f 1590//1590 1578//1578 1591//1591
f 1590//1590 1591//1591 1592//1592
f 1592//1592 1591//1591 1593//1593
f 1592//1592 1593//1593 1594//1594
f 1594//1594 1593//1593 1595//1595
f 1595//1595 1593//1593 1596//1596
f 1596//1596 1593//1593 1597//1597
f 1597//1597 1593//1593 1598//1598
f 1598//1598 1593//1593 1599//1599
f 1599//1599 1593//1593 1600//1600
f 1600//1600 1593//1593 1601//1601
f 1600//1600 1601//1601 1602//1602
f 1602//1602 1601//1601 1603//1603
f 1603//1603 1601//1601 1604//1604
f 1604//1604 1601//1601 1605//1605
f 1604//1604 1605//1605 1606//1606
f 1606//1606 1605//1605 1607//1607
f 1607//1607 1605//1605 1608//1608
f 1608//1608 1605//1605 1609//1609
f 1608//1608 1609//1609 1610//1610
f 1610//1610 1609//1609 1611//1611
f 1611//1611 1609//1609 1612//1612
f 1612//1612 1609//1609 1613//1613
f 1613//1613 1609//1609 1614//1614
f 1613//1613 1614//1614 1615//1615
f 1556//1556 1616//1616 1557//1557
f 1557//1557 1616//1616 1521//1521
f 1521//1521 1616//1616 1519//1519
f 1519//1519 1515//1515 1514//1514
f 1552//1552 1617//1617 1545//1545
f 1545//1545 1617//1617 1618//1618
f 1545//1545 1618//1618 1619//1619
f 1619//1619 1618//1618 1620//1620
f 1619//1619 1620//1620 1621//1621
f 1621//1621 1620//1620 1622//1622
f 1622//1622 1620//1620 1623//1623
f 1622//1622 1623//1623 1624//1624
f 1622//1622 1624//1624 1625//1625
f 1625//1625 1624//1624 1558//1558
f 1625//1625 1558//1558 1560//1560
f 1593//1593 1591//1591 1626//1626
f 1626//1626 1591//1591 1627//1627
f 1626//1626 1627//1627 1628//1628
f 1628//1628 1627//1627 1629//1629
f 1629//1629 1627//1627 1630//1630
f 1629//1629 1630//1630 1631//1631
f 1629//1629 1631//1631 1632//1632
f 1632//1632 1631//1631 1633//1633
f 1632//1632 1633//1633 1634//1634
f 1634//1634 1633//1633 1635//1635
f 1635//1635 1633//1633 1636//1636
f 1635//1635 1636//1636 1637//1637
f 1638//1638 1639//1639 1637//1637
f 1637//1637 1639//1639 1640//1640
f 1637//1637 1640//1640 1635//1635
f 1638//1638 1641//1641 1639//1639
f 1639//1639 1641//1641 1642//1642
f 1642//1642 1641//1641 1643//1643
f 1642//1642 1643//1643 1644//1644
f 1644//1644 1643//1643 1645//1645
f 1645//1645 1643//1643 1646//1646
f 1645//1645 1646//1646 1647//1647
f 1647//1647 1646//1646 1648//1648
f 1647//1647 1648//1648 1649//1649
f 1647//1647 1649//1649 1650//1650
f 1650//1650 1649//1649 1651//1651
f 1650//1650 1651//1651 1652//1652
f 1652//1652 1651//1651 1653//1653
f 1652//1652 1653//1653 1654//1654
f 1654//1654 1653//1653 1655//1655
f 1655//1655 1653//1653 1656//1656
f 1655//1655 1656//1656 1478//1478
f 1478//1478 1656//1656 1476//1476
f 1494//1494 1657//1657 1487//1487
f 1487//1487 1657//1657 1658//1658
f 1487//1487 1658//1658 1488//1488
f 1490//1490 1659//1659 1483//1483
f 1483//1483 1659//1659 1660//1660
f 1483//1483 1660//1660 1484//1484
f 1486//1486 1481//1481 1479//1479
f 1482//1482 1661//1661 1480//1480
f 1480//1480 1661//1661 1662//1662
f 1480//1480 1662//1662 1455//1455
f 1601//1601 1663//1663 1605//1605
f 1605//1605 1663//1663 1664//1664
f 1664//1664 1663//1663 1665//1665
f 1664//1664 1665//1665 1666//1666
f 1663//1663 1667//1667 1665//1665
f 1664//1664 1666//1666 1668//1668
f 1668//1668 1666//1666 1669//1669
f 1668//1668 1669//1669 1670//1670
f 1670//1670 1669//1669 1671//1671
f 1670//1670 1671//1671 1672//1672
f 1672//1672 1671//1671 1673//1673
f 1673//1673 1671//1671 1674//1674
f 1673//1673 1674//1674 1675//1675
f 1673//1673 1675//1675 1676//1676
f 1676//1676 1675//1675 1677//1677
f 1676//1676 1677//1677 1678//1678
f 1678//1678 1677//1677 1679//1679
f 1679//1679 1677//1677 1680//1680
f 1679//1679 1680//1680 1681//1681
f 1682//1682 1683//1683 1681//1681
f 1681//1681 1683//1683 1684//1684
f 1681//1681 1684//1684 1679//1679
f 1682//1682 1685//1685 1683//1683
f 1683//1683 1685//1685 1686//1686
f 1686//1686 1685//1685 1687//1687
f 1686//1686 1687//1687 1688//1688
f 1688//1688 1687//1687 1689//1689
f 1689//1689 1687//1687 1690//1690
f 1689//1689 1690//1690 1691//1691
f 1691//1691 1690//1690 1692//1692
f 1691//1691 1692//1692 1693//1693
f 1691//1691 1693//1693 1694//1694
f 1694//1694 1693//1693 1695//1695
f 1694//1694 1695//1695 1696//1696
f 1696//1696 1695//1695 1697//1697
f 1697//1697 1695//1695 1698//1698
f 1697//1697 1698//1698 1699//1699
f 1697//1697 1699//1699 1700//1700
f 1700//1700 1699//1699 1701//1701
f 1700//1700 1701//1701 1702//1702
f 1703//1703 1704//1704 1702//1702
f 1702//1702 1704//1704 1705//1705
f 1702//1702 1705//1705 1706//1706
f 1703//1703 1707//1707 1704//1704
f 1704//1704 1708//1708 1705//1705
f 1705//1705 1708//1708 1709//1709
f 1709//1709 1708//1708 1710//1710
f 1710//1710 1708//1708 1711//1711
f 1710//1710 1711//1711 1712//1712
f 1713//1713 1714//1714 1712//1712
f 1712//1712 1714//1714 1715//1715
f 1712//1712 1715//1715 1710//1710
f 1714//1714 1713//1713 1716//1716
f 1716//1716 1713//1713 1717//1717
f 1716//1716 1717//1717 1718//1718
f 1716//1716 1718//1718 1719//1719
f 1719//1719 1718//1718 1720//1720
f 1719//1719 1720//1720 1721//1721
f 1721//1721 1720//1720 1722//1722
f 1722//1722 1720//1720 1723//1723
f 1722//1722 1723//1723 1724//1724
f 1720//1720 1725//1725 1723//1723
f 1723//1723 1725//1725 1726//1726
f 1543//1543 1526//1526 1724//1724
f 1724//1724 1526//1526 1727//1727
f 1724//1724 1727//1727 1722//1722
f 1536//1536 1728//1728 1537//1537
f 1538//1538 1729//1729 1531//1531
f 1531//1531 1729//1729 1730//1730
f 1531//1531 1730//1730 1731//1731
f 1731//1731 1732//1732 1531//1531
f 1531//1531 1732//1732 1532//1532
f 1534//1534 1733//1733 1527//1527
f 1527//1527 1733//1733 1734//1734
f 1527//1527 1734//1734 1528//1528
f 1530//1530 1735//1735 1522//1522
f 1522//1522 1735//1735 1523//1523
f 1735//1735 1736//1736 1523//1523
f 1523//1523 1736//1736 1737//1737
f 1523//1523 1737//1737 1738//1738
f 1738//1738 1446//1446 1523//1523
f 1706//1706 1700//1700 1702//1702
f 1563//1563 1739//1739 1561//1561
f 1551//1551 1740//1740 1549//1549
f 1547//1547 1504//1504 1506//1506
f 1741//1741 1742//1742 1743//1743
f 1744//1744 1745//1745 1746//1746
f 1747//1747 1748//1748 1749//1749
f 1749//1749 1748//1748 1750//1750
f 1751//1751 1752//1752 1753//1753
f 1753//1753 1752//1752 1754//1754
f 1755//1755 1756//1756 1757//1757
f 1757//1757 1756//1756 1758//1758
f 1759//1759 1760//1760 1761//1761
f 1761//1761 1760//1760 1762//1762
f 1763//1763 1764//1764 1765//1765
f 1765//1765 1764//1764 1766//1766
f 1767//1767 1768//1768 1769//1769
f 1770//1770 1771//1771 1772//1772
f 1773//1773 1774//1774 1775//1775
f 1776//1776 1777//1777 1778//1778
f 1779//1779 1780//1780 1781//1781
f 1781//1781 1780//1780 1782//1782
f 1783//1783 1784//1784 1785//1785
f 1785//1785 1784//1784 1786//1786
f 1787//1787 1788//1788 1789//1789
f 1789//1789 1788//1788 1790//1790
f 1791//1791 1792//1792 1793//1793
f 1793//1793 1792//1792 1794//1794
f 1795//1795 1796//1796 1797//1797
f 1797//1797 1796//1796 1798//1798
f 1799//1799 1800//1800 1801//1801
f 1801//1801 1800//1800 1802//1802
f 1803//1803 1804//1804 1805//1805
f 1805//1805 1804//1804 1806//1806
f 1807//1807 1808//1808 1809//1809
f 1809//1809 1808//1808 1810//1810
f 1811//1811 1812//1812 1813//1813
f 1813//1813 1812//1812 1814//1814
f 1815//1815 1816//1816 1817//1817
f 1817//1817 1816//1816 1818//1818
f 1819//1819 1820//1820 1821//1821
f 1821//1821 1820//1820 1822//1822
f 1823//1823 1824//1824 1825//1825
f 1825//1825 1824//1824 1826//1826
f 1827//1827 1828//1828 1829//1829
f 1829//1829 1828//1828 1830//1830
f 1831//1831 1832//1832 1833//1833
f 1833//1833 1832//1832 1834//1834
f 1835//1835 1836//1836 1837//1837
f 1837//1837 1836//1836 1838//1838
f 1839//1839 1840//1840 1841//1841
f 1841//1841 1840//1840 1842//1842
f 1843//1843 1844//1844 1845//1845
f 1845//1845 1844//1844 1846//1846
f 1847//1847 1848//1848 1849//1849
f 1849//1849 1848//1848 1850//1850
f 1851//1851 1852//1852 1853//1853
f 1853//1853 1852//1852 1854//1854
f 1855//1855 1856//1856 1857//1857
f 1857//1857 1856//1856 1858//1858
f 1859//1859 1860//1860 1861//1861
f 1861//1861 1860//1860 1862//1862
f 1863//1863 1864//1864 1865//1865
f 1865//1865 1864//1864 1866//1866
f 1867//1867 1868//1868 1869//1869
f 1869//1869 1868//1868 1870//1870
f 1871//1871 1872//1872 1873//1873
f 1873//1873 1872//1872 1874//1874
f 1875//1875 1876//1876 1877//1877
f 1877//1877 1876//1876 1878//1878
f 1879//1879 1880//1880 1881//1881
f 1881//1881 1880//1880 1882//1882
f 1883//1883 1884//1884 1885//1885
f 1885//1885 1884//1884 1886//1886
f 1887//1887 1888//1888 1889//1889
f 1889//1889 1888//1888 1890//1890
f 1891//1891 1892//1892 1893//1893
f 1893//1893 1892//1892 1894//1894
f 1895//1895 1896//1896 1897//1897
f 1897//1897 1896//1896 1898//1898
f 1899//1899 1900//1900 1901//1901
f 1901//1901 1900//1900 1902//1902
f 1903//1903 1904//1904 1905//1905
f 1905//1905 1904//1904 1906//1906
f 1907//1907 1908//1908 1909//1909
f 1909//1909 1908//1908 1910//1910
f 1911//1911 1912//1912 1913//1913
f 1913//1913 1912//1912 1914//1914
f 1915//1915 1916//1916 1917//1917
f 1917//1917 1916//1916 1918//1918
f 1919//1919 1920//1920 1921//1921
f 1921//1921 1920//1920 1922//1922
f 1923//1923 1924//1924 1925//1925
f 1925//1925 1924//1924 1926//1926
f 1927//1927 1928//1928 1929//1929
f 1929//1929 1928//1928 1930//1930
f 1931//1931 1932//1932 1933//1933
f 1933//1933 1932//1932 1934//1934
f 1935//1935 1936//1936 1937//1937
f 1937//1937 1936//1936 1938//1938
f 1939//1939 1940//1940 1941//1941
f 1942//1942 1943//1943 1944//1944
f 1945//1945 1946//1946 1947//1947
f 1947//1947 1946//1946 1948//1948
f 1949//1949 1950//1950 1951//1951
f 1951//1951 1950//1950 1952//1952
f 1953//1953 1954//1954 1955//1955
f 1955//1955 1954//1954 1956//1956
f 1957//1957 1958//1958 1959//1959
f 1959//1959 1958//1958 1960//1960
f 1961//1961 1962//1962 1963//1963
f 1964//1964 1965//1965 1966//1966
f 1967//1967 1968//1968 1969//1969
f 1970//1970 1971//1971 1972//1972
f 1973//1973 1974//1974 1975//1975
f 1975//1975 1974//1974 1976//1976
f 1977//1977 1978//1978 1979//1979
f 1979//1979 1978//1978 1980//1980
f 1981//1981 1982//1982 1983//1983
f 1983//1983 1982//1982 1984//1984
f 1985//1985 1986//1986 1987//1987
f 1987//1987 1986//1986 1988//1988
f 1989//1989 1990//1990 1991//1991
f 1991//1991 1990//1990 1992//1992
f 1993//1993 1994//1994 1995//1995
f 1995//1995 1994//1994 1996//1996
f 1997//1997 1998//1998 1999//1999
f 1999//1999 1998//1998 2000//2000
f 2001//2001 2002//2002 2003//2003
f 2003//2003 2002//2002 2004//2004
f 2005//2005 2006//2006 2007//2007
f 2008//2008 2009//2009 2010//2010
f 2011//2011 2012//2012 2013//2013
f 2013//2013 2012//2012 2014//2014
f 2015//2015 2016//2016 2017//2017
f 2017//2017 2016//2016 2018//2018
f 2019//2019 2020//2020 2021//2021
f 2021//2021 2020//2020 2022//2022
f 2023//2023 2024//2024 2025//2025
f 2025//2025 2024//2024 2026//2026
f 2027//2027 2028//2028 2029//2029
f 2029//2029 2028//2028 2030//2030
f 2031//2031 2032//2032 2033//2033
f 2033//2033 2032//2032 2034//2034
f 2035//2035 2036//2036 2037//2037
f 2037//2037 2036//2036 2038//2038
f 2039//2039 2040//2040 2041//2041
f 2041//2041 2040//2040 2042//2042
f 2043//2043 2044//2044 2045//2045
f 2045//2045 2044//2044 2046//2046
f 2047//2047 2048//2048 2049//2049
f 2050//2050 2051//2051 2052//2052
f 2053//2053 2054//2054 2055//2055
f 2055//2055 2054//2054 2056//2056
f 2057//2057 2058//2058 2059//2059
f 2059//2059 2058//2058 2060//2060
f 2061//2061 2062//2062 2063//2063
f 2064//2064 2065//2065 2066//2066
f 2067//2067 2068//2068 2069//2069
f 2069//2069 2068//2068 2070//2070
f 2071//2071 2072//2072 2073//2073
f 2073//2073 2072//2072 2074//2074
f 2075//2075 2076//2076 2077//2077
f 2077//2077 2076//2076 2078//2078
f 2079//2079 2080//2080 2081//2081
f 2081//2081 2080//2080 2082//2082
f 2083//2083 2084//2084 2085//2085
f 2086//2086 2087//2087 2088//2088
f 2089//2089 2090//2090 2091//2091
f 2092//2092 2093//2093 2094//2094
f 2095//2095 2096//2096 2097//2097
f 2098//2098 2099//2099 2100//2100
f 2100//2100 2099//2099 2101//2101
f 2100//2100 2101//2101 2102//2102
f 2103//2103 2104//2104 2105//2105
f 2105//2105 2104//2104 2106//2106
f 2107//2107 2108//2108 2109//2109
f 2109//2109 2108//2108 2110//2110
f 2111//2111 2112//2112 2113//2113
f 2113//2113 2112//2112 2114//2114
f 2115//2115 2116//2116 2117//2117
f 2117//2117 2116//2116 2118//2118
f 2119//2119 2120//2120 2121//2121
f 2121//2121 2120//2120 2122//2122
f 2123//2123 2124//2124 2125//2125
f 2125//2125 2124//2124 2126//2126
f 2127//2127 2128//2128 2129//2129
f 2129//2129 2128//2128 2130//2130
f 2131//2131 2132//2132 2133//2133
f 2133//2133 2132//2132 2134//2134
f 2135//2135 2136//2136 2137//2137
f 2137//2137 2136//2136 2138//2138
f 2139//2139 2140//2140 2141//2141
f 2142//2142 2143//2143 2144//2144
f 2145//2145 2146//2146 2147//2147
f 2148//2148 2149//2149 2150//2150
f 2151//2151 2152//2152 2153//2153
f 2154//2154 2155//2155 2156//2156
f 2157//2157 2158//2158 2159//2159
f 2159//2159 2158//2158 2160//2160
f 2161//2161 2162//2162 2163//2163
f 2163//2163 2162//2162 2164//2164
f 2165//2165 2166//2166 2167//2167
f 2167//2167 2166//2166 2168//2168
f 2169//2169 2170//2170 2171//2171
f 2171//2171 2170//2170 2172//2172
f 2173//2173 2174//2174 2175//2175
f 2175//2175 2174//2174 2176//2176
f 2177//2177 2178//2178 2179//2179
f 2180//2180 2181//2181 2182//2182
f 2183//2183 2184//2184 2185//2185
f 2185//2185 2184//2184 2186//2186
f 2187//2187 2188//2188 2189//2189
f 2190//2190 2191//2191 2192//2192
f 2193//2193 2194//2194 2195//2195
f 2196//2196 2197//2197 2198//2198
f 2199//2199 2200//2200 2201//2201
f 2202//2202 2203//2203 2204//2204
f 2205//2205 2206//2206 2207//2207
f 2207//2207 2206//2206 2208//2208
f 2209//2209 2210//2210 2211//2211
f 2211//2211 2210//2210 2212//2212
f 2213//2213 2214//2214 2215//2215
f 2215//2215 2214//2214 2216//2216
f 2217//2217 2218//2218 2219//2219
f 2219//2219 2218//2218 2220//2220
f 2221//2221 2222//2222 2223//2223
f 2224//2224 2225//2225 2226//2226
f 2227//2227 2228//2228 2229//2229
f 2229//2229 2228//2228 2230//2230
f 2231//2231 2232//2232 2233//2233
f 2234//2234 2235//2235 2236//2236
f 2237//2237 2238//2238 2239//2239
f 2239//2239 2238//2238 2240//2240
f 2241//2241 2242//2242 2243//2243
f 2243//2243 2242//2242 2244//2244
f 2245//2245 2246//2246 2247//2247
f 2247//2247 2246//2246 2248//2248
f 2249//2249 2250//2250 2251//2251
f 2251//2251 2250//2250 2252//2252
f 2253//2253 2254//2254 2255//2255
f 2255//2255 2254//2254 2256//2256
f 2257//2257 2258//2258 2259//2259
f 2260//2260 2261//2261 2262//2262
f 2263//2263 2264//2264 2265//2265
f 2266//2266 2267//2267 2268//2268
f 2269//2269 2270//2270 2271//2271
f 2272//2272 2273//2273 2274//2274
f 2275//2275 2276//2276 2277//2277
f 2278//2278 2279//2279 2280//2280
f 2281//2281 2282//2282 2283//2283
f 2284//2284 2285//2285 2286//2286
f 2287//2287 2288//2288 2289//2289
f 2290//2290 2291//2291 2292//2292
f 2293//2293 2294//2294 2295//2295
f 2296//2296 2297//2297 2298//2298
f 2299//2299 2300//2300 2301//2301
f 2302//2302 2303//2303 2304//2304
f 2305//2305 2306//2306 2307//2307
f 2308//2308 2309//2309 2310//2310
f 2311//2311 2312//2312 2313//2313
f 2314//2314 2315//2315 2316//2316
f 2317//2317 2318//2318 2319//2319
f 2320//2320 2321//2321 2322//2322
f 2323//2323 2324//2324 2325//2325
f 2326//2326 2327//2327 2328//2328
f 2329//2329 2330//2330 2331//2331
f 2332//2332 2333//2333 2334//2334
f 2335//2335 2336//2336 2337//2337
f 2338//2338 2339//2339 2340//2340
f 2341//2341 2342//2342 2343//2343
f 2344//2344 2345//2345 2346//2346
f 2347//2347 2348//2348 2349//2349
f 2350//2350 2351//2351 2352//2352
f 2353//2353 2354//2354 2355//2355
f 2356//2356 2357//2357 2358//2358
f 2359//2359 2360//2360 2361//2361
f 2362//2362 2363//2363 2364//2364
f 2365//2365 2366//2366 2367//2367
f 2368//2368 2369//2369 2370//2370
f 2371//2371 2372//2372 2373//2373
f 2374//2374 2375//2375 2376//2376
f 2377//2377 2378//2378 2379//2379
f 2380//2380 2381//2381 2382//2382
f 2383//2383 2384//2384 2385//2385
f 2386//2386 2387//2387 2388//2388
f 2389//2389 2390//2390 2391//2391
f 2392//2392 2393//2393 2394//2394
f 2395//2395 2396//2396 2397//2397
f 2398//2398 2399//2399 2400//2400
f 2401//2401 2402//2402 2403//2403
f 2404//2404 2405//2405 2406//2406
f 2407//2407 2408//2408 2409//2409
f 2410//2410 2411//2411 2412//2412
f 2413//2413 2414//2414 2415//2415
f 2416//2416 2417//2417 2418//2418
f 2419//2419 2420//2420 2421//2421
f 2422//2422 2423//2423 2424//2424
f 2425//2425 2426//2426 2427//2427
f 2428//2428 2429//2429 2430//2430
f 2431//2431 2432//2432 2433//2433
f 2434//2434 2435//2435 2436//2436
f 2437//2437 2438//2438 2439//2439
f 2440//2440 2441//2441 2442//2442
f 2443//2443 2444//2444 2445//2445
f 2446//2446 2447//2447 2448//2448
f 2449//2449 2450//2450 2451//2451
f 2452//2452 2453//2453 2454//2454
f 2455//2455 2456//2456 2457//2457
f 2458//2458 2459//2459 2460//2460
f 2461//2461 2462//2462 2463//2463
f 2464//2464 2465//2465 2466//2466
f 2467//2467 2468//2468 2469//2469
f 2470//2470 2471//2471 2472//2472
f 2473//2473 2474//2474 2475//2475
f 2476//2476 2477//2477 2478//2478
f 2479//2479 2480//2480 2481//2481
f 2482//2482 2483//2483 2484//2484
f 2485//2485 2486//2486 2487//2487
f 2488//2488 2489//2489 2490//2490
f 2491//2491 2492//2492 2493//2493
f 2494//2494 2495//2495 2496//2496
f 2497//2497 2498//2498 2499//2499
f 2500//2500 2501//2501 2502//2502
f 2503//2503 2504//2504 2505//2505
f 2506//2506 2507//2507 2508//2508
f 2509//2509 2510//2510 2511//2511
f 2512//2512 2513//2513 2514//2514
f 2515//2515 2516//2516 2517//2517
f 2518//2518 2519//2519 2520//2520
f 2521//2521 2522//2522 2523//2523
f 2523//2523 2522//2522 2524//2524
f 2525//2525 2526//2526 2527//2527
f 2528//2528 2529//2529 2530//2530
f 2531//2531 2532//2532 2533//2533
f 2533//2533 2532//2532 2534//2534
f 2535//2535 2536//2536 2537//2537
f 2537//2537 2536//2536 2538//2538
f 2539//2539 2540//2540 2541//2541
f 2541//2541 2540//2540 2542//2542
f 2543//2543 2544//2544 2545//2545
f 2545//2545 2544//2544 2546//2546
f 2547//2547 2548//2548 2549//2549
f 2549//2549 2548//2548 2550//2550
f 2551//2551 2552//2552 2553//2553
f 2553//2553 2552//2552 2554//2554
f 2555//2555 2556//2556 2557//2557
f 2558//2558 2559//2559 2560//2560
f 2561//2561 2562//2562 2563//2563
f 2564//2564 2565//2565 2566//2566
f 2567//2567 2568//2568 2569//2569
f 2569//2569 2568//2568 2570//2570
f 2571//2571 2572//2572 2573//2573
f 2573//2573 2572//2572 2574//2574
f 2575//2575 2576//2576 2577//2577
f 2577//2577 2576//2576 2578//2578
f 2579//2579 2580//2580 2581//2581
f 2582//2582 2583//2583 2584//2584
f 2585//2585 2586//2586 2587//2587
f 2587//2587 2586//2586 2588//2588
f 2589//2589 2590//2590 2591//2591
f 2591//2591 2590//2590 2592//2592
f 2593//2593 2594//2594 2595//2595
f 2595//2595 2594//2594 2596//2596
f 2597//2597 2598//2598 2599//2599
f 2599//2599 2598//2598 2600//2600
f 2601//2601 2602//2602 2603//2603
f 2604//2604 2605//2605 2606//2606
f 2607//2607 2608//2608 2609//2609
f 2609//2609 2608//2608 2610//2610
f 2611//2611 2612//2612 2613//2613
f 2613//2613 2612//2612 2614//2614
f 2615//2615 2616//2616 2617//2617
f 2617//2617 2616//2616 2618//2618
f 2619//2619 2620//2620 2621//2621
f 2622//2622 2623//2623 2624//2624
f 2625//2625 2626//2626 2627//2627
f 2628//2628 2629//2629 2630//2630
f 2631//2631 2632//2632 2633//2633
f 2634//2634 2635//2635 2636//2636
f 2637//2637 2638//2638 2639//2639
f 2639//2639 2638//2638 2640//2640
f 2641//2641 2642//2642 2643//2643
f 2643//2643 2642//2642 2644//2644
f 2645//2645 2646//2646 2647//2647
f 2647//2647 2646//2646 2648//2648
f 2649//2649 2650//2650 2651//2651
f 2651//2651 2650//2650 2652//2652
f 2653//2653 2654//2654 2655//2655
f 2655//2655 2654//2654 2656//2656
f 2657//2657 2658//2658 2659//2659
f 2660//2660 2661//2661 2662//2662
f 2663//2663 2664//2664 2665//2665
f 2665//2665 2664//2664 2666//2666
f 2667//2667 2668//2668 2669//2669
f 2669//2669 2668//2668 2670//2670
f 2671//2671 2672//2672 2673//2673
f 2674//2674 2675//2675 2676//2676
f 2677//2677 2678//2678 2679//2679
f 2680//2680 2681//2681 2682//2682
f 2683//2683 2684//2684 2685//2685
f 2685//2685 2684//2684 2686//2686
f 2687//2687 2688//2688 2689//2689
f 2690//2690 2691//2691 2692//2692
f 2693//2693 2694//2694 2695//2695
f 2696//2696 2697//2697 2698//2698
f 2699//2699 2700//2700 2701//2701
f 2702//2702 2703//2703 2704//2704
f 2705//2705 2706//2706 2707//2707
f 2707//2707 2706//2706 2708//2708
f 2709//2709 2710//2710 2711//2711
f 2712//2712 2713//2713 2714//2714
f 2715//2715 2716//2716 2717//2717
f 2717//2717 2716//2716 2718//2718
f 2719//2719 2720//2720 2721//2721
f 2722//2722 2723//2723 2724//2724
f 2725//2725 2726//2726 2727//2727
f 2727//2727 2726//2726 2728//2728
f 2729//2729 2730//2730 2731//2731
f 2731//2731 2730//2730 2732//2732
f 2733//2733 2734//2734 2735//2735
f 2735//2735 2734//2734 2736//2736
f 2737//2737 2738//2738 2739//2739
f 2740//2740 2741//2741 2742//2742
f 2743//2743 2744//2744 2745//2745
f 2745//2745 2744//2744 2746//2746
f 2747//2747 2748//2748 2749//2749
f 2750//2750 2751//2751 2752//2752
f 2753//2753 2754//2754 2755//2755
f 2755//2755 2754//2754 2756//2756
f 2757//2757 2758//2758 2759//2759
f 2759//2759 2758//2758 2760//2760
f 2761//2761 2762//2762 2763//2763
f 2763//2763 2762//2762 2764//2764
f 2765//2765 2766//2766 2767//2767
f 2767//2767 2766//2766 2768//2768
f 2769//2769 2770//2770 2771//2771
f 2771//2771 2770//2770 2772//2772
f 2773//2773 2774//2774 2775//2775
f 2775//2775 2774//2774 2776//2776
f 2777//2777 2778//2778 2779//2779
f 2779//2779 2778//2778 2780//2780
f 2781//2781 2782//2782 2783//2783
f 2784//2784 2785//2785 2786//2786
f 2787//2787 2788//2788 2789//2789
f 2789//2789 2788//2788 2790//2790
f 2791//2791 2792//2792 2793//2793
f 2794//2794 2795//2795 2796//2796
f 2797//2797 2798//2798 2799//2799
f 2799//2799 2798//2798 2800//2800
f 2801//2801 2802//2802 2803//2803
f 2803//2803 2802//2802 2804//2804
f 2805//2805 2806//2806 2807//2807
f 2807//2807 2806//2806 2808//2808
f 2809//2809 2810//2810 2811//2811
f 2811//2811 2810//2810 2812//2812
f 2813//2813 2814//2814 2815//2815
f 2816//2816 2817//2817 2818//2818
f 2819//2819 2820//2820 2821//2821
f 2821//2821 2820//2820 2822//2822
f 2823//2823 2824//2824 2825//2825
f 2825//2825 2824//2824 2826//2826
f 2827//2827 2828//2828 2829//2829
f 2830//2830 2831//2831 2832//2832
f 2833//2833 2834//2834 2835//2835
f 2836//2836 2837//2837 2838//2838
f 2839//2839 2840//2840 2841//2841
f 2842//2842 2843//2843 2844//2844
f 2845//2845 2846//2846 2847//2847
f 2847//2847 2846//2846 2848//2848
f 2849//2849 2850//2850 2851//2851
f 2852//2852 2853//2853 2854//2854
f 2855//2855 2856//2856 2857//2857
f 2858//2858 2859//2859 2860//2860
f 2861//2861 2862//2862 2863//2863
f 2863//2863 2862//2862 2864//2864
f 2865//2865 2866//2866 2867//2867
f 2868//2868 2869//2869 2870//2870
f 2871//2871 2872//2872 2873//2873
f 2873//2873 2872//2872 2874//2874
f 2875//2875 2876//2876 2877//2877
f 2877//2877 2876//2876 2878//2878
f 2879//2879 2880//2880 2881//2881
f 2882//2882 2883//2883 2884//2884
f 2885//2885 2886//2886 2887//2887
f 2887//2887 2886//2886 2888//2888
f 2889//2889 2890//2890 2891//2891
f 2891//2891 2890//2890 2892//2892
f 2893//2893 2894//2894 2895//2895
f 2895//2895 2894//2894 2896//2896
f 2897//2897 2898//2898 2899//2899
f 2899//2899 2898//2898 2900//2900
f 2901//2901 2902//2902 2903//2903
f 2903//2903 2902//2902 2904//2904
f 2905//2905 2906//2906 2907//2907
f 2907//2907 2906//2906 2908//2908
f 2907//2907 2908//2908 2909//2909
f 2910//2910 2911//2911 2905//2905
f 2905//2905 2911//2911 2912//2912
f 2905//2905 2912//2912 2906//2906
f 2913//2913 2914//2914 2910//2910
f 2910//2910 2914//2914 2915//2915
f 2910//2910 2915//2915 2916//2916
f 2916//2916 2915//2915 2917//2917
f 2917//2917 2915//2915 2918//2918
f 2907//2907 2919//2919 2913//2913
f 2913//2913 2919//2919 2920//2920
f 2913//2913 2920//2920 2921//2921
f 2922//2922 2923//2923 2924//2924
f 2924//2924 2923//2923 2925//2925
f 2924//2924 2925//2925 2926//2926
f 2926//2926 2925//2925 2927//2927
f 2926//2926 2927//2927 2928//2928
f 2928//2928 2927//2927 2929//2929
f 2928//2928 2929//2929 2930//2930
f 2930//2930 2929//2929 2931//2931
f 2930//2930 2931//2931 2932//2932
f 2932//2932 2931//2931 2933//2933
f 2932//2932 2933//2933 2934//2934
f 2935//2935 2936//2936 2922//2922
f 2922//2922 2936//2936 2937//2937
f 2922//2922 2937//2937 2923//2923
f 2936//2936 2935//2935 2938//2938
f 2938//2938 2935//2935 2939//2939
f 2938//2938 2939//2939 2940//2940
f 2940//2940 2939//2939 2941//2941
f 2940//2940 2941//2941 2942//2942
f 2942//2942 2941//2941 2943//2943
f 2942//2942 2943//2943 2944//2944
f 2944//2944 2943//2943 2945//2945
f 2944//2944 2945//2945 2946//2946
f 2946//2946 2945//2945 2947//2947
f 2947//2947 2945//2945 2948//2948
f 2947//2947 2948//2948 2949//2949
f 2949//2949 2948//2948 2950//2950
f 2949//2949 2950//2950 2951//2951
f 2951//2951 2950//2950 2952//2952
f 2951//2951 2952//2952 2953//2953
f 2953//2953 2952//2952 2954//2954
f 2953//2953 2954//2954 2955//2955
f 2955//2955 2954//2954 2956//2956
f 2955//2955 2956//2956 2957//2957
f 2957//2957 2956//2956 2958//2958
f 2957//2957 2958//2958 2959//2959
f 2959//2959 2958//2958 2960//2960
f 2959//2959 2960//2960 2961//2961
f 2958//2958 2962//2962 2960//2960
f 2960//2960 2962//2962 2963//2963
f 2963//2963 2962//2962 2964//2964
f 2963//2963 2964//2964 2965//2965
f 2965//2965 2964//2964 2966//2966
f 2965//2965 2966//2966 2967//2967
f 2967//2967 2966//2966 2968//2968
f 2967//2967 2968//2968 2969//2969
f 2969//2969 2968//2968 2970//2970
f 2969//2969 2970//2970 2971//2971
f 2971//2971 2970//2970 2972//2972
f 2971//2971 2972//2972 2973//2973
f 2973//2973 2972//2972 2974//2974
f 2974//2974 2972//2972 2975//2975
f 2974//2974 2975//2975 2976//2976
f 2976//2976 2975//2975 2977//2977
f 2976//2976 2977//2977 2978//2978
f 2978//2978 2977//2977 2979//2979
f 2978//2978 2979//2979 2980//2980
f 2980//2980 2979//2979 2981//2981
f 2980//2980 2981//2981 2982//2982
f 2982//2982 2981//2981 2983//2983
f 2982//2982 2983//2983 2984//2984
f 2984//2984 2983//2983 2985//2985
f 2984//2984 2985//2985 2986//2986
f 2986//2986 2985//2985 2987//2987
f 2987//2987 2985//2985 2988//2988
f 2987//2987 2988//2988 2989//2989
f 2989//2989 2988//2988 2990//2990
f 2989//2989 2990//2990 2991//2991
f 2991//2991 2990//2990 2992//2992
f 2991//2991 2992//2992 2993//2993
f 2993//2993 2992//2992 2994//2994
f 2993//2993 2994//2994 2995//2995
f 2995//2995 2994//2994 2996//2996
f 2995//2995 2996//2996 2997//2997
f 2997//2997 2996//2996 2998//2998
f 2998//2998 2996//2996 2999//2999
f 2998//2998 2999//2999 3000//3000
f 3000//3000 2999//2999 3001//3001
f 3000//3000 3001//3001 3002//3002
f 3002//3002 3001//3001 3003//3003
f 3002//3002 3003//3003 3004//3004
f 3004//3004 3003//3003 3005//3005
f 3004//3004 3005//3005 3006//3006
f 3006//3006 3005//3005 3007//3007
f 3006//3006 3007//3007 2934//2934
f 2934//2934 3007//3007 2932//2932
f 3008//3008 3009//3009 3010//3010
f 3010//3010 3009//3009 3011//3011
f 3010//3010 3011//3011 3012//3012
f 3008//3008 3013//3013 3009//3009
f 3009//3009 3013//3013 3014//3014
f 3014//3014 3013//3013 3015//3015
f 3014//3014 3015//3015 3016//3016
f 3010//3010 3012//3012 3017//3017
f 3017//3017 3012//3012 3018//3018
f 3017//3017 3018//3018 3019//3019
f 3019//3019 3018//3018 3020//3020
f 3019//3019 3020//3020 3021//3021
f 3021//3021 3020//3020 3022//3022
f 3021//3021 3022//3022 3023//3023
f 3018//3018 3024//3024 3020//3020
f 3020//3020 3024//3024 3025//3025
f 3019//3019 3021//3021 2919//2919
f 2919//2919 3021//3021 2920//2920
f 2921//2921 3026//3026 2913//2913
f 2913//2913 3026//3026 2914//2914
f 3026//3026 3027//3027 2914//2914
f 2914//2914 3027//3027 3028//3028
f 3028//3028 3027//3027 3029//3029
f 3028//3028 3029//3029 3030//3030
f 3030//3030 3029//3029 3031//3031
f 3030//3030 3031//3031 3032//3032
f 3029//3029 3033//3033 3031//3031
f 3031//3031 3033//3033 3034//3034
f 3035//3035 3036//3036 3032//3032
f 3032//3032 3036//3036 3037//3037
f 3032//3032 3037//3037 3030//3030
f 3036//3036 3035//3035 3038//3038
f 3038//3038 3035//3035 3039//3039
f 3038//3038 3039//3039 3040//3040
f 3041//3041 3042//3042 3040//3040
f 3040//3040 3042//3042 3043//3043
f 3040//3040 3043//3043 3038//3038
f 3038//3038 3043//3043 3044//3044
f 3044//3044 3043//3043 3045//3045
f 3044//3044 3045//3045 3046//3046
f 3046//3046 3045//3045 3047//3047
f 3041//3041 3048//3048 3042//3042
f 3042//3042 3048//3048 3049//3049
f 3042//3042 3049//3049 3050//3050
f 3050//3050 3049//3049 3051//3051
f 3052//3052 3053//3053 3048//3048
f 3048//3048 3053//3053 3049//3049
f 3030//3030 3054//3054 3028//3028
f 3028//3028 3054//3054 3055//3055
f 3028//3028 3055//3055 3056//3056
f 3056//3056 3055//3055 3057//3057
f 3055//3055 3054//3054 3058//3058
f 3058//3058 3054//3054 3059//3059
f 3058//3058 3059//3059 3060//3060
f 3060//3060 3061//3061 3058//3058
f 2916//2916 3062//3062 2910//2910
f 2910//2910 3062//3062 3063//3063
f 2910//2910 3063//3063 2911//2911
f 2911//2911 3063//3063 3064//3064
f 3064//3064 3063//3063 3065//3065
f 3064//3064 3065//3065 3066//3066
f 3066//3066 3065//3065 3067//3067
f 3066//3066 3067//3067 3068//3068
f 3066//3066 3068//3068 3069//3069
f 3069//3069 3068//3068 3070//3070
f 3069//3069 3070//3070 3071//3071
f 3071//3071 3070//3070 3072//3072
f 3072//3072 3070//3070 3073//3073
f 2908//2908 2906//2906 3074//3074
f 3074//3074 2906//2906 3075//3075
f 3074//3074 3075//3075 3076//3076
f 3076//3076 3075//3075 3077//3077
f 3077//3077 3075//3075 3078//3078
f 3078//3078 3075//3075 3079//3079
f 3078//3078 3079//3079 3080//3080
f 3080//3080 3079//3079 3081//3081
f 3081//3081 3079//3079 3082//3082
f 3082//3082 3079//3079 3083//3083
f 3078//3078 3080//3080 3084//3084
f 3084//3084 3080//3080 2959//2959
f 3084//3084 2959//2959 2961//2961
f 2961//2961 3085//3085 3084//3084
f 3084//3084 3085//3085 3086//3086
f 3086//3086 3085//3085 3087//3087
f 3087//3087 3085//3085 3088//3088
f 3076//3076 3089//3089 3074//3074
f 3074//3074 3089//3089 3090//3090
f 3090//3090 3089//3089 3091//3091
f 3091//3091 3089//3089 3092//3092
f 3091//3091 3092//3092 3093//3093
f 3094//3094 3095//3095 3093//3093
f 3093//3093 3095//3095 3096//3096
f 3093//3093 3096//3096 3097//3097
f 3095//3095 3094//3094 3098//3098
f 3098//3098 3094//3094 3099//3099
f 3098//3098 3099//3099 3100//3100
f 3100//3100 3099//3099 3101//3101
f 3101//3101 3099//3099 3102//3102
f 3101//3101 3102//3102 3103//3103
f 3103//3103 3102//3102 3104//3104
f 3104//3104 3102//3102 3105//3105
f 3106//3106 3107//3107 3103//3103
f 3103//3103 3107//3107 3108//3108
f 3103//3103 3108//3108 3101//3101
f 3109//3109 3110//3110 3106//3106
f 3106//3106 3110//3110 3107//3107
f 3095//3095 3111//3111 3096//3096
f 3096//3096 3111//3111 3112//3112
f 3097//3097 3091//3091 3093//3093
f 2909//2909 2919//2919 2907//2907
f 3113//3113 3114//3114 3115//3115
f 3115//3115 3114//3114 3116//3116
f 3115//3115 3116//3116 3117//3117
f 3118//3118 3119//3119 3113//3113
f 3113//3113 3119//3119 3120//3120
f 3113//3113 3120//3120 3121//3121
f 3121//3121 3120//3120 3122//3122
f 3122//3122 3120//3120 3123//3123
f 3122//3122 3123//3123 3124//3124
f 3124//3124 3123//3123 3125//3125
f 3124//3124 3125//3125 3126//3126
f 3126//3126 3125//3125 3127//3127
f 3126//3126 3127//3127 3128//3128
f 3129//3129 3130//3130 3118//3118
f 3118//3118 3130//3130 3119//3119
f 3120//3120 3131//3131 3123//3123
f 3123//3123 3131//3131 3132//3132
f 3132//3132 3131//3131 3133//3133
f 3132//3132 3133//3133 3134//3134
f 3135//3135 3136//3136 3131//3131
f 3131//3131 3136//3136 3133//3133
f 3134//3134 3137//3137 3132//3132
f 3132//3132 3137//3137 3138//3138
f 3124//3124 3139//3139 3122//3122
f 3122//3122 3139//3139 3140//3140
f 3121//3121 3114//3114 3113//3113
f 3141//3141 3142//3142 3114//3114
f 3114//3114 3142//3142 3116//3116
f 3143//3143 3144//3144 3145//3145
f 3145//3145 3144//3144 3146//3146
f 3146//3146 3144//3144 3147//3147
f 3147//3147 3144//3144 3148//3148
f 3147//3147 3148//3148 3149//3149
f 3147//3147 3149//3149 3150//3150
f 3150//3150 3149//3149 3151//3151
f 3150//3150 3151//3151 3152//3152
f 3152//3152 3151//3151 3153//3153
f 3153//3153 3151//3151 3154//3154
f 3155//3155 3156//3156 3157//3157
f 3157//3157 3156//3156 3158//3158
f 3158//3158 3156//3156 3159//3159
f 3159//3159 3156//3156 3160//3160
f 3159//3159 3160//3160 3161//3161
f 3161//3161 3162//3162 3159//3159
f 3163//3163 3164//3164 3165//3165
f 3165//3165 3164//3164 3166//3166
f 3165//3165 3166//3166 3167//3167
f 3165//3165 3168//3168 3163//3163
f 3169//3169 3170//3170 3171//3171
f 3171//3171 3170//3170 3172//3172
f 3173//3173 3174//3174 3175//3175
f 3175//3175 3174//3174 3176//3176
f 3177//3177 3178//3178 3179//3179
f 3180//3180 3181//3181 3182//3182
f 3183//3183 3184//3184 3185//3185
f 3186//3186 3187//3187 3188//3188
f 3189//3189 3190//3190 3191//3191
f 3192//3192 3193//3193 3194//3194
f 3195//3195 3196//3196 3197//3197
f 3198//3198 3199//3199 3200//3200
f 3201//3201 3202//3202 3203//3203
f 3203//3203 3202//3202 3204//3204
f 3205//3205 3206//3206 3207//3207
f 3207//3207 3206//3206 3208//3208
f 3209//3209 3210//3210 3211//3211
f 3212//3212 3213//3213 3214//3214
f 3215//3215 3216//3216 3217//3217
f 3218//3218 3219//3219 3220//3220
f 3221//3221 3222//3222 3223//3223
f 3224//3224 3225//3225 3226//3226
f 3227//3227 3228//3228 3229//3229
f 3229//3229 3228//3228 3230//3230
f 3231//3231 3232//3232 3233//3233
f 3234//3234 3235//3235 3236//3236
f 3237//3237 3238//3238 3239//3239
f 3240//3240 3241//3241 3242//3242
f 3243//3243 3244//3244 3245//3245
f 3246//3246 3247//3247 3248//3248
f 3249//3249 3250//3250 3251//3251
f 3252//3252 3253//3253 3254//3254
f 3255//3255 3256//3256 3257//3257
f 3258//3258 3259//3259 3260//3260
f 3261//3261 3262//3262 3263//3263
f 3264//3264 3265//3265 3266//3266
f 3267//3267 3268//3268 3269//3269
f 3270//3270 3271//3271 3272//3272
f 3273//3273 3274//3274 3275//3275
f 3276//3276 3277//3277 3278//3278
f 3279//3279 3280//3280 3281//3281
f 3281//3281 3280//3280 3282//3282
f 3283//3283 3284//3284 3285//3285
f 3286//3286 3287//3287 3288//3288
f 3289//3289 3290//3290 3291//3291
f 3292//3292 3293//3293 3294//3294
f 3295//3295 3296//3296 3297//3297
f 3298//3298 3299//3299 3300//3300
f 3301//3301 3302//3302 3303//3303
f 3304//3304 3305//3305 3306//3306
f 3307//3307 3308//3308 3309//3309
f 3310//3310 3311//3311 3312//3312
f 3313//3313 3314//3314 3315//3315
f 3316//3316 3317//3317 3318//3318
f 3319//3319 3320//3320 3321//3321
f 3322//3322 3323//3323 3324//3324
f 3325//3325 3326//3326 3327//3327
f 3328//3328 3329//3329 3330//3330
f 3331//3331 3332//3332 3333//3333
f 3333//3333 3332//3332 3334//3334
f 3335//3335 3336//3336 3337//3337
f 3338//3338 3339//3339 3340//3340
f 3341//3341 3342//3342 3343//3343
f 3344//3344 3345//3345 3346//3346
f 3347//3347 3348//3348 3349//3349
f 3350//3350 3351//3351 3352//3352
f 3353//3353 3354//3354 3355//3355
f 3355//3355 3354//3354 3356//3356
f 3357//3357 3358//3358 3359//3359
f 3359//3359 3358//3358 3360//3360
f 3361//3361 3362//3362 3363//3363
f 3364//3364 3365//3365 3366//3366
f 3367//3367 3368//3368 3369//3369
f 3370//3370 3371//3371 3372//3372
f 3373//3373 3374//3374 3375//3375
f 3376//3376 3377//3377 3378//3378
f 3379//3379 3380//3380 3381//3381
f 3382//3382 3383//3383 3384//3384
f 3385//3385 3386//3386 3387//3387
f 3387//3387 3386//3386 3388//3388
f 3389//3389 3390//3390 3391//3391
f 3391//3391 3390//3390 3392//3392
f 3393//3393 3394//3394 3395//3395
f 3395//3395 3394//3394 3396//3396
f 3397//3397 3398//3398 3399//3399
f 3399//3399 3398//3398 3400//3400
f 3401//3401 3402//3402 3403//3403
f 3403//3403 3402//3402 3404//3404
f 3403//3403 3404//3404 3405//3405
f 3405//3405 3404//3404 3406//3406
f 3405//3405 3406//3406 3407//3407
f 3402//3402 3401//3401 3408//3408
f 3408//3408 3401//3401 3409//3409
f 3408//3408 3409//3409 3410//3410
f 3410//3410 3409//3409 3411//3411
f 3410//3410 3411//3411 3412//3412
f 3413//3413 3414//3414 3409//3409
f 3409//3409 3414//3414 3411//3411
f 3410//3410 3412//3412 3415//3415
f 3415//3415 3412//3412 3416//3416
f 3415//3415 3416//3416 3417//3417
f 3415//3415 3417//3417 3418//3418
f 3418//3418 3417//3417 3419//3419
f 3418//3418 3419//3419 3420//3420
f 3420//3420 3419//3419 3421//3421
f 3421//3421 3419//3419 3422//3422
f 3423//3423 3424//3424 3425//3425
f 3425//3425 3424//3424 3426//3426
f 3425//3425 3426//3426 3427//3427
f 3427//3427 3426//3426 3428//3428
f 3428//3428 3426//3426 3429//3429
f 3429//3429 3426//3426 3430//3430
f 3430//3430 3426//3426 3431//3431
f 3431//3431 3426//3426 3432//3432
f 3432//3432 3426//3426 3433//3433
f 3433//3433 3426//3426 3434//3434
f 3434//3434 3426//3426 3435//3435
f 3435//3435 3426//3426 3436//3436
f 3436//3436 3426//3426 3437//3437
f 3436//3436 3437//3437 3438//3438
f 3438//3438 3437//3437 3439//3439
f 3439//3439 3437//3437 3440//3440
f 3440//3440 3437//3437 3441//3441
f 3441//3441 3437//3437 3442//3442
f 3442//3442 3437//3437 3443//3443
f 3443//3443 3437//3437 3444//3444
f 3444//3444 3437//3437 3445//3445
f 3445//3445 3437//3437 3446//3446
f 3446//3446 3437//3437 3447//3447
f 3446//3446 3447//3447 3448//3448
f 3448//3448 3447//3447 3449//3449
f 3449//3449 3447//3447 3450//3450
f 3450//3450 3447//3447 3451//3451
f 3451//3451 3447//3447 3452//3452
f 3452//3452 3447//3447 3453//3453
f 3453//3453 3447//3447 3454//3454
f 3454//3454 3447//3447 3455//3455
f 3455//3455 3447//3447 3456//3456
f 3456//3456 3447//3447 3457//3457
f 3457//3457 3447//3447 3424//3424
f 3457//3457 3424//3424 3458//3458
f 3458//3458 3424//3424 3459//3459
f 3459//3459 3424//3424 3460//3460
f 3460//3460 3424//3424 3461//3461
f 3461//3461 3424//3424 3462//3462
f 3462//3462 3424//3424 3463//3463
f 3463//3463 3424//3424 3464//3464
f 3464//3464 3424//3424 3465//3465
f 3465//3465 3424//3424 3423//3423
o Mesh0_1
usemtl m1
v -66 4 69
v -65.84355926513672 4.034074306488037 69.81043243408203
v -65.74118041992188 4.034074306488037 69
v -66 4 69
v -65.74118041992188 4.034074306488037 69
v -65.84355926513672 4.034074306488037 68.18956756591797
v -65.84355926513672 4.034074306488037 68.18956756591797
v -65.74118041992188 4.034074306488037 69
v -65.5 4.133974552154541 69
v -65.6099624633789 4.133974552154541 68.12958526611328
v -65.6099624633789 4.133974552154541 68.12958526611328
v -65.5 4.133974552154541 69
v -65.29289245605469 4.292893409729004 69
v -65.40935516357422 4.292893409729004 68.07807922363281
v -65.40935516357422 4.292893409729004 68.07807922363281
v -65.29289245605469 4.292893409729004 69
v -65.13397216796875 4.5 69
v -65.25543212890625 4.5 68.03855895996094
v -65.25543212890625 4.5 68.03855895996094
v -65.13397216796875 4.5 69
v -65.03407287597656 4.741180896759033 69
v -65.1586685180664 4.741180896759033 68.01371765136719
v -65.1586685180664 4.741180896759033 68.01371765136719
v -65.03407287597656 4.741180896759033 69
v -65.05455780029297 5 68.34162139892578
v -65.1586685180664 4.741180896759033 68.01371765136719
v -65.05455780029297 5 68.34162139892578
v -65.33690643310547 5 67.39321899414062
v -65.84355926513672 4.034074306488037 69.81043243408203
v -66.10222625732422 4 69.77645874023438
v -66.14427185058594 4.034074306488037 70.5699462890625
v -66.14427185058594 4.034074306488037 70.5699462890625
v -66.10222625732422 4 69.77645874023438
v -66.40192413330078 4 70.5
v -66.14427185058594 4.034074306488037 70.5699462890625
v -66.40192413330078 4 70.5
v -66.62442016601562 4.034074306488037 71.2308120727539
v -66.62442016601562 4.034074306488037 71.2308120727539
v -66.40192413330078 4 70.5
v -66.87867736816406 4 71.12132263183594
v -66.62442016601562 4.034074306488037 71.2308120727539
v -66.87867736816406 4 71.12132263183594
v -67.25383758544922 4.034074306488037 71.75151062011719
v -67.25383758544922 4.034074306488037 71.75151062011719
v -66.87867736816406 4 71.12132263183594
v -67.5 4 71.59807586669922
v -67.25383758544922 4.034074306488037 71.75151062011719
v -67.5 4 71.59807586669922
v -67.99297332763672 4.034074306488037 72.09931945800781
v -67.99297332763672 4.034074306488037 72.09931945800781
v -67.5 4 71.59807586669922
v -68.22354125976562 4 71.89777374267578
v -67.99297332763672 4.034074306488037 72.09931945800781
v -68.22354125976562 4 71.89777374267578
v -68.79537963867188 4.034074306488037 72.25238800048828
v -68.79537963867188 4.034074306488037 72.25238800048828
v -68.22354125976562 4 71.89777374267578
v -69 4 72
v -68.79537963867188 4.034074306488037 72.25238800048828
v -69 4 72
v -69.61064147949219 4.034074306488037 72.20109558105469
v -69.61064147949219 4.034074306488037 72.20109558105469
v -69 4 72
v -69.77645874023438 4 71.89777374267578
v -69.61064147949219 4.034074306488037 72.20109558105469
v -69.77645874023438 4 71.89777374267578
v -70.38753509521484 4.034074306488037 71.94866943359375
v -70.38753509521484 4.034074306488037 71.94866943359375
v -69.77645874023438 4 71.89777374267578
v -70.5 4 71.59807586669922
v -70.38753509521484 4.034074306488037 71.94866943359375
v -70.5 4 71.59807586669922
v -71.0772476196289 4.034074306488037 71.5109634399414
v -71.0772476196289 4.034074306488037 71.5109634399414
v -70.5 4 71.59807586669922
v -71.12132263183594 4 71.12132263183594
v -71.0772476196289 4.034074306488037 71.5109634399414
v -71.12132263183594 4 71.12132263183594
v -71.63643646240234 4.034074306488037 70.91548919677734
v -71.63643646240234 4.034074306488037 70.91548919677734
v -71.12132263183594 4 71.12132263183594
v -71.59807586669922 4 70.5
v -71.63643646240234 4.034074306488037 70.91548919677734
v -71.59807586669922 4 70.5
v -72.02997589111328 4.034074306488037 70.19965362548828
v -72.02997589111328 4.034074306488037 70.19965362548828
v -71.59807586669922 4 70.5
v -71.89777374267578 4 69.77645874023438
v -72.02997589111328 4.034074306488037 70.19965362548828
v -71.89777374267578 4 69.77645874023438
v -72.23312377929688 4.034074306488037 69.40843963623047
v -72.23312377929688 4.034074306488037 69.40843963623047
v -71.89777374267578 4 69.77645874023438
v -72 4 69
v -72.23312377929688 4.034074306488037 69.40843963623047
v -72 4 69
v -72.23312377929688 4.034074306488037 68.59156036376953
v -72.23312377929688 4.034074306488037 68.59156036376953
v -72 4 69
v -71.89777374267578 4 68.22354125976562
v -72.23312377929688 4.034074306488037 68.59156036376953
v -71.89777374267578 4 68.22354125976562
v -72.02997589111328 4.034074306488037 67.80034637451172
v -72.02997589111328 4.034074306488037 67.80034637451172
v -71.89777374267578 4 68.22354125976562
v -71.59807586669922 4 67.5
v -72.02997589111328 4.034074306488037 67.80034637451172
v -71.59807586669922 4 67.5
v -71.63643646240234 4.034074306488037 67.08451080322266
v -71.63643646240234 4.034074306488037 67.08451080322266
v -71.59807586669922 4 67.5
v -71.12132263183594 4 66.87867736816406
v -71.63643646240234 4.034074306488037 67.08451080322266
v -71.12132263183594 4 66.87867736816406
v -71.0772476196289 4.034074306488037 66.4890365600586
v -71.0772476196289 4.034074306488037 66.4890365600586
v -71.12132263183594 4 66.87867736816406
v -70.5 4 66.40192413330078
v -71.0772476196289 4.034074306488037 66.4890365600586
v -70.5 4 66.40192413330078
v -70.38753509521484 4.034074306488037 66.05133056640625
v -70.38753509521484 4.034074306488037 66.05133056640625
v -70.5 4 66.40192413330078
v -69.77645874023438 4 66.10222625732422
v -70.38753509521484 4.034074306488037 66.05133056640625
v -69.77645874023438 4 66.10222625732422
v -69.61064147949219 4.034074306488037 65.79890441894531
v -69.61064147949219 4.034074306488037 65.79890441894531
v -69.77645874023438 4 66.10222625732422
v -69 4 66
v -69.61064147949219 4.034074306488037 65.79890441894531
v -69 4 66
v -68.79537963867188 4.034074306488037 65.74761199951172
v -68.79537963867188 4.034074306488037 65.74761199951172
v -69 4 66
v -68.22354125976562 4 66.10222625732422
v -68.79537963867188 4.034074306488037 65.74761199951172
v -68.22354125976562 4 66.10222625732422
v -67.99297332763672 4.034074306488037 65.90068054199219
v -67.99297332763672 4.034074306488037 65.90068054199219
v -68.22354125976562 4 66.10222625732422
v -67.5 4 66.40192413330078
v -67.99297332763672 4.034074306488037 65.90068054199219
v -67.5 4 66.40192413330078
v -67.25383758544922 4.034074306488037 66.24848937988281
v -67.25383758544922 4.034074306488037 66.24848937988281
v -67.5 4 66.40192413330078
v -66.87867736816406 4 66.87867736816406
v -67.25383758544922 4.034074306488037 66.24848937988281
v -66.87867736816406 4 66.87867736816406
v -66.62442016601562 4.034074306488037 66.7691879272461
v -66.62442016601562 4.034074306488037 66.7691879272461
v -66.87867736816406 4 66.87867736816406
v -66.40192413330078 4 67.5
v -66.62442016601562 4.034074306488037 66.7691879272461
v -66.40192413330078 4 67.5
v -66.14427185058594 4.034074306488037 67.4300537109375
v -66.14427185058594 4.034074306488037 67.4300537109375
v -66.40192413330078 4 67.5
v -66.10222625732422 4 68.22354125976562
v -66.14427185058594 4.034074306488037 67.4300537109375
v -66.10222625732422 4 68.22354125976562
v -65.84355926513672 4.034074306488037 68.18956756591797
v -65.84355926513672 4.034074306488037 68.18956756591797
v -66.10222625732422 4 68.22354125976562
v -66 4 69
v -68.01805877685547 5 72.87760162353516
v -68.7509765625 4.741180896759033 72.95809936523438
v -69 5 73
v -69 5 73
v -68.7509765625 4.741180896759033 72.95809936523438
v -69.7431411743164 4.741180896759033 72.89567565917969
v -69 5 73
v -69.7431411743164 4.741180896759033 72.89567565917969
v -69.89008331298828 5 72.89971160888672
v -69.89008331298828 5 72.89971160888672
v -69.7431411743164 4.741180896759033 72.89567565917969
v -70.68860626220703 4.741180896759033 72.5884780883789
v -69.89008331298828 5 72.89971160888672
v -70.68860626220703 4.741180896759033 72.5884780883789
v -70.73553466796875 5 72.60387420654297
v -70.73553466796875 5 72.60387420654297
v -70.68860626220703 4.741180896759033 72.5884780883789
v -71.49395751953125 5 72.12732696533203
v -71.49395751953125 5 72.12732696533203
v -70.68860626220703 4.741180896759033 72.5884780883789
v -71.5279769897461 4.741180896759033 72.05580139160156
v -71.49395751953125 5 72.12732696533203
v -71.5279769897461 4.741180896759033 72.05580139160156
v -72.12732696533203 5 71.49395751953125
v -72.12732696533203 5 71.49395751953125
v -71.5279769897461 4.741180896759033 72.05580139160156
v -72.20850372314453 4.741180896759033 71.33111572265625
v -72.12732696533203 5 71.49395751953125
v -72.20850372314453 4.741180896759033 71.33111572265625
v -72.60387420654297 5 70.73553466796875
v -72.60387420654297 5 70.73553466796875
v -72.20850372314453 4.741180896759033 71.33111572265625
v -72.68742370605469 4.741180896759033 70.45995330810547
v -72.60387420654297 5 70.73553466796875
v -72.68742370605469 4.741180896759033 70.45995330810547
v -72.89971160888672 5 69.89008331298828
v -72.89971160888672 5 69.89008331298828
v -72.68742370605469 4.741180896759033 70.45995330810547
v -72.93465423583984 4.741180896759033 69.49706268310547
v -72.89971160888672 5 69.89008331298828
v -72.93465423583984 4.741180896759033 69.49706268310547
v -73 5 69
v -73 5 69
v -72.93465423583984 4.741180896759033 69.49706268310547
v -72.93465423583984 4.741180896759033 68.50293731689453
v -73 5 69
v -72.93465423583984 4.741180896759033 68.50293731689453
v -72.87760162353516 5 68.01805877685547
v -72.87760162353516 5 68.01805877685547
v -72.93465423583984 4.741180896759033 68.50293731689453
v -72.68742370605469 4.741180896759033 67.54004669189453
v -72.87760162353516 5 68.01805877685547
v -72.68742370605469 4.741180896759033 67.54004669189453
v -72.51789855957031 5 67.09620666503906
v -72.51789855957031 5 67.09620666503906
v -72.68742370605469 4.741180896759033 67.54004669189453
v -72.20850372314453 4.741180896759033 66.66888427734375
v -72.51789855957031 5 67.09620666503906
v -72.20850372314453 4.741180896759033 66.66888427734375
v -71.9428939819336 5 66.2908706665039
v -71.9428939819336 5 66.2908706665039
v -72.20850372314453 4.741180896759033 66.66888427734375
v -71.5279769897461 4.741180896759033 65.94419860839844
v -71.9428939819336 5 66.2908706665039
v -71.5279769897461 4.741180896759033 65.94419860839844
v -71.18778991699219 5 65.65133666992188
v -71.18778991699219 5 65.65133666992188
v -71.5279769897461 4.741180896759033 65.94419860839844
v -70.68860626220703 4.741180896759033 65.4115219116211
v -71.18778991699219 5 65.65133666992188
v -70.68860626220703 4.741180896759033 65.4115219116211
v -70.29879760742188 5 65.21672821044922
v -70.29879760742188 5 65.21672821044922
v -70.68860626220703 4.741180896759033 65.4115219116211
v -69.7431411743164 4.741180896759033 65.10432434082031
v -70.29879760742188 5 65.21672821044922
v -69.7431411743164 4.741180896759033 65.10432434082031
v -69.33031463623047 5 65.01366424560547
v -69.33031463623047 5 65.01366424560547
v -69.7431411743164 4.741180896759033 65.10432434082031
v -68.7509765625 4.741180896759033 65.04190063476562
v -69.33031463623047 5 65.01366424560547
v -68.7509765625 4.741180896759033 65.04190063476562
v -68.34162139892578 5 65.05455780029297
v -68.34162139892578 5 65.05455780029297
v -68.7509765625 4.741180896759033 65.04190063476562
v -67.77445983886719 4.741180896759033 65.22817993164062
v -68.34162139892578 5 65.05455780029297
v -67.77445983886719 4.741180896759033 65.22817993164062
v -67.39321899414062 5 65.33690643310547
v -67.39321899414062 5 65.33690643310547
v -67.77445983886719 4.741180896759033 65.22817993164062
v -66.87495422363281 4.741180896759033 65.65145874023438
v -67.39321899414062 5 65.33690643310547
v -66.87495422363281 4.741180896759033 65.65145874023438
v -66.54315185546875 5 65.84343719482422
v -66.54315185546875 5 65.84343719482422
v -66.87495422363281 4.741180896759033 65.65145874023438
v -66.10896301269531 4.741180896759033 66.2851333618164
v -66.54315185546875 5 65.84343719482422
v -66.10896301269531 4.741180896759033 66.2851333618164
v -65.84343719482422 5 66.54315185546875
v -65.84343719482422 5 66.54315185546875
v -66.10896301269531 4.741180896759033 66.2851333618164
v -65.5246353149414 4.741180896759033 67.08940124511719
v -65.84343719482422 5 66.54315185546875
v -65.5246353149414 4.741180896759033 67.08940124511719
v -65.33690643310547 5 67.39321899414062
v -65.33690643310547 5 67.39321899414062
v -65.5246353149414 4.741180896759033 67.08940124511719
v -65.1586685180664 4.741180896759033 68.01371765136719
v -68.7509765625 4.741180896759033 72.95809936523438
v -68.01805877685547 5 72.87760162353516
v -67.77445983886719 4.741180896759033 72.77182006835938
v -67.77445983886719 4.741180896759033 72.77182006835938
v -68.01805877685547 5 72.87760162353516
v -67.09620666503906 5 72.51789855957031
v -67.77445983886719 4.741180896759033 72.77182006835938
v -67.09620666503906 5 72.51789855957031
v -66.87495422363281 4.741180896759033 72.34854125976562
v -66.87495422363281 4.741180896759033 72.34854125976562
v -67.09620666503906 5 72.51789855957031
v -66.2908706665039 5 71.9428939819336
v -66.87495422363281 4.741180896759033 72.34854125976562
v -66.2908706665039 5 71.9428939819336
v -66.10896301269531 4.741180896759033 71.7148666381836
v -66.10896301269531 4.741180896759033 71.7148666381836
v -66.2908706665039 5 71.9428939819336
v -65.65133666992188 5 71.18778991699219
v -66.10896301269531 4.741180896759033 71.7148666381836
v -65.65133666992188 5 71.18778991699219
v -65.5246353149414 4.741180896759033 70.91059875488281
v -65.5246353149414 4.741180896759033 70.91059875488281
v -65.65133666992188 5 71.18778991699219
v -65.21672821044922 5 70.29879760742188
v -65.5246353149414 4.741180896759033 70.91059875488281
v -65.21672821044922 5 70.29879760742188
v -65.1586685180664 4.741180896759033 69.98628234863281
v -65.1586685180664 4.741180896759033 69.98628234863281
v -65.21672821044922 5 70.29879760742188
v -65.01366424560547 5 69.33031463623047
v -65.1586685180664 4.741180896759033 69.98628234863281
v -65.01366424560547 5 69.33031463623047
v -65.03407287597656 4.741180896759033 69
v -65.03407287597656 4.741180896759033 69
v -65.01366424560547 5 69.33031463623047
v -65.05455780029297 5 68.34162139892578
v -65.5 4.133974552154541 69
v -65.74118041992188 4.034074306488037 69
v -65.6099624633789 4.133974552154541 69.87041473388672
v -65.84355926513672 4.034074306488037 69.81043243408203
v -65.6099624633789 4.133974552154541 69.87041473388672
v -65.84355926513672 4.034074306488037 69.81043243408203
v -65.93292999267578 4.133974552154541 70.6861343383789
v -66.14427185058594 4.034074306488037 70.5699462890625
v -65.93292999267578 4.133974552154541 70.6861343383789
v -66.14427185058594 4.034074306488037 70.5699462890625
v -66.4486083984375 4.133974552154541 71.39591217041016
v -66.62442016601562 4.034074306488037 71.2308120727539
v -66.4486083984375 4.133974552154541 71.39591217041016
v -66.62442016601562 4.034074306488037 71.2308120727539
v -67.12460327148438 4.133974552154541 71.95514678955078
v -67.25383758544922 4.034074306488037 71.75151062011719
v -67.12460327148438 4.133974552154541 71.95514678955078
v -67.25383758544922 4.034074306488037 71.75151062011719
v -67.91844177246094 4.133974552154541 72.32869720458984
v -67.99297332763672 4.034074306488037 72.09931945800781
v -67.91844177246094 4.133974552154541 72.32869720458984
v -67.99297332763672 4.034074306488037 72.09931945800781
v -68.78023529052734 4.133974552154541 72.49309539794922
v -68.79537963867188 4.034074306488037 72.25238800048828
v -68.78023529052734 4.133974552154541 72.49309539794922
v -68.79537963867188 4.034074306488037 72.25238800048828
v -69.65583801269531 4.133974552154541 72.43800354003906
v -69.61064147949219 4.034074306488037 72.20109558105469
v -69.65583801269531 4.133974552154541 72.43800354003906
v -69.61064147949219 4.034074306488037 72.20109558105469
v -70.49022674560547 4.133974552154541 72.1668930053711
v -70.38753509521484 4.034074306488037 71.94866943359375
v -70.49022674560547 4.133974552154541 72.1668930053711
v -70.38753509521484 4.034074306488037 71.94866943359375
v -71.23098754882812 4.133974552154541 71.69679260253906
v -71.0772476196289 4.034074306488037 71.5109634399414
v -71.23098754882812 4.133974552154541 71.69679260253906
v -71.0772476196289 4.034074306488037 71.5109634399414
v -71.83155822753906 4.133974552154541 71.0572509765625
v -71.63643646240234 4.034074306488037 70.91548919677734
v -71.83155822753906 4.133974552154541 71.0572509765625
v -71.63643646240234 4.034074306488037 70.91548919677734
v -72.25421905517578 4.133974552154541 70.28843688964844
v -72.02997589111328 4.034074306488037 70.19965362548828
v -72.25421905517578 4.133974552154541 70.28843688964844
v -72.02997589111328 4.034074306488037 70.19965362548828
v -72.47240447998047 4.133974552154541 69.43866729736328
v -72.23312377929688 4.034074306488037 69.40843963623047
v -72.47240447998047 4.133974552154541 69.43866729736328
v -72.23312377929688 4.034074306488037 69.40843963623047
v -72.47240447998047 4.133974552154541 68.56133270263672
v -72.23312377929688 4.034074306488037 68.59156036376953
v -72.47240447998047 4.133974552154541 68.56133270263672
v -72.23312377929688 4.034074306488037 68.59156036376953
v -72.25421905517578 4.133974552154541 67.71156311035156
v -72.02997589111328 4.034074306488037 67.80034637451172
v -72.25421905517578 4.133974552154541 67.71156311035156
v -72.02997589111328 4.034074306488037 67.80034637451172
v -71.83155822753906 4.133974552154541 66.9427490234375
v -71.63643646240234 4.034074306488037 67.08451080322266
v -71.83155822753906 4.133974552154541 66.9427490234375
v -71.63643646240234 4.034074306488037 67.08451080322266
v -71.23098754882812 4.133974552154541 66.30320739746094
v -71.0772476196289 4.034074306488037 66.4890365600586
v -71.23098754882812 4.133974552154541 66.30320739746094
v -71.0772476196289 4.034074306488037 66.4890365600586
v -70.49022674560547 4.133974552154541 65.8331069946289
v -70.38753509521484 4.034074306488037 66.05133056640625
v -70.49022674560547 4.133974552154541 65.8331069946289
v -70.38753509521484 4.034074306488037 66.05133056640625
v -69.65583801269531 4.133974552154541 65.56199645996094
v -69.61064147949219 4.034074306488037 65.79890441894531
v -69.65583801269531 4.133974552154541 65.56199645996094
v -69.61064147949219 4.034074306488037 65.79890441894531
v -68.78023529052734 4.133974552154541 65.50690460205078
v -68.79537963867188 4.034074306488037 65.74761199951172
v -68.78023529052734 4.133974552154541 65.50690460205078
v -68.79537963867188 4.034074306488037 65.74761199951172
v -67.91844177246094 4.133974552154541 65.67130279541016
v -67.99297332763672 4.034074306488037 65.90068054199219
v -67.91844177246094 4.133974552154541 65.67130279541016
v -67.99297332763672 4.034074306488037 65.90068054199219
v -67.12460327148438 4.133974552154541 66.04485321044922
v -67.25383758544922 4.034074306488037 66.24848937988281
v -67.12460327148438 4.133974552154541 66.04485321044922
v -67.25383758544922 4.034074306488037 66.24848937988281
v -66.4486083984375 4.133974552154541 66.60408782958984
v -66.62442016601562 4.034074306488037 66.7691879272461
v -66.4486083984375 4.133974552154541 66.60408782958984
v -66.62442016601562 4.034074306488037 66.7691879272461
v -65.93292999267578 4.133974552154541 67.3138656616211
v -66.14427185058594 4.034074306488037 67.4300537109375
v -65.93292999267578 4.133974552154541 67.3138656616211
v -66.14427185058594 4.034074306488037 67.4300537109375
v -65.6099624633789 4.133974552154541 68.12958526611328
v -65.84355926513672 4.034074306488037 68.18956756591797
v -65.29289245605469 4.292893409729004 69
v -65.5 4.133974552154541 69
v -65.40935516357422 4.292893409729004 69.92192077636719
v -65.6099624633789 4.133974552154541 69.87041473388672
v -65.40935516357422 4.292893409729004 69.92192077636719
v -65.6099624633789 4.133974552154541 69.87041473388672
v -65.75143432617188 4.292893409729004 70.7859115600586
v -65.93292999267578 4.133974552154541 70.6861343383789
v -65.75143432617188 4.292893409729004 70.7859115600586
v -65.93292999267578 4.133974552154541 70.6861343383789
v -66.29763793945312 4.292893409729004 71.53768920898438
v -66.4486083984375 4.133974552154541 71.39591217041016
v -66.29763793945312 4.292893409729004 71.53768920898438
v -66.4486083984375 4.133974552154541 71.39591217041016
v -67.01363372802734 4.292893409729004 72.13001251220703
v -67.12460327148438 4.133974552154541 71.95514678955078
v -67.01363372802734 4.292893409729004 72.13001251220703
v -67.12460327148438 4.133974552154541 71.95514678955078
v -67.85443878173828 4.292893409729004 72.52566528320312
v -67.91844177246094 4.133974552154541 72.32869720458984
v -67.85443878173828 4.292893409729004 72.52566528320312
v -67.91844177246094 4.133974552154541 72.32869720458984
v -68.76722717285156 4.292893409729004 72.69979095458984
v -68.78023529052734 4.133974552154541 72.49309539794922
v -68.76722717285156 4.292893409729004 72.69979095458984
v -68.78023529052734 4.133974552154541 72.49309539794922
v -69.69464111328125 4.292893409729004 72.64144134521484
v -69.65583801269531 4.133974552154541 72.43800354003906
v -69.69464111328125 4.292893409729004 72.64144134521484
v -69.65583801269531 4.133974552154541 72.43800354003906
v -70.57840728759766 4.292893409729004 72.35429382324219
v -70.49022674560547 4.133974552154541 72.1668930053711
v -70.57840728759766 4.292893409729004 72.35429382324219
v -70.49022674560547 4.133974552154541 72.1668930053711
v -71.36299896240234 4.292893409729004 71.85637664794922
v -71.23098754882812 4.133974552154541 71.69679260253906
v -71.36299896240234 4.292893409729004 71.85637664794922
v -71.23098754882812 4.133974552154541 71.69679260253906
v -71.99911499023438 4.292893409729004 71.17898559570312
v -71.83155822753906 4.133974552154541 71.0572509765625
v -71.99911499023438 4.292893409729004 71.17898559570312
v -71.83155822753906 4.133974552154541 71.0572509765625
v -72.44677734375 4.292893409729004 70.36467742919922
v -72.25421905517578 4.133974552154541 70.28843688964844
v -72.44677734375 4.292893409729004 70.36467742919922
v -72.25421905517578 4.133974552154541 70.28843688964844
v -72.67787170410156 4.292893409729004 69.4646224975586
v -72.47240447998047 4.133974552154541 69.43866729736328
v -72.67787170410156 4.292893409729004 69.4646224975586
v -72.47240447998047 4.133974552154541 69.43866729736328
v -72.67787170410156 4.292893409729004 68.5353775024414
v -72.47240447998047 4.133974552154541 68.56133270263672
v -72.67787170410156 4.292893409729004 68.5353775024414
v -72.47240447998047 4.133974552154541 68.56133270263672
v -72.44677734375 4.292893409729004 67.63532257080078
v -72.25421905517578 4.133974552154541 67.71156311035156
v -72.44677734375 4.292893409729004 67.63532257080078
v -72.25421905517578 4.133974552154541 67.71156311035156
v -71.99911499023438 4.292893409729004 66.82101440429688
v -71.83155822753906 4.133974552154541 66.9427490234375
v -71.99911499023438 4.292893409729004 66.82101440429688
v -71.83155822753906 4.133974552154541 66.9427490234375
v -71.36299896240234 4.292893409729004 66.14362335205078
v -71.23098754882812 4.133974552154541 66.30320739746094
v -71.36299896240234 4.292893409729004 66.14362335205078
v -71.23098754882812 4.133974552154541 66.30320739746094
v -70.57840728759766 4.292893409729004 65.64570617675781
v -70.49022674560547 4.133974552154541 65.8331069946289
v -70.57840728759766 4.292893409729004 65.64570617675781
v -70.49022674560547 4.133974552154541 65.8331069946289
v -69.69464111328125 4.292893409729004 65.35855865478516
v -69.65583801269531 4.133974552154541 65.56199645996094
v -69.69464111328125 4.292893409729004 65.35855865478516
v -69.65583801269531 4.133974552154541 65.56199645996094
v -68.76722717285156 4.292893409729004 65.30020904541016
v -68.78023529052734 4.133974552154541 65.50690460205078
v -68.76722717285156 4.292893409729004 65.30020904541016
v -68.78023529052734 4.133974552154541 65.50690460205078
v -67.85443878173828 4.292893409729004 65.47433471679688
v -67.91844177246094 4.133974552154541 65.67130279541016
v -67.85443878173828 4.292893409729004 65.47433471679688
v -67.91844177246094 4.133974552154541 65.67130279541016
v -67.01363372802734 4.292893409729004 65.86998748779297
v -67.12460327148438 4.133974552154541 66.04485321044922
v -67.01363372802734 4.292893409729004 65.86998748779297
v -67.12460327148438 4.133974552154541 66.04485321044922
v -66.29763793945312 4.292893409729004 66.46231079101562
v -66.4486083984375 4.133974552154541 66.60408782958984
v -66.29763793945312 4.292893409729004 66.46231079101562
v -66.4486083984375 4.133974552154541 66.60408782958984
v -65.75143432617188 4.292893409729004 67.2140884399414
v -65.93292999267578 4.133974552154541 67.3138656616211
v -65.75143432617188 4.292893409729004 67.2140884399414
v -65.93292999267578 4.133974552154541 67.3138656616211
v -65.40935516357422 4.292893409729004 68.07807922363281
v -65.6099624633789 4.133974552154541 68.12958526611328
v -65.1586685180664 4.741180896759033 69.98628234863281
v -65.03407287597656 4.741180896759033 69
v -65.13397216796875 4.5 69
v -65.13397216796875 4.5 69
v -65.29289245605469 4.292893409729004 69
v -65.25543212890625 4.5 69.96144104003906
v -65.40935516357422 4.292893409729004 69.92192077636719
v -65.25543212890625 4.5 69.96144104003906
v -65.40935516357422 4.292893409729004 69.92192077636719
v -65.61217498779297 4.5 70.86247253417969
v -65.75143432617188 4.292893409729004 70.7859115600586
v -65.61217498779297 4.5 70.86247253417969
v -65.75143432617188 4.292893409729004 70.7859115600586
v -66.1817855834961 4.5 71.64647674560547
v -66.29763793945312 4.292893409729004 71.53768920898438
v -66.1817855834961 4.5 71.64647674560547
v -66.29763793945312 4.292893409729004 71.53768920898438
v -66.92848205566406 4.5 72.26419067382812
v -67.01363372802734 4.292893409729004 72.13001251220703
v -66.92848205566406 4.5 72.26419067382812
v -67.01363372802734 4.292893409729004 72.13001251220703
v -67.80533599853516 4.5 72.67681121826172
v -67.85443878173828 4.292893409729004 72.52566528320312
v -67.80533599853516 4.5 72.67681121826172
v -67.85443878173828 4.292893409729004 72.52566528320312
v -68.75724792480469 4.5 72.8583984375
v -68.76722717285156 4.292893409729004 72.69979095458984
v -68.75724792480469 4.5 72.8583984375
v -68.76722717285156 4.292893409729004 72.69979095458984
v -69.72441864013672 4.5 72.79754638671875
v -69.69464111328125 4.292893409729004 72.64144134521484
v -69.72441864013672 4.5 72.79754638671875
v -69.69464111328125 4.292893409729004 72.64144134521484
v -70.64607238769531 4.5 72.49808502197266
v -70.57840728759766 4.292893409729004 72.35429382324219
v -70.64607238769531 4.5 72.49808502197266
v -70.57840728759766 4.292893409729004 72.35429382324219
v -71.46429443359375 4.5 71.97882080078125
v -71.36299896240234 4.292893409729004 71.85637664794922
v -71.46429443359375 4.5 71.97882080078125
v -71.36299896240234 4.292893409729004 71.85637664794922
v -72.12767791748047 4.5 71.27239227294922
v -71.99911499023438 4.292893409729004 71.17898559570312
v -72.12767791748047 4.5 71.27239227294922
v -71.99911499023438 4.292893409729004 71.17898559570312
v -72.59453582763672 4.5 70.42317962646484
v -72.44677734375 4.292893409729004 70.36467742919922
v -72.59453582763672 4.5 70.42317962646484
v -72.44677734375 4.292893409729004 70.36467742919922
v -72.83554077148438 4.5 69.48454284667969
v -72.67787170410156 4.292893409729004 69.4646224975586
v -72.83554077148438 4.5 69.48454284667969
v -72.67787170410156 4.292893409729004 69.4646224975586
v -72.83554077148438 4.5 68.51545715332031
v -72.67787170410156 4.292893409729004 68.5353775024414
v -72.83554077148438 4.5 68.51545715332031
v -72.67787170410156 4.292893409729004 68.5353775024414
v -72.59453582763672 4.5 67.57682037353516
v -72.44677734375 4.292893409729004 67.63532257080078
v -72.59453582763672 4.5 67.57682037353516
v -72.44677734375 4.292893409729004 67.63532257080078
v -72.12767791748047 4.5 66.72760772705078
v -71.99911499023438 4.292893409729004 66.82101440429688
v -72.12767791748047 4.5 66.72760772705078
v -71.99911499023438 4.292893409729004 66.82101440429688
v -71.46429443359375 4.5 66.02117919921875
v -71.36299896240234 4.292893409729004 66.14362335205078
v -71.46429443359375 4.5 66.02117919921875
v -71.36299896240234 4.292893409729004 66.14362335205078
v -70.64607238769531 4.5 65.50191497802734
v -70.57840728759766 4.292893409729004 65.64570617675781
v -70.64607238769531 4.5 65.50191497802734
v -70.57840728759766 4.292893409729004 65.64570617675781
v -69.72441864013672 4.5 65.20245361328125
v -69.69464111328125 4.292893409729004 65.35855865478516
v -69.72441864013672 4.5 65.20245361328125
v -69.69464111328125 4.292893409729004 65.35855865478516
v -68.75724792480469 4.5 65.1416015625
v -68.76722717285156 4.292893409729004 65.30020904541016
v -68.75724792480469 4.5 65.1416015625
v -68.76722717285156 4.292893409729004 65.30020904541016
v -67.80533599853516 4.5 65.32318878173828
v -67.85443878173828 4.292893409729004 65.47433471679688
v -67.80533599853516 4.5 65.32318878173828
v -67.85443878173828 4.292893409729004 65.47433471679688
v -66.92848205566406 4.5 65.73580932617188
v -67.01363372802734 4.292893409729004 65.86998748779297
v -66.92848205566406 4.5 65.73580932617188
v -67.01363372802734 4.292893409729004 65.86998748779297
v -66.1817855834961 4.5 66.35352325439453
v -66.29763793945312 4.292893409729004 66.46231079101562
v -66.1817855834961 4.5 66.35352325439453
v -66.29763793945312 4.292893409729004 66.46231079101562
v -65.61217498779297 4.5 67.13752746582031
v -65.75143432617188 4.292893409729004 67.2140884399414
v -65.61217498779297 4.5 67.13752746582031
v -65.75143432617188 4.292893409729004 67.2140884399414
v -65.25543212890625 4.5 68.03855895996094
v -65.40935516357422 4.292893409729004 68.07807922363281
v -65.5246353149414 4.741180896759033 70.91059875488281
v -65.1586685180664 4.741180896759033 69.98628234863281
v -65.25543212890625 4.5 69.96144104003906
v -65.25543212890625 4.5 69.96144104003906
v -65.61217498779297 4.5 70.86247253417969
v -66.10896301269531 4.741180896759033 71.7148666381836
v -65.5246353149414 4.741180896759033 70.91059875488281
v -65.61217498779297 4.5 70.86247253417969
v -66.1817855834961 4.5 71.64647674560547
v -66.87495422363281 4.741180896759033 72.34854125976562
v -66.10896301269531 4.741180896759033 71.7148666381836
v -66.1817855834961 4.5 71.64647674560547
v -66.92848205566406 4.5 72.26419067382812
v -67.77445983886719 4.741180896759033 72.77182006835938
v -66.87495422363281 4.741180896759033 72.34854125976562
v -66.92848205566406 4.5 72.26419067382812
v -67.80533599853516 4.5 72.67681121826172
v -68.7509765625 4.741180896759033 72.95809936523438
v -67.77445983886719 4.741180896759033 72.77182006835938
v -67.80533599853516 4.5 72.67681121826172
v -68.75724792480469 4.5 72.8583984375
v -69.7431411743164 4.741180896759033 72.89567565917969
v -68.7509765625 4.741180896759033 72.95809936523438
v -68.75724792480469 4.5 72.8583984375
v -69.72441864013672 4.5 72.79754638671875
v -70.68860626220703 4.741180896759033 72.5884780883789
v -69.7431411743164 4.741180896759033 72.89567565917969
v -69.72441864013672 4.5 72.79754638671875
v -70.64607238769531 4.5 72.49808502197266
v -71.5279769897461 4.741180896759033 72.05580139160156
v -70.68860626220703 4.741180896759033 72.5884780883789
v -70.64607238769531 4.5 72.49808502197266
v -71.46429443359375 4.5 71.97882080078125
v -72.20850372314453 4.741180896759033 71.33111572265625
v -71.5279769897461 4.741180896759033 72.05580139160156
v -71.46429443359375 4.5 71.97882080078125
v -72.12767791748047 4.5 71.27239227294922
v -72.68742370605469 4.741180896759033 70.45995330810547
v -72.20850372314453 4.741180896759033 71.33111572265625
v -72.12767791748047 4.5 71.27239227294922
v -72.59453582763672 4.5 70.42317962646484
v -72.93465423583984 4.741180896759033 69.49706268310547
v -72.68742370605469 4.741180896759033 70.45995330810547
v -72.59453582763672 4.5 70.42317962646484
v -72.83554077148438 4.5 69.48454284667969
v -72.93465423583984 4.741180896759033 68.50293731689453
v -72.93465423583984 4.741180896759033 69.49706268310547
v -72.83554077148438 4.5 69.48454284667969
v -72.83554077148438 4.5 68.51545715332031
v -72.68742370605469 4.741180896759033 67.54004669189453
v -72.93465423583984 4.741180896759033 68.50293731689453
v -72.83554077148438 4.5 68.51545715332031
v -72.59453582763672 4.5 67.57682037353516
v -72.20850372314453 4.741180896759033 66.66888427734375
v -72.68742370605469 4.741180896759033 67.54004669189453
v -72.59453582763672 4.5 67.57682037353516
v -72.12767791748047 4.5 66.72760772705078
v -71.5279769897461 4.741180896759033 65.94419860839844
v -72.20850372314453 4.741180896759033 66.66888427734375
v -72.12767791748047 4.5 66.72760772705078
v -71.46429443359375 4.5 66.02117919921875
v -70.68860626220703 4.741180896759033 65.4115219116211
v -71.5279769897461 4.741180896759033 65.94419860839844
v -71.46429443359375 4.5 66.02117919921875
v -70.64607238769531 4.5 65.50191497802734
v -69.7431411743164 4.741180896759033 65.10432434082031
v -70.68860626220703 4.741180896759033 65.4115219116211
v -70.64607238769531 4.5 65.50191497802734
v -69.72441864013672 4.5 65.20245361328125
v -68.7509765625 4.741180896759033 65.04190063476562
v -69.7431411743164 4.741180896759033 65.10432434082031
v -69.72441864013672 4.5 65.20245361328125
v -68.75724792480469 4.5 65.1416015625
v -67.77445983886719 4.741180896759033 65.22817993164062
v -68.7509765625 4.741180896759033 65.04190063476562
v -68.75724792480469 4.5 65.1416015625
v -67.80533599853516 4.5 65.32318878173828
v -66.87495422363281 4.741180896759033 65.65145874023438
v -67.77445983886719 4.741180896759033 65.22817993164062
v -67.80533599853516 4.5 65.32318878173828
v -66.92848205566406 4.5 65.73580932617188
v -66.10896301269531 4.741180896759033 66.2851333618164
v -66.87495422363281 4.741180896759033 65.65145874023438
v -66.92848205566406 4.5 65.73580932617188
v -66.1817855834961 4.5 66.35352325439453
v -65.5246353149414 4.741180896759033 67.08940124511719
v -66.10896301269531 4.741180896759033 66.2851333618164
v -66.1817855834961 4.5 66.35352325439453
v -65.61217498779297 4.5 67.13752746582031
v -65.1586685180664 4.741180896759033 68.01371765136719
v -65.5246353149414 4.741180896759033 67.08940124511719
v -65.61217498779297 4.5 67.13752746582031
v -65.25543212890625 4.5 68.03855895996094
v -66.10222625732422 4 68.22354125976562
v -71.89777374267578 4 68.22354125976562
v -66 4 69
v -72 4 69
v -66.10222625732422 4 69.77645874023438
v -71.89777374267578 4 69.77645874023438
v -66.40192413330078 4 70.5
v -71.59807586669922 4 70.5
v -66.87867736816406 4 71.12132263183594
v -71.12132263183594 4 71.12132263183594
v -67.5 4 71.59807586669922
v -70.5 4 71.59807586669922
v -68.22354125976562 4 71.89777374267578
v -69.77645874023438 4 71.89777374267578
v -69 4 72
v -71.59807586669922 4 67.5
v -66.40192413330078 4 67.5
v -71.12132263183594 4 66.87867736816406
v -66.87867736816406 4 66.87867736816406
v -70.5 4 66.40192413330078
v -67.5 4 66.40192413330078
v -69.77645874023438 4 66.10222625732422
v -68.22354125976562 4 66.10222625732422
v -69 4 66
v 71.89777374267578 4 -68.22354125976562
v 72.15644073486328 4.034074306488037 -68.18956756591797
v 72 4 -69
v 72 4 -69
v 72.15644073486328 4.034074306488037 -68.18956756591797
v 72.25881958007812 4.034074306488037 -69
v 72 4 -69
v 72.25881958007812 4.034074306488037 -69
v 72.15644073486328 4.034074306488037 -69.81043243408203
v 72.15644073486328 4.034074306488037 -69.81043243408203
v 72.25881958007812 4.034074306488037 -69
v 72.5 4.133974552154541 -69
v 72.3900375366211 4.133974552154541 -69.87041473388672
v 72.3900375366211 4.133974552154541 -69.87041473388672
v 72.5 4.133974552154541 -69
v 72.70710754394531 4.292893409729004 -69
v 72.59064483642578 4.292893409729004 -69.92192077636719
v 72.59064483642578 4.292893409729004 -69.92192077636719
v 72.70710754394531 4.292893409729004 -69
v 72.86602783203125 4.5 -69
v 72.74456787109375 4.5 -69.96144104003906
v 72.74456787109375 4.5 -69.96144104003906
v 72.86602783203125 4.5 -69
v 72.96592712402344 4.741180896759033 -69
v 72.8413314819336 4.741180896759033 -69.98628234863281
v 72.8413314819336 4.741180896759033 -69.98628234863281
v 72.96592712402344 4.741180896759033 -69
v 72.89971160888672 5 -69.89008331298828
v 72.8413314819336 4.741180896759033 -69.98628234863281
v 72.89971160888672 5 -69.89008331298828
v 72.60387420654297 5 -70.73553466796875
v 72.15644073486328 4.034074306488037 -68.18956756591797
v 71.89777374267578 4 -68.22354125976562
v 71.85572814941406 4.034074306488037 -67.4300537109375
v 71.85572814941406 4.034074306488037 -67.4300537109375
v 71.89777374267578 4 -68.22354125976562
v 71.59807586669922 4 -67.5
v 71.85572814941406 4.034074306488037 -67.4300537109375
v 71.59807586669922 4 -67.5
v 71.37557983398438 4.034074306488037 -66.7691879272461
v 71.37557983398438 4.034074306488037 -66.7691879272461
v 71.59807586669922 4 -67.5
v 71.12132263183594 4 -66.87867736816406
v 71.37557983398438 4.034074306488037 -66.7691879272461
v 71.12132263183594 4 -66.87867736816406
v 70.74616241455078 4.034074306488037 -66.24848937988281
v 70.74616241455078 4.034074306488037 -66.24848937988281
v 71.12132263183594 4 -66.87867736816406
v 70.5 4 -66.40192413330078
v 70.74616241455078 4.034074306488037 -66.24848937988281
v 70.5 4 -66.40192413330078
v 70.00702667236328 4.034074306488037 -65.90068054199219
v 70.00702667236328 4.034074306488037 -65.90068054199219
v 70.5 4 -66.40192413330078
v 69.77645874023438 4 -66.10222625732422
v 70.00702667236328 4.034074306488037 -65.90068054199219
v 69.77645874023438 4 -66.10222625732422
v 69.20462036132812 4.034074306488037 -65.74761199951172
v 69.20462036132812 4.034074306488037 -65.74761199951172
v 69.77645874023438 4 -66.10222625732422
v 69 4 -66
v 69.20462036132812 4.034074306488037 -65.74761199951172
v 69 4 -66
v 68.38935852050781 4.034074306488037 -65.79890441894531
v 68.38935852050781 4.034074306488037 -65.79890441894531
v 69 4 -66
v 68.22354125976562 4 -66.10222625732422
v 68.38935852050781 4.034074306488037 -65.79890441894531
v 68.22354125976562 4 -66.10222625732422
v 67.61246490478516 4.034074306488037 -66.05133056640625
v 67.61246490478516 4.034074306488037 -66.05133056640625
v 68.22354125976562 4 -66.10222625732422
v 67.5 4 -66.40192413330078
v 67.61246490478516 4.034074306488037 -66.05133056640625
v 67.5 4 -66.40192413330078
v 66.9227523803711 4.034074306488037 -66.4890365600586
v 66.9227523803711 4.034074306488037 -66.4890365600586
v 67.5 4 -66.40192413330078
v 66.87867736816406 4 -66.87867736816406
v 66.9227523803711 4.034074306488037 -66.4890365600586
v 66.87867736816406 4 -66.87867736816406
v 66.36356353759766 4.034074306488037 -67.08451080322266
v 66.36356353759766 4.034074306488037 -67.08451080322266
v 66.87867736816406 4 -66.87867736816406
v 66.40192413330078 4 -67.5
v 66.36356353759766 4.034074306488037 -67.08451080322266
v 66.40192413330078 4 -67.5
v 65.97002410888672 4.034074306488037 -67.80034637451172
v 65.97002410888672 4.034074306488037 -67.80034637451172
v 66.40192413330078 4 -67.5
v 66.10222625732422 4 -68.22354125976562
v 65.97002410888672 4.034074306488037 -67.80034637451172
v 66.10222625732422 4 -68.22354125976562
v 65.76687622070312 4.034074306488037 -68.59156036376953
v 65.76687622070312 4.034074306488037 -68.59156036376953
v 66.10222625732422 4 -68.22354125976562
v 66 4 -69
v 65.76687622070312 4.034074306488037 -68.59156036376953
v 66 4 -69
v 65.76687622070312 4.034074306488037 -69.40843963623047
v 65.76687622070312 4.034074306488037 -69.40843963623047
v 66 4 -69
v 66.10222625732422 4 -69.77645874023438
v 65.76687622070312 4.034074306488037 -69.40843963623047
v 66.10222625732422 4 -69.77645874023438
v 65.97002410888672 4.034074306488037 -70.19965362548828
v 65.97002410888672 4.034074306488037 -70.19965362548828
v 66.10222625732422 4 -69.77645874023438
v 66.40192413330078 4 -70.5
v 65.97002410888672 4.034074306488037 -70.19965362548828
v 66.40192413330078 4 -70.5
v 66.36356353759766 4.034074306488037 -70.91548919677734
v 66.36356353759766 4.034074306488037 -70.91548919677734
v 66.40192413330078 4 -70.5
v 66.87867736816406 4 -71.12132263183594
v 66.36356353759766 4.034074306488037 -70.91548919677734
v 66.87867736816406 4 -71.12132263183594
v 66.9227523803711 4.034074306488037 -71.5109634399414
v 66.9227523803711 4.034074306488037 -71.5109634399414
v 66.87867736816406 4 -71.12132263183594
v 67.5 4 -71.59807586669922
v 66.9227523803711 4.034074306488037 -71.5109634399414
v 67.5 4 -71.59807586669922
v 67.61246490478516 4.034074306488037 -71.94866943359375
v 67.61246490478516 4.034074306488037 -71.94866943359375
v 67.5 4 -71.59807586669922
v 68.22354125976562 4 -71.89777374267578
v 67.61246490478516 4.034074306488037 -71.94866943359375
v 68.22354125976562 4 -71.89777374267578
v 68.38935852050781 4.034074306488037 -72.20109558105469
v 68.38935852050781 4.034074306488037 -72.20109558105469
v 68.22354125976562 4 -71.89777374267578
v 69 4 -72
v 68.38935852050781 4.034074306488037 -72.20109558105469
v 69 4 -72
v 69.20462036132812 4.034074306488037 -72.25238800048828
v 69.20462036132812 4.034074306488037 -72.25238800048828
v 69 4 -72
v 69.77645874023438 4 -71.89777374267578
v 69.20462036132812 4.034074306488037 -72.25238800048828
v 69.77645874023438 4 -71.89777374267578
v 70.00702667236328 4.034074306488037 -72.09931945800781
v 70.00702667236328 4.034074306488037 -72.09931945800781
v 69.77645874023438 4 -71.89777374267578
v 70.5 4 -71.59807586669922
v 70.00702667236328 4.034074306488037 -72.09931945800781
v 70.5 4 -71.59807586669922
v 70.74616241455078 4.034074306488037 -71.75151062011719
v 70.74616241455078 4.034074306488037 -71.75151062011719
v 70.5 4 -71.59807586669922
v 71.12132263183594 4 -71.12132263183594
v 70.74616241455078 4.034074306488037 -71.75151062011719
v 71.12132263183594 4 -71.12132263183594
v 71.37557983398438 4.034074306488037 -71.2308120727539
v 71.37557983398438 4.034074306488037 -71.2308120727539
v 71.12132263183594 4 -71.12132263183594
v 71.59807586669922 4 -70.5
v 71.37557983398438 4.034074306488037 -71.2308120727539
v 71.59807586669922 4 -70.5
v 71.85572814941406 4.034074306488037 -70.5699462890625
v 71.85572814941406 4.034074306488037 -70.5699462890625
v 71.59807586669922 4 -70.5
v 71.89777374267578 4 -69.77645874023438
v 71.85572814941406 4.034074306488037 -70.5699462890625
v 71.89777374267578 4 -69.77645874023438
v 72.15644073486328 4.034074306488037 -69.81043243408203
v 72.15644073486328 4.034074306488037 -69.81043243408203
v 71.89777374267578 4 -69.77645874023438
v 72 4 -69
v 72.87760162353516 5 -68.01805877685547
v 73 5 -69
v 72.96592712402344 4.741180896759033 -69
v 72.96592712402344 4.741180896759033 -69
v 73 5 -69
v 72.89971160888672 5 -69.89008331298828
v 72.8413314819336 4.741180896759033 -69.98628234863281
v 72.60387420654297 5 -70.73553466796875
v 72.4753646850586 4.741180896759033 -70.91059875488281
v 72.4753646850586 4.741180896759033 -70.91059875488281
v 72.60387420654297 5 -70.73553466796875
v 72.12732696533203 5 -71.49395751953125
v 72.4753646850586 4.741180896759033 -70.91059875488281
v 72.12732696533203 5 -71.49395751953125
v 71.89103698730469 4.741180896759033 -71.7148666381836
v 71.89103698730469 4.741180896759033 -71.7148666381836
v 72.12732696533203 5 -71.49395751953125
v 71.49395751953125 5 -72.12732696533203
v 71.89103698730469 4.741180896759033 -71.7148666381836
v 71.49395751953125 5 -72.12732696533203
v 71.12504577636719 4.741180896759033 -72.34854125976562
v 71.12504577636719 4.741180896759033 -72.34854125976562
v 71.49395751953125 5 -72.12732696533203
v 70.73553466796875 5 -72.60387420654297
v 71.12504577636719 4.741180896759033 -72.34854125976562
v 70.73553466796875 5 -72.60387420654297
v 70.22554016113281 4.741180896759033 -72.77182006835938
v 70.22554016113281 4.741180896759033 -72.77182006835938
v 70.73553466796875 5 -72.60387420654297
v 69.89008331298828 5 -72.89971160888672
v 70.22554016113281 4.741180896759033 -72.77182006835938
v 69.89008331298828 5 -72.89971160888672
v 69.2490234375 4.741180896759033 -72.95809936523438
v 69.2490234375 4.741180896759033 -72.95809936523438
v 69.89008331298828 5 -72.89971160888672
v 69 5 -73
v 69.2490234375 4.741180896759033 -72.95809936523438
v 69 5 -73
v 68.2568588256836 4.741180896759033 -72.89567565917969
v 68.2568588256836 4.741180896759033 -72.89567565917969
v 69 5 -73
v 68.01805877685547 5 -72.87760162353516
v 68.2568588256836 4.741180896759033 -72.89567565917969
v 68.01805877685547 5 -72.87760162353516
v 67.31139373779297 4.741180896759033 -72.5884780883789
v 67.31139373779297 4.741180896759033 -72.5884780883789
v 68.01805877685547 5 -72.87760162353516
v 67.09620666503906 5 -72.51789855957031
v 67.31139373779297 4.741180896759033 -72.5884780883789
v 67.09620666503906 5 -72.51789855957031
v 66.4720230102539 4.741180896759033 -72.05580139160156
v 66.4720230102539 4.741180896759033 -72.05580139160156
v 67.09620666503906 5 -72.51789855957031
v 66.2908706665039 5 -71.9428939819336
v 66.4720230102539 4.741180896759033 -72.05580139160156
v 66.2908706665039 5 -71.9428939819336
v 65.79149627685547 4.741180896759033 -71.33111572265625
v 65.79149627685547 4.741180896759033 -71.33111572265625
v 66.2908706665039 5 -71.9428939819336
v 65.65133666992188 5 -71.18778991699219
v 65.79149627685547 4.741180896759033 -71.33111572265625
v 65.65133666992188 5 -71.18778991699219
v 65.31257629394531 4.741180896759033 -70.45995330810547
v 65.31257629394531 4.741180896759033 -70.45995330810547
v 65.65133666992188 5 -71.18778991699219
v 65.21672821044922 5 -70.29879760742188
v 65.31257629394531 4.741180896759033 -70.45995330810547
v 65.21672821044922 5 -70.29879760742188
v 65.06534576416016 4.741180896759033 -69.49706268310547
v 65.06534576416016 4.741180896759033 -69.49706268310547
v 65.21672821044922 5 -70.29879760742188
v 65.01366424560547 5 -69.33031463623047
v 65.06534576416016 4.741180896759033 -69.49706268310547
v 65.01366424560547 5 -69.33031463623047
v 65.06534576416016 4.741180896759033 -68.50293731689453
v 65.06534576416016 4.741180896759033 -68.50293731689453
v 65.01366424560547 5 -69.33031463623047
v 65.05455780029297 5 -68.34162139892578
v 65.06534576416016 4.741180896759033 -68.50293731689453
v 65.05455780029297 5 -68.34162139892578
v 65.31257629394531 4.741180896759033 -67.54004669189453
v 65.31257629394531 4.741180896759033 -67.54004669189453
v 65.05455780029297 5 -68.34162139892578
v 65.33690643310547 5 -67.39321899414062
v 65.31257629394531 4.741180896759033 -67.54004669189453
v 65.33690643310547 5 -67.39321899414062
v 65.79149627685547 4.741180896759033 -66.66888427734375
v 65.79149627685547 4.741180896759033 -66.66888427734375
v 65.33690643310547 5 -67.39321899414062
v 65.84343719482422 5 -66.54315185546875
v 65.79149627685547 4.741180896759033 -66.66888427734375
v 65.84343719482422 5 -66.54315185546875
v 66.4720230102539 4.741180896759033 -65.94419860839844
v 66.4720230102539 4.741180896759033 -65.94419860839844
v 65.84343719482422 5 -66.54315185546875
v 66.54315185546875 5 -65.84343719482422
v 66.4720230102539 4.741180896759033 -65.94419860839844
v 66.54315185546875 5 -65.84343719482422
v 67.31139373779297 4.741180896759033 -65.4115219116211
v 67.31139373779297 4.741180896759033 -65.4115219116211
v 66.54315185546875 5 -65.84343719482422
v 67.39321899414062 5 -65.33690643310547
v 67.31139373779297 4.741180896759033 -65.4115219116211
v 67.39321899414062 5 -65.33690643310547
v 68.2568588256836 4.741180896759033 -65.10432434082031
v 68.2568588256836 4.741180896759033 -65.10432434082031
v 67.39321899414062 5 -65.33690643310547
v 68.34162139892578 5 -65.05455780029297
v 68.2568588256836 4.741180896759033 -65.10432434082031
v 68.34162139892578 5 -65.05455780029297
v 69.2490234375 4.741180896759033 -65.04190063476562
v 69.2490234375 4.741180896759033 -65.04190063476562
v 68.34162139892578 5 -65.05455780029297
v 69.33031463623047 5 -65.01366424560547
v 69.2490234375 4.741180896759033 -65.04190063476562
v 69.33031463623047 5 -65.01366424560547
v 70.22554016113281 4.741180896759033 -65.22817993164062
v 70.22554016113281 4.741180896759033 -65.22817993164062
v 69.33031463623047 5 -65.01366424560547
v 70.29879760742188 5 -65.21672821044922
v 70.22554016113281 4.741180896759033 -65.22817993164062
v 70.29879760742188 5 -65.21672821044922
v 71.12504577636719 4.741180896759033 -65.65145874023438
v 71.12504577636719 4.741180896759033 -65.65145874023438
v 70.29879760742188 5 -65.21672821044922
v 71.18778991699219 5 -65.65133666992188
v 71.12504577636719 4.741180896759033 -65.65145874023438
v 71.18778991699219 5 -65.65133666992188
v 71.89103698730469 4.741180896759033 -66.2851333618164
v 71.89103698730469 4.741180896759033 -66.2851333618164
v 71.18778991699219 5 -65.65133666992188
v 71.9428939819336 5 -66.2908706665039
v 71.89103698730469 4.741180896759033 -66.2851333618164
v 71.9428939819336 5 -66.2908706665039
v 72.4753646850586 4.741180896759033 -67.08940124511719
v 72.4753646850586 4.741180896759033 -67.08940124511719
v 71.9428939819336 5 -66.2908706665039
v 72.51789855957031 5 -67.09620666503906
v 72.4753646850586 4.741180896759033 -67.08940124511719
v 72.51789855957031 5 -67.09620666503906
v 72.8413314819336 4.741180896759033 -68.01371765136719
v 72.8413314819336 4.741180896759033 -68.01371765136719
v 72.51789855957031 5 -67.09620666503906
v 72.87760162353516 5 -68.01805877685547
v 72.8413314819336 4.741180896759033 -68.01371765136719
v 72.87760162353516 5 -68.01805877685547
v 72.96592712402344 4.741180896759033 -69
v 72.5 4.133974552154541 -69
v 72.25881958007812 4.034074306488037 -69
v 72.3900375366211 4.133974552154541 -68.12958526611328
v 72.15644073486328 4.034074306488037 -68.18956756591797
v 72.3900375366211 4.133974552154541 -68.12958526611328
v 72.15644073486328 4.034074306488037 -68.18956756591797
v 72.06707000732422 4.133974552154541 -67.3138656616211
v 71.85572814941406 4.034074306488037 -67.4300537109375
v 72.06707000732422 4.133974552154541 -67.3138656616211
v 71.85572814941406 4.034074306488037 -67.4300537109375
v 71.5513916015625 4.133974552154541 -66.60408782958984
v 71.37557983398438 4.034074306488037 -66.7691879272461
v 71.5513916015625 4.133974552154541 -66.60408782958984
v 71.37557983398438 4.034074306488037 -66.7691879272461
v 70.87539672851562 4.133974552154541 -66.04485321044922
v 70.74616241455078 4.034074306488037 -66.24848937988281
v 70.87539672851562 4.133974552154541 -66.04485321044922
v 70.74616241455078 4.034074306488037 -66.24848937988281
v 70.08155822753906 4.133974552154541 -65.67130279541016
v 70.00702667236328 4.034074306488037 -65.90068054199219
v 70.08155822753906 4.133974552154541 -65.67130279541016
v 70.00702667236328 4.034074306488037 -65.90068054199219
v 69.21976470947266 4.133974552154541 -65.50690460205078
v 69.20462036132812 4.034074306488037 -65.74761199951172
v 69.21976470947266 4.133974552154541 -65.50690460205078
v 69.20462036132812 4.034074306488037 -65.74761199951172
v 68.34416198730469 4.133974552154541 -65.56199645996094
v 68.38935852050781 4.034074306488037 -65.79890441894531
v 68.34416198730469 4.133974552154541 -65.56199645996094
v 68.38935852050781 4.034074306488037 -65.79890441894531
v 67.50977325439453 4.133974552154541 -65.8331069946289
v 67.61246490478516 4.034074306488037 -66.05133056640625
v 67.50977325439453 4.133974552154541 -65.8331069946289
v 67.61246490478516 4.034074306488037 -66.05133056640625
v 66.76901245117188 4.133974552154541 -66.30320739746094
v 66.9227523803711 4.034074306488037 -66.4890365600586
v 66.76901245117188 4.133974552154541 -66.30320739746094
v 66.9227523803711 4.034074306488037 -66.4890365600586
v 66.16844177246094 4.133974552154541 -66.9427490234375
v 66.36356353759766 4.034074306488037 -67.08451080322266
v 66.16844177246094 4.133974552154541 -66.9427490234375
v 66.36356353759766 4.034074306488037 -67.08451080322266
v 65.74578094482422 4.133974552154541 -67.71156311035156
v 65.97002410888672 4.034074306488037 -67.80034637451172
v 65.74578094482422 4.133974552154541 -67.71156311035156
v 65.97002410888672 4.034074306488037 -67.80034637451172
v 65.52759552001953 4.133974552154541 -68.56133270263672
v 65.76687622070312 4.034074306488037 -68.59156036376953
v 65.52759552001953 4.133974552154541 -68.56133270263672
v 65.76687622070312 4.034074306488037 -68.59156036376953
v 65.52759552001953 4.133974552154541 -69.43866729736328
v 65.76687622070312 4.034074306488037 -69.40843963623047
v 65.52759552001953 4.133974552154541 -69.43866729736328
v 65.76687622070312 4.034074306488037 -69.40843963623047
v 65.74578094482422 4.133974552154541 -70.28843688964844
v 65.97002410888672 4.034074306488037 -70.19965362548828
v 65.74578094482422 4.133974552154541 -70.28843688964844
v 65.97002410888672 4.034074306488037 -70.19965362548828
v 66.16844177246094 4.133974552154541 -71.0572509765625
v 66.36356353759766 4.034074306488037 -70.91548919677734
v 66.16844177246094 4.133974552154541 -71.0572509765625
v 66.36356353759766 4.034074306488037 -70.91548919677734
v 66.76901245117188 4.133974552154541 -71.69679260253906
v 66.9227523803711 4.034074306488037 -71.5109634399414
v 66.76901245117188 4.133974552154541 -71.69679260253906
v 66.9227523803711 4.034074306488037 -71.5109634399414
v 67.50977325439453 4.133974552154541 -72.1668930053711
v 67.61246490478516 4.034074306488037 -71.94866943359375
v 67.50977325439453 4.133974552154541 -72.1668930053711
v 67.61246490478516 4.034074306488037 -71.94866943359375
v 68.34416198730469 4.133974552154541 -72.43800354003906
v 68.38935852050781 4.034074306488037 -72.20109558105469
v 68.34416198730469 4.133974552154541 -72.43800354003906
v 68.38935852050781 4.034074306488037 -72.20109558105469
v 69.21976470947266 4.133974552154541 -72.49309539794922
v 69.20462036132812 4.034074306488037 -72.25238800048828
v 69.21976470947266 4.133974552154541 -72.49309539794922
v 69.20462036132812 4.034074306488037 -72.25238800048828
v 70.08155822753906 4.133974552154541 -72.32869720458984
v 70.00702667236328 4.034074306488037 -72.09931945800781
v 70.08155822753906 4.133974552154541 -72.32869720458984
v 70.00702667236328 4.034074306488037 -72.09931945800781
v 70.87539672851562 4.133974552154541 -71.95514678955078
v 70.74616241455078 4.034074306488037 -71.75151062011719
v 70.87539672851562 4.133974552154541 -71.95514678955078
v 70.74616241455078 4.034074306488037 -71.75151062011719
v 71.5513916015625 4.133974552154541 -71.39591217041016
v 71.37557983398438 4.034074306488037 -71.2308120727539
v 71.5513916015625 4.133974552154541 -71.39591217041016
v 71.37557983398438 4.034074306488037 -71.2308120727539
v 72.06707000732422 4.133974552154541 -70.6861343383789
v 71.85572814941406 4.034074306488037 -70.5699462890625
v 72.06707000732422 4.133974552154541 -70.6861343383789
v 71.85572814941406 4.034074306488037 -70.5699462890625
v 72.3900375366211 4.133974552154541 -69.87041473388672
v 72.15644073486328 4.034074306488037 -69.81043243408203
v 72.70710754394531 4.292893409729004 -69
v 72.5 4.133974552154541 -69
v 72.59064483642578 4.292893409729004 -68.07807922363281
v 72.3900375366211 4.133974552154541 -68.12958526611328
v 72.59064483642578 4.292893409729004 -68.07807922363281
v 72.3900375366211 4.133974552154541 -68.12958526611328
v 72.24856567382812 4.292893409729004 -67.2140884399414
v 72.06707000732422 4.133974552154541 -67.3138656616211
v 72.24856567382812 4.292893409729004 -67.2140884399414
v 72.06707000732422 4.133974552154541 -67.3138656616211
v 71.70236206054688 4.292893409729004 -66.46231079101562
v 71.5513916015625 4.133974552154541 -66.60408782958984
v 71.70236206054688 4.292893409729004 -66.46231079101562
v 71.5513916015625 4.133974552154541 -66.60408782958984
v 70.98636627197266 4.292893409729004 -65.86998748779297
v 70.87539672851562 4.133974552154541 -66.04485321044922
v 70.98636627197266 4.292893409729004 -65.86998748779297
v 70.87539672851562 4.133974552154541 -66.04485321044922
v 70.14556121826172 4.292893409729004 -65.47433471679688
v 70.08155822753906 4.133974552154541 -65.67130279541016
v 70.14556121826172 4.292893409729004 -65.47433471679688
v 70.08155822753906 4.133974552154541 -65.67130279541016
v 69.23277282714844 4.292893409729004 -65.30020904541016
v 69.21976470947266 4.133974552154541 -65.50690460205078
v 69.23277282714844 4.292893409729004 -65.30020904541016
v 69.21976470947266 4.133974552154541 -65.50690460205078
v 68.30535888671875 4.292893409729004 -65.35855865478516
v 68.34416198730469 4.133974552154541 -65.56199645996094
v 68.30535888671875 4.292893409729004 -65.35855865478516
v 68.34416198730469 4.133974552154541 -65.56199645996094
v 67.42159271240234 4.292893409729004 -65.64570617675781
v 67.50977325439453 4.133974552154541 -65.8331069946289
v 67.42159271240234 4.292893409729004 -65.64570617675781
v 67.50977325439453 4.133974552154541 -65.8331069946289
v 66.63700103759766 4.292893409729004 -66.14362335205078
v 66.76901245117188 4.133974552154541 -66.30320739746094
v 66.63700103759766 4.292893409729004 -66.14362335205078
v 66.76901245117188 4.133974552154541 -66.30320739746094
v 66.00088500976562 4.292893409729004 -66.82101440429688
v 66.16844177246094 4.133974552154541 -66.9427490234375
v 66.00088500976562 4.292893409729004 -66.82101440429688
v 66.16844177246094 4.133974552154541 -66.9427490234375
v 65.55322265625 4.292893409729004 -67.63532257080078
v 65.74578094482422 4.133974552154541 -67.71156311035156
v 65.55322265625 4.292893409729004 -67.63532257080078
v 65.74578094482422 4.133974552154541 -67.71156311035156
v 65.32212829589844 4.292893409729004 -68.5353775024414
v 65.52759552001953 4.133974552154541 -68.56133270263672
v 65.32212829589844 4.292893409729004 -68.5353775024414
v 65.52759552001953 4.133974552154541 -68.56133270263672
v 65.32212829589844 4.292893409729004 -69.4646224975586
v 65.52759552001953 4.133974552154541 -69.43866729736328
v 65.32212829589844 4.292893409729004 -69.4646224975586
v 65.52759552001953 4.133974552154541 -69.43866729736328
v 65.55322265625 4.292893409729004 -70.36467742919922
v 65.74578094482422 4.133974552154541 -70.28843688964844
v 65.55322265625 4.292893409729004 -70.36467742919922
v 65.74578094482422 4.133974552154541 -70.28843688964844
v 66.00088500976562 4.292893409729004 -71.17898559570312
v 66.16844177246094 4.133974552154541 -71.0572509765625
v 66.00088500976562 4.292893409729004 -71.17898559570312
v 66.16844177246094 4.133974552154541 -71.0572509765625
v 66.63700103759766 4.292893409729004 -71.85637664794922
v 66.76901245117188 4.133974552154541 -71.69679260253906
v 66.63700103759766 4.292893409729004 -71.85637664794922
v 66.76901245117188 4.133974552154541 -71.69679260253906
v 67.42159271240234 4.292893409729004 -72.35429382324219
v 67.50977325439453 4.133974552154541 -72.1668930053711
v 67.42159271240234 4.292893409729004 -72.35429382324219
v 67.50977325439453 4.133974552154541 -72.1668930053711
v 68.30535888671875 4.292893409729004 -72.64144134521484
v 68.34416198730469 4.133974552154541 -72.43800354003906
v 68.30535888671875 4.292893409729004 -72.64144134521484
v 68.34416198730469 4.133974552154541 -72.43800354003906
v 69.23277282714844 4.292893409729004 -72.69979095458984
v 69.21976470947266 4.133974552154541 -72.49309539794922
v 69.23277282714844 4.292893409729004 -72.69979095458984
v 69.21976470947266 4.133974552154541 -72.49309539794922
v 70.14556121826172 4.292893409729004 -72.52566528320312
v 70.08155822753906 4.133974552154541 -72.32869720458984
v 70.14556121826172 4.292893409729004 -72.52566528320312
v 70.08155822753906 4.133974552154541 -72.32869720458984
v 70.98636627197266 4.292893409729004 -72.13001251220703
v 70.87539672851562 4.133974552154541 -71.95514678955078
v 70.98636627197266 4.292893409729004 -72.13001251220703
v 70.87539672851562 4.133974552154541 -71.95514678955078
v 71.70236206054688 4.292893409729004 -71.53768920898438
v 71.5513916015625 4.133974552154541 -71.39591217041016
v 71.70236206054688 4.292893409729004 -71.53768920898438
v 71.5513916015625 4.133974552154541 -71.39591217041016
v 72.24856567382812 4.292893409729004 -70.7859115600586
v 72.06707000732422 4.133974552154541 -70.6861343383789
v 72.24856567382812 4.292893409729004 -70.7859115600586
v 72.06707000732422 4.133974552154541 -70.6861343383789
v 72.59064483642578 4.292893409729004 -69.92192077636719
v 72.3900375366211 4.133974552154541 -69.87041473388672
v 72.8413314819336 4.741180896759033 -68.01371765136719
v 72.96592712402344 4.741180896759033 -69
v 72.86602783203125 4.5 -69
v 72.86602783203125 4.5 -69
v 72.70710754394531 4.292893409729004 -69
v 72.74456787109375 4.5 -68.03855895996094
v 72.59064483642578 4.292893409729004 -68.07807922363281
v 72.74456787109375 4.5 -68.03855895996094
v 72.59064483642578 4.292893409729004 -68.07807922363281
v 72.38782501220703 4.5 -67.13752746582031
v 72.24856567382812 4.292893409729004 -67.2140884399414
v 72.38782501220703 4.5 -67.13752746582031
v 72.24856567382812 4.292893409729004 -67.2140884399414
v 71.8182144165039 4.5 -66.35352325439453
v 71.70236206054688 4.292893409729004 -66.46231079101562
v 71.8182144165039 4.5 -66.35352325439453
v 71.70236206054688 4.292893409729004 -66.46231079101562
v 71.07151794433594 4.5 -65.73580932617188
v 70.98636627197266 4.292893409729004 -65.86998748779297
v 71.07151794433594 4.5 -65.73580932617188
v 70.98636627197266 4.292893409729004 -65.86998748779297
v 70.19466400146484 4.5 -65.32318878173828
v 70.14556121826172 4.292893409729004 -65.47433471679688
v 70.19466400146484 4.5 -65.32318878173828
v 70.14556121826172 4.292893409729004 -65.47433471679688
v 69.24275207519531 4.5 -65.1416015625
v 69.23277282714844 4.292893409729004 -65.30020904541016
v 69.24275207519531 4.5 -65.1416015625
v 69.23277282714844 4.292893409729004 -65.30020904541016
v 68.27558135986328 4.5 -65.20245361328125
v 68.30535888671875 4.292893409729004 -65.35855865478516
v 68.27558135986328 4.5 -65.20245361328125
v 68.30535888671875 4.292893409729004 -65.35855865478516
v 67.35392761230469 4.5 -65.50191497802734
v 67.42159271240234 4.292893409729004 -65.64570617675781
v 67.35392761230469 4.5 -65.50191497802734
v 67.42159271240234 4.292893409729004 -65.64570617675781
v 66.53570556640625 4.5 -66.02117919921875
v 66.63700103759766 4.292893409729004 -66.14362335205078
v 66.53570556640625 4.5 -66.02117919921875
v 66.63700103759766 4.292893409729004 -66.14362335205078
v 65.87232208251953 4.5 -66.72760772705078
v 66.00088500976562 4.292893409729004 -66.82101440429688
v 65.87232208251953 4.5 -66.72760772705078
v 66.00088500976562 4.292893409729004 -66.82101440429688
v 65.40546417236328 4.5 -67.57682037353516
v 65.55322265625 4.292893409729004 -67.63532257080078
v 65.40546417236328 4.5 -67.57682037353516
v 65.55322265625 4.292893409729004 -67.63532257080078
v 65.16445922851562 4.5 -68.51545715332031
v 65.32212829589844 4.292893409729004 -68.5353775024414
v 65.16445922851562 4.5 -68.51545715332031
v 65.32212829589844 4.292893409729004 -68.5353775024414
v 65.16445922851562 4.5 -69.48454284667969
v 65.32212829589844 4.292893409729004 -69.4646224975586
v 65.16445922851562 4.5 -69.48454284667969
v 65.32212829589844 4.292893409729004 -69.4646224975586
v 65.40546417236328 4.5 -70.42317962646484
v 65.55322265625 4.292893409729004 -70.36467742919922
v 65.40546417236328 4.5 -70.42317962646484
v 65.55322265625 4.292893409729004 -70.36467742919922
v 65.87232208251953 4.5 -71.27239227294922
v 66.00088500976562 4.292893409729004 -71.17898559570312
v 65.87232208251953 4.5 -71.27239227294922
v 66.00088500976562 4.292893409729004 -71.17898559570312
v 66.53570556640625 4.5 -71.97882080078125
v 66.63700103759766 4.292893409729004 -71.85637664794922
v 66.53570556640625 4.5 -71.97882080078125
v 66.63700103759766 4.292893409729004 -71.85637664794922
v 67.35392761230469 4.5 -72.49808502197266
v 67.42159271240234 4.292893409729004 -72.35429382324219
v 67.35392761230469 4.5 -72.49808502197266
v 67.42159271240234 4.292893409729004 -72.35429382324219
v 68.27558135986328 4.5 -72.79754638671875
v 68.30535888671875 4.292893409729004 -72.64144134521484
v 68.27558135986328 4.5 -72.79754638671875
v 68.30535888671875 4.292893409729004 -72.64144134521484
v 69.24275207519531 4.5 -72.8583984375
v 69.23277282714844 4.292893409729004 -72.69979095458984
v 69.24275207519531 4.5 -72.8583984375
v 69.23277282714844 4.292893409729004 -72.69979095458984
v 70.19466400146484 4.5 -72.67681121826172
v 70.14556121826172 4.292893409729004 -72.52566528320312
v 70.19466400146484 4.5 -72.67681121826172
v 70.14556121826172 4.292893409729004 -72.52566528320312
v 71.07151794433594 4.5 -72.26419067382812
v 70.98636627197266 4.292893409729004 -72.13001251220703
v 71.07151794433594 4.5 -72.26419067382812
v 70.98636627197266 4.292893409729004 -72.13001251220703
v 71.8182144165039 4.5 -71.64647674560547
v 71.70236206054688 4.292893409729004 -71.53768920898438
v 71.8182144165039 4.5 -71.64647674560547
v 71.70236206054688 4.292893409729004 -71.53768920898438
v 72.38782501220703 4.5 -70.86247253417969
v 72.24856567382812 4.292893409729004 -70.7859115600586
v 72.38782501220703 4.5 -70.86247253417969
v 72.24856567382812 4.292893409729004 -70.7859115600586
v 72.74456787109375 4.5 -69.96144104003906
v 72.59064483642578 4.292893409729004 -69.92192077636719
v 72.4753646850586 4.741180896759033 -67.08940124511719
v 72.8413314819336 4.741180896759033 -68.01371765136719
v 72.74456787109375 4.5 -68.03855895996094
v 72.74456787109375 4.5 -68.03855895996094
v 72.38782501220703 4.5 -67.13752746582031
v 71.89103698730469 4.741180896759033 -66.2851333618164
v 72.4753646850586 4.741180896759033 -67.08940124511719
v 72.38782501220703 4.5 -67.13752746582031
v 71.8182144165039 4.5 -66.35352325439453
v 71.12504577636719 4.741180896759033 -65.65145874023438
v 71.89103698730469 4.741180896759033 -66.2851333618164
v 71.8182144165039 4.5 -66.35352325439453
v 71.07151794433594 4.5 -65.73580932617188
v 70.22554016113281 4.741180896759033 -65.22817993164062
v 71.12504577636719 4.741180896759033 -65.65145874023438
v 71.07151794433594 4.5 -65.73580932617188
v 70.19466400146484 4.5 -65.32318878173828
v 69.2490234375 4.741180896759033 -65.04190063476562
v 70.22554016113281 4.741180896759033 -65.22817993164062
v 70.19466400146484 4.5 -65.32318878173828
v 69.24275207519531 4.5 -65.1416015625
v 68.2568588256836 4.741180896759033 -65.10432434082031
v 69.2490234375 4.741180896759033 -65.04190063476562
v 69.24275207519531 4.5 -65.1416015625
v 68.27558135986328 4.5 -65.20245361328125
v 67.31139373779297 4.741180896759033 -65.4115219116211
v 68.2568588256836 4.741180896759033 -65.10432434082031
v 68.27558135986328 4.5 -65.20245361328125
v 67.35392761230469 4.5 -65.50191497802734
v 66.4720230102539 4.741180896759033 -65.94419860839844
v 67.31139373779297 4.741180896759033 -65.4115219116211
v 67.35392761230469 4.5 -65.50191497802734
v 66.53570556640625 4.5 -66.02117919921875
v 65.79149627685547 4.741180896759033 -66.66888427734375
v 66.4720230102539 4.741180896759033 -65.94419860839844
v 66.53570556640625 4.5 -66.02117919921875
v 65.87232208251953 4.5 -66.72760772705078
v 65.31257629394531 4.741180896759033 -67.54004669189453
v 65.79149627685547 4.741180896759033 -66.66888427734375
v 65.87232208251953 4.5 -66.72760772705078
v 65.40546417236328 4.5 -67.57682037353516
v 65.06534576416016 4.741180896759033 -68.50293731689453
v 65.31257629394531 4.741180896759033 -67.54004669189453
v 65.40546417236328 4.5 -67.57682037353516
v 65.16445922851562 4.5 -68.51545715332031
v 65.06534576416016 4.741180896759033 -69.49706268310547
v 65.06534576416016 4.741180896759033 -68.50293731689453
v 65.16445922851562 4.5 -68.51545715332031
v 65.16445922851562 4.5 -69.48454284667969
v 65.31257629394531 4.741180896759033 -70.45995330810547
v 65.06534576416016 4.741180896759033 -69.49706268310547
v 65.16445922851562 4.5 -69.48454284667969
v 65.40546417236328 4.5 -70.42317962646484
v 65.79149627685547 4.741180896759033 -71.33111572265625
v 65.31257629394531 4.741180896759033 -70.45995330810547
v 65.40546417236328 4.5 -70.42317962646484
v 65.87232208251953 4.5 -71.27239227294922
v 66.4720230102539 4.741180896759033 -72.05580139160156
v 65.79149627685547 4.741180896759033 -71.33111572265625
v 65.87232208251953 4.5 -71.27239227294922
v 66.53570556640625 4.5 -71.97882080078125
v 67.31139373779297 4.741180896759033 -72.5884780883789
v 66.4720230102539 4.741180896759033 -72.05580139160156
v 66.53570556640625 4.5 -71.97882080078125
v 67.35392761230469 4.5 -72.49808502197266
v 68.2568588256836 4.741180896759033 -72.89567565917969
v 67.31139373779297 4.741180896759033 -72.5884780883789
v 67.35392761230469 4.5 -72.49808502197266
v 68.27558135986328 4.5 -72.79754638671875
v 69.2490234375 4.741180896759033 -72.95809936523438
v 68.2568588256836 4.741180896759033 -72.89567565917969
v 68.27558135986328 4.5 -72.79754638671875
v 69.24275207519531 4.5 -72.8583984375
v 70.22554016113281 4.741180896759033 -72.77182006835938
v 69.2490234375 4.741180896759033 -72.95809936523438
v 69.24275207519531 4.5 -72.8583984375
v 70.19466400146484 4.5 -72.67681121826172
v 71.12504577636719 4.741180896759033 -72.34854125976562
v 70.22554016113281 4.741180896759033 -72.77182006835938
v 70.19466400146484 4.5 -72.67681121826172
v 71.07151794433594 4.5 -72.26419067382812
v 71.89103698730469 4.741180896759033 -71.7148666381836
v 71.12504577636719 4.741180896759033 -72.34854125976562
v 71.07151794433594 4.5 -72.26419067382812
v 71.8182144165039 4.5 -71.64647674560547
v 72.4753646850586 4.741180896759033 -70.91059875488281
v 71.89103698730469 4.741180896759033 -71.7148666381836
v 71.8182144165039 4.5 -71.64647674560547
v 72.38782501220703 4.5 -70.86247253417969
v 72.8413314819336 4.741180896759033 -69.98628234863281
v 72.4753646850586 4.741180896759033 -70.91059875488281
v 72.38782501220703 4.5 -70.86247253417969
v 72.74456787109375 4.5 -69.96144104003906
v 71.89777374267578 4 -69.77645874023438
v 66.10222625732422 4 -69.77645874023438
v 72 4 -69
v 66 4 -69
v 71.89777374267578 4 -68.22354125976562
v 66.10222625732422 4 -68.22354125976562
v 71.59807586669922 4 -67.5
v 66.40192413330078 4 -67.5
v 71.12132263183594 4 -66.87867736816406
v 66.87867736816406 4 -66.87867736816406
v 70.5 4 -66.40192413330078
v 67.5 4 -66.40192413330078
v 69.77645874023438 4 -66.10222625732422
v 68.22354125976562 4 -66.10222625732422
v 69 4 -66
v 66.40192413330078 4 -70.5
v 71.59807586669922 4 -70.5
v 66.87867736816406 4 -71.12132263183594
v 71.12132263183594 4 -71.12132263183594
v 67.5 4 -71.59807586669922
v 70.5 4 -71.59807586669922
v 68.22354125976562 4 -71.89777374267578
v 69.77645874023438 4 -71.89777374267578
v 69 4 -72
v 69 5 -73
v 69.89008331298828 5 -72.89971160888672
v 73 5 -73
v 70.73553466796875 5 -72.60387420654297
v 71.49395751953125 5 -72.12732696533203
v 72.12732696533203 5 -71.49395751953125
v 72.60387420654297 5 -70.73553466796875
v 72.89971160888672 5 -69.89008331298828
v 73 5 -69
v -69 5 73
v -69.89008331298828 5 72.89971160888672
v -73 5 73
v -70.73553466796875 5 72.60387420654297
v -71.49395751953125 5 72.12732696533203
v -72.12732696533203 5 71.49395751953125
v -72.60387420654297 5 70.73553466796875
v -72.89971160888672 5 69.89008331298828
v -73 5 69
v -55 5 11
v -63 5 11
v -55 5 25
v -55 5 33
v -53 5 25
v -45 5 33
v -45 5 19
v -63 5 63
v -55 5 55
v -45 5 63
v -53 5 55
v -45 5 43
v -53 5 35
v -43 5 43
v -35 5 43
v -43 5 65
v -35 5 73
v -65.65133666992188 5 71.18778991699219
v -66.2908706665039 5 71.9428939819336
v -65 5 65
v -65.05455780029297 5 68.34162139892578
v -65.01366424560547 5 69.33031463623047
v -65.21672821044922 5 70.29879760742188
v -65 5 9
v -68.34162139892578 5 65.05455780029297
v -67.39321899414062 5 65.33690643310547
v -66.54315185546875 5 65.84343719482422
v -45 5 9
v -53 5 1
v -73 5 1
v -71.18778991699219 5 65.65133666992188
v -71.9428939819336 5 66.2908706665039
v -72.51789855957031 5 67.09620666503906
v -72.87760162353516 5 68.01805877685547
v -45 5 -19
v -53 5 -11
v -55 5 -19
v -63 5 -11
v -63 5 -63
v -55 5 -55
v -33 5 -63
v -33 5 -55
v -25 5 -65
v -25 5 -45
v -33 5 -53
v -45 5 -45
v -53 5 -53
v -45 5 -29
v -53 5 -21
v -43 5 -21
v -43 5 11
v -35 5 -35
v -43 5 -29
v -53 5 11
v -43 5 19
v -35 5 25
v -43 5 33
v -25 5 33
v 25 5 -65
v 17 5 -73
v 25 5 -63
v 17 5 -55
v 37 5 -55
v 65 5 -65
v 65.05455780029297 5 -68.34162139892578
v 65.01366424560547 5 -69.33031463623047
v 65.21672821044922 5 -70.29879760742188
v 65 5 -35
v 68.34162139892578 5 -65.05455780029297
v 67.39321899414062 5 -65.33690643310547
v 66.54315185546875 5 -65.84343719482422
v 63 5 -35
v 65 5 -27
v 73 5 -1
v 72.51789855957031 5 -67.09620666503906
v 72.87760162353516 5 -68.01805877685547
v 63 5 -63
v 55 5 -55
v 55 5 -27
v 45 5 -55
v -23 5 -65
v 15 5 -73
v -73 5 -73
v -33 5 -65
v -65 5 -65
v -65 5 -9
v -73 5 -1
v -55 5 -1
v -15 5 -65
v -23 5 -43
v -15 5 -35
v -43 5 -43
v -33 5 -33
v -25 5 -25
v -13 5 -33
v -3 5 -25
v -5 5 -33
v 5 5 -33
v -3 5 -23
v 3.1495609283447266 5 -13.846308708190918
v 1.240814208984375 5 -14.145684242248535
v -0.6909035444259644 5 -14.183181762695312
v -2.609830617904663 5 -13.958107948303223
v -4.480442047119141 5 -13.474629402160645
v -6.268107891082764 5 -12.74169635772705
v -7.939732551574707 5 -11.77287769317627
v -23 5 -23
v -9.464369773864746 5 -10.586109161376953
v -10.81379508972168 5 -9.203360557556152
v -11.963025093078613 5 -7.65023136138916
v -12.89078426361084 5 -5.955474376678467
v -13.579898834228516 5 -4.1504645347595215
v -14.017609596252441 5 -2.2686173915863037
v -14.19581413269043 5 -0.34477150440216064
v -23 5 23
v -14.111212730407715 5 1.5854569673538208
v -13.765372276306152 5 3.4863340854644775
v -13.164694786071777 5 5.32266902923584
v -12.320301055908203 5 7.060466289520264
v -11.247822761535645 5 8.667552947998047
v -9.967114448547363 5 10.114179611206055
v -8.501886367797852 5 11.373562812805176
v -6.879263877868652 5 12.422388076782227
v -5.129286289215088 5 13.241239547729492
v -3.284350633621216 5 13.814956665039062
v -1.3786122798919678 5 14.132920265197754
v 0.5526482462882996 5 14.189241409301758
v 35 5 23
v 2.473677635192871 5 13.982879638671875
v 23 5 15
v 4.348912239074707 5 13.517653465270996
v 6.1436357498168945 5 12.802177429199219
v 7.824622631072998 5 11.849695205688477
v 9.360754013061523 5 10.677841186523438
v 10.723589897155762 5 9.308309555053711
v 11.887901306152344 5 7.766454219818115
v 12.832133293151855 5 6.080819129943848
v 23 5 5
v 13.53880500793457 5 4.2826104164123535
v 13.994834899902344 5 2.405118465423584
v 14.191780090332031 5 0.4831007421016693
v 23 5 -3
v 14.125993728637695 5 -1.447860598564148
v 13.798694610595703 5 -3.352017879486084
v 13.2159423828125 5 -5.194119453430176
v 23 5 -13
v 12.388524055480957 5 -6.940062999725342
v 11.331758499145508 5 -8.557525634765625
v 10.06520938873291 5 -10.01656436920166
v 8.612323760986328 5 -11.290166854858398
v 7 5 -13
v 7 5 -12.354756355285645
v -33 5 25
v 7 5 -65
v 7 5 -43
v 15 5 -35
v 5 5 -43
v -3 5 -35
v -3 5 -55
v 5 5 -63
v -13 5 -63
v -5 5 -55
v 43 5 15
v 35 5 25
v 43 5 33
v 24.999998092651367 5 33
v 17 5 25
v 17 5 45
v 24.999998092651367 5 53
v 15 5 45
v 7 5 53
v 7 5 33
v 15 5 25
v -23 5 25
v -23 5 43
v -15 5 35
v -15 5 33
v -3 5 43
v 5 5 35
v -3 5 45
v 5 5 53
v -15 5 53
v -23 5 45
v -15 5 55
v -23 5 63
v 17 5 63
v 24.999998092651367 5 55
v 17 5 65
v 24.999998092651367 5 73
v -25 5 65
v -33 5 73
v -33 5 43
v -25 5 35
v -70.29879760742188 5 65.21672821044922
v -69.33031463623047 5 65.01366424560547
v -65.84343719482422 5 66.54315185546875
v -65.33690643310547 5 67.39321899414062
v -67.09620666503906 5 72.51789855957031
v -68.01805877685547 5 72.87760162353516
v 25 5 5
v 25 5 -3
v 33 5 13
v 33 5 -23
v 25 5 13
v 25 5 -15
v 15 5 -23
v 7 5 -15
v 15 5 -25
v 7 5 -33
v 17 5 -33
v 25 5 -25
v 25 5 -45
v 17 5 -53
v 27 5 -45
v 35 5 -53
v 35 5 -33
v 27 5 -25
v 35 5 -25
v 35 5 13
v 43 5 5
v 43 5 -33
v 45 5 13
v 53 5 5
v 45 5 35
v 53 5 43
v 35 5 43
v 26.999998092651367 5 35
v 35 5 45
v 26.999998092651367 5 53
v 55 5 53
v 63 5 45
v 55 5 55
v 63 5 63
v 34.999996185302734 5 63
v 26.999998092651367 5 55
v 26.999998092651367 5 71.48843383789062
v 34.999996185302734 5 65
v 26.999998092651367 5 73
v 73 5 73
v 73 5 1
v 65 5 35
v 65 5 43
v 65 5 65
v 65 5 1
v 63 5 35
v 55 5 43
v 55 5 3
v 63 5 -5
v 53 5 -5
v 53 5 -7
v 45 5 -15
v 45 5 3
v 55 5 -15
v 63 5 -7
v 63 5 -25
v 55 5 -17
v 53 5 -25
v 45 5 -17
v 45 5 -35
v 47 5 -43
v 45 5 -43
v 53 5 -53
v 47 5 -53
v 37 5 -35
v 65 5 -1
v 71.9428939819336 5 -66.2908706665039
v 71.18778991699219 5 -65.65133666992188
v 70.29879760742188 5 -65.21672821044922
v 69.33031463623047 5 -65.01366424560547
v 65.84343719482422 5 -66.54315185546875
v 65.33690643310547 5 -67.39321899414062
v 65.65133666992188 5 -71.18778991699219
v 66.2908706665039 5 -71.9428939819336
v 67.09620666503906 5 -72.51789855957031
v 68.01805877685547 5 -72.87760162353516
v 5 5 -13.290597915649414
v -55 5 -9
v -63 15 11
v -63 15 63
v -63 5 11
v -63 5 11
v -63 15 63
v -63 5 63
v -63 15 63
v -45 15 63
v -63 5 63
v -45 5 63
v -45 15 63
v -45 15 43
v -45 5 63
v -45 5 43
v -45 15 43
v -43 15 43
v -45 5 43
v -43 5 43
v -43 15 43
v -43 15 65
v -43 5 43
v -43 5 65
v -43 15 65
v -65 15 65
v -43 5 65
v -65 5 65
v -65 15 65
v -65 15 9
v -65 5 65
v -65 5 65
v -65 15 9
v -65 5 9
v -65 15 9
v -45 15 9
v -65 5 9
v -65 5 9
v -45 15 9
v -45 5 9
v -45 15 9
v -45 15 -19
v -45 5 9
v -45 5 -19
v -45 15 -19
v -55 15 -19
v -45 5 -19
v -55 5 -19
v -55 15 -19
v -55 15 -55
v -55 5 -19
v -55 5 -55
v -55 15 -55
v -33 15 -55
v -55 5 -55
v -33 5 -55
v -33 15 -55
v -33 15 -53
v -33 5 -55
v -33 5 -53
v -33 15 -53
v -53 15 -53
v -33 5 -53
v -53 5 -53
v -53 15 -53
v -53 15 -21
v -53 5 -53
v -53 5 -21
v -53 15 -21
v -43 15 -21
v -53 5 -21
v -43 5 -21
v -43 15 -21
v -43 15 11
v -43 5 -21
v -43 5 11
v -43 15 11
v -53 15 11
v -43 5 11
v -53 5 11
v -53 15 11
v -53 15 25
v -53 5 11
v -53 5 25
v -53 15 25
v -55 15 25
v -53 5 25
v -55 5 25
v -55 15 25
v -55 15 11
v -55 5 25
v -55 5 11
v -55 15 11
v -63 15 11
v -55 5 11
v -63 5 11
v 25 15 -65
v 65 15 -65
v 25 5 -65
v 65 5 -65
v 65 15 -65
v 65 15 -35
v 65 5 -65
v 65 5 -35
v 65 15 -35
v 63 15 -35
v 65 5 -35
v 63 5 -35
v 63 15 -35
v 63 15 -63
v 63 5 -35
v 63 5 -63
v 63 15 -63
v 25 15 -63
v 63 5 -63
v 25 5 -63
v 25 15 -63
v 25 15 -65
v 25 5 -63
v 25 5 -65
v -25 15 -65
v -23 15 -65
v -25 5 -65
v -23 5 -65
v -23 15 -65
v -23 15 -43
v -23 5 -65
v -23 5 -43
v -23 15 -43
v -43 15 -43
v -23 5 -43
v -43 5 -43
v -43 15 -43
v -43 15 -29
v -43 5 -43
v -43 5 -29
v -43 15 -29
v -45 15 -29
v -43 5 -29
v -45 5 -29
v -45 15 -29
v -45 15 -45
v -45 5 -29
v -45 5 -45
v -45 15 -45
v -25 15 -45
v -45 5 -45
v -25 5 -45
v -25 15 -45
v -25 15 -65
v -25 5 -45
v -25 5 -65
v -33 15 -33
v -33 15 25
v -33 5 -33
v -33 5 25
v -33 15 25
v -35 15 25
v -33 5 25
v -35 5 25
v -35 15 25
v -35 15 -35
v -35 5 25
v -35 5 -35
v -35 15 -35
v -15 15 -35
v -35 5 -35
v -15 5 -35
v -15 15 -35
v -15 15 -65
v -15 5 -35
v -15 5 -65
v -15 15 -65
v 7 15 -65
v -15 5 -65
v 7 5 -65
v 7 15 -65
v 7 15 -43
v 7 5 -65
v 7 5 -43
v 7 15 -43
v 5 15 -43
v 7 5 -43
v 5 5 -43
v 5 15 -43
v 5 15 -63
v 5 5 -43
v 5 5 -63
v 5 15 -63
v -13 15 -63
v 5 5 -63
v -13 5 -63
v -13 15 -63
v -13 15 -33
v -13 5 -63
v -13 5 -33
v -13 15 -33
v -33 15 -33
v -13 5 -33
v -33 5 -33
v -23 15 23
v 35 15 23
v -23 5 23
v -23 5 23
v 35 15 23
v 35 5 23
v 35 15 23
v 35 15 25
v 35 5 23
v 35 5 25
v 35 15 25
v 17 15 25
v 35 5 25
v 17 5 25
v 17 15 25
v 17 15 45
v 17 5 25
v 17 5 45
v 17 15 45
v 15 15 45
v 17 5 45
v 15 5 45
v 15 15 45
v 15 15 25
v 15 5 45
v 15 5 45
v 15 15 25
v 15 5 25
v 15 15 25
v -23 15 25
v 15 5 25
v 15 5 25
v -23 15 25
v -23 5 25
v -23 15 25
v -23 15 43
v -23 5 25
v -23 5 43
v -23 15 43
v -3 15 43
v -23 5 43
v -3 5 43
v -3 15 43
v -3 15 45
v -3 5 43
v -3 5 45
v -3 15 45
v -23 15 45
v -3 5 45
v -23 5 45
v -23 15 45
v -23 15 63
v -23 5 45
v -23 5 63
v -23 15 63
v 17 15 63
v -23 5 63
v 17 5 63
v 17 15 63
v 17 15 65
v 17 5 63
v 17 5 65
v 17 15 65
v -25 15 65
v 17 5 65
v -25 5 65
v -25 15 65
v -25 15 35
v -25 5 65
v -25 5 65
v -25 15 35
v -25 5 35
v -25 15 35
v -53 15 35
v -25 5 35
v -53 5 35
v -53 15 35
v -53 15 55
v -53 5 35
v -53 5 55
v -53 15 55
v -55 15 55
v -53 5 55
v -55 5 55
v -55 15 55
v -55 15 33
v -55 5 55
v -55 5 33
v -55 15 33
v -45 15 33
v -55 5 33
v -45 5 33
v -45 15 33
v -45 15 19
v -45 5 33
v -45 5 19
v -45 15 19
v -43 15 19
v -45 5 19
v -43 5 19
v -43 15 19
v -43 15 33
v -43 5 19
v -43 5 33
v -43 15 33
v -25 15 33
v -43 5 33
v -25 5 33
v -25 15 33
v -25 15 -25
v -25 5 33
v -25 5 33
v -25 15 -25
v -25 5 -25
v -25 15 -25
v -3 15 -25
v -25 5 -25
v -3 5 -25
v -3 15 -25
v -3 15 -23
v -3 5 -25
v -3 5 -23
v -3 15 -23
v -23 15 -23
v -3 5 -23
v -3 5 -23
v -23 15 -23
v -23 5 -23
v -23 15 -23
v -23 15 23
v -23 5 -23
v -23 5 23
v 55 15 -55
v 55 15 -27
v 55 5 -55
v 55 5 -27
v 55 15 -27
v 65 15 -27
v 55 5 -27
v 65 5 -27
v 65 15 -27
v 65 15 -1
v 65 5 -27
v 65 5 -1
v 65 15 -1
v 73 15 -1
v 65 5 -1
v 65 5 -1
v 73 15 -1
v 73 5 -1
v 73 5 -1
v 73 15 -1
v 73 5 -69
v 73 5 -69
v 73 15 -1
v 73 15 -73
v 73 5 -69
v 73 15 -73
v 73 5 -73
v 73 5 -73
v 73 15 -73
v 69 5 -73
v 17 15 -73
v 17 5 -73
v 17 15 -73
v 17 15 -55
v 17 5 -73
v 17 5 -55
v 17 15 -55
v 37 15 -55
v 17 5 -55
v 37 5 -55
v 37 15 -55
v 37 15 -35
v 37 5 -55
v 37 5 -35
v 37 15 -35
v 45 15 -35
v 37 5 -35
v 45 5 -35
v 45 15 -35
v 45 15 -17
v 45 5 -35
v 45 5 -17
v 45 15 -17
v 55 15 -17
v 45 5 -17
v 55 5 -17
v 55 15 -17
v 55 15 -15
v 55 5 -17
v 55 5 -15
v 55 15 -15
v 45 15 -15
v 55 5 -15
v 45 5 -15
v 45 15 -15
v 45 15 3
v 45 5 -15
v 45 5 3
v 45 15 3
v 55 15 3
v 45 5 3
v 45 5 3
v 55 15 3
v 55 5 3
v 55 15 3
v 55 15 43
v 55 5 3
v 55 5 3
v 55 15 43
v 55 5 43
v 55 15 43
v 65 15 43
v 55 5 43
v 55 5 43
v 65 15 43
v 65 5 43
v 65 15 43
v 65 15 65
v 65 5 43
v 65 5 65
v 65 15 65
v 34.999996185302734 15 65
v 65 5 65
v 34.999996185302734 5 65
v 34.999996185302734 15 65
v 34.999996185302734 15 63
v 34.999996185302734 5 65
v 34.999996185302734 5 63
v 34.999996185302734 15 63
v 63 15 63
v 34.999996185302734 5 63
v 63 5 63
v 63 15 63
v 63 15 45
v 63 5 63
v 63 5 45
v 63 15 45
v 35 15 45
v 63 5 45
v 63 5 45
v 35 15 45
v 35 5 45
v 35 15 45
v 35 15 43
v 35 5 45
v 35 5 43
v 35 15 43
v 53 15 43
v 35 5 43
v 35 5 43
v 53 15 43
v 53 5 43
v 53 15 43
v 53 15 5
v 53 5 43
v 53 5 43
v 53 15 5
v 53 5 5
v 53 15 5
v 43 15 5
v 53 5 5
v 53 5 5
v 43 15 5
v 43 5 5
v 43 15 5
v 43 15 -33
v 43 5 5
v 43 5 -33
v 43 15 -33
v 35 15 -33
v 43 5 -33
v 35 5 -33
v 35 15 -33
v 35 15 -53
v 35 5 -33
v 35 5 -53
v 35 15 -53
v 17 15 -53
v 35 5 -53
v 17 5 -53
v 17 15 -53
v 17 15 -33
v 17 5 -53
v 17 5 -53
v 17 15 -33
v 17 5 -33
v 17 15 -33
v 7 15 -33
v 17 5 -33
v 7 5 -33
v 7 15 -33
v 7 15 -15
v 7 5 -33
v 7 5 -33
v 7 15 -15
v 7 5 -15
v 7 15 -15
v 25 15 -15
v 7 5 -15
v 25 5 -15
v 25 15 -15
v 25 15 -3
v 25 5 -15
v 25 5 -3
v 25 15 -3
v 23 15 -3
v 25 5 -3
v 23 5 -3
v 23 15 -3
v 23 15 -13
v 23 5 -3
v 23 5 -13
v 23 15 -13
v 7 15 -13
v 23 5 -13
v 7 5 -13
v 7 15 -13
v 7 15 -12.354756355285645
v 7 5 -13
v 7 5 -13
v 7 15 -12.354756355285645
v 7 5 -12.354756355285645
v 7 15 -12.354756355285645
v 8.612323760986328 15 -11.290166854858398
v 7 5 -12.354756355285645
v 7 5 -12.354756355285645
v 8.612323760986328 15 -11.290166854858398
v 8.612323760986328 5 -11.290166854858398
v 8.612323760986328 5 -11.290166854858398
v 8.612323760986328 15 -11.290166854858398
v 10.06520938873291 15 -10.01656436920166
v 8.612323760986328 5 -11.290166854858398
v 10.06520938873291 15 -10.01656436920166
v 10.06520938873291 5 -10.01656436920166
v 10.06520938873291 5 -10.01656436920166
v 10.06520938873291 15 -10.01656436920166
v 11.331758499145508 15 -8.557525634765625
v 10.06520938873291 5 -10.01656436920166
v 11.331758499145508 15 -8.557525634765625
v 11.331758499145508 5 -8.557525634765625
v 11.331758499145508 5 -8.557525634765625
v 11.331758499145508 15 -8.557525634765625
v 12.388524055480957 15 -6.940062999725342
v 11.331758499145508 5 -8.557525634765625
v 12.388524055480957 15 -6.940062999725342
v 12.388524055480957 5 -6.940062999725342
v 12.388524055480957 5 -6.940062999725342
v 12.388524055480957 15 -6.940062999725342
v 13.2159423828125 15 -5.194119453430176
v 12.388524055480957 5 -6.940062999725342
v 13.2159423828125 15 -5.194119453430176
v 13.2159423828125 5 -5.194119453430176
v 13.2159423828125 5 -5.194119453430176
v 13.2159423828125 15 -5.194119453430176
v 13.798694610595703 15 -3.352017879486084
v 13.2159423828125 5 -5.194119453430176
v 13.798694610595703 15 -3.352017879486084
v 13.798694610595703 5 -3.352017879486084
v 13.798694610595703 5 -3.352017879486084
v 13.798694610595703 15 -3.352017879486084
v 14.125993728637695 15 -1.447860598564148
v 13.798694610595703 5 -3.352017879486084
v 14.125993728637695 15 -1.447860598564148
v 14.125993728637695 5 -1.447860598564148
v 14.125993728637695 5 -1.447860598564148
v 14.125993728637695 15 -1.447860598564148
v 14.191780090332031 15 0.4831007421016693
v 14.125993728637695 5 -1.447860598564148
v 14.191780090332031 15 0.4831007421016693
v 14.191780090332031 5 0.4831007421016693
v 14.191780090332031 5 0.4831007421016693
v 14.191780090332031 15 0.4831007421016693
v 13.994834899902344 15 2.405118465423584
v 14.191780090332031 5 0.4831007421016693
v 13.994834899902344 15 2.405118465423584
v 13.994834899902344 5 2.405118465423584
v 13.994834899902344 5 2.405118465423584
v 13.994834899902344 15 2.405118465423584
v 13.53880500793457 15 4.2826104164123535
v 13.994834899902344 5 2.405118465423584
v 13.53880500793457 15 4.2826104164123535
v 13.53880500793457 5 4.2826104164123535
v 13.53880500793457 5 4.2826104164123535
v 13.53880500793457 15 4.2826104164123535
v 12.832133293151855 15 6.080819129943848
v 13.53880500793457 5 4.2826104164123535
v 12.832133293151855 15 6.080819129943848
v 12.832133293151855 5 6.080819129943848
v 12.832133293151855 5 6.080819129943848
v 12.832133293151855 15 6.080819129943848
v 11.887901306152344 15 7.766454219818115
v 12.832133293151855 5 6.080819129943848
v 11.887901306152344 15 7.766454219818115
v 11.887901306152344 5 7.766454219818115
v 11.887901306152344 5 7.766454219818115
v 11.887901306152344 15 7.766454219818115
v 10.723589897155762 15 9.308309555053711
v 11.887901306152344 5 7.766454219818115
v 10.723589897155762 15 9.308309555053711
v 10.723589897155762 5 9.308309555053711
v 10.723589897155762 5 9.308309555053711
v 10.723589897155762 15 9.308309555053711
v 9.360754013061523 15 10.677841186523438
v 10.723589897155762 5 9.308309555053711
v 9.360754013061523 15 10.677841186523438
v 9.360754013061523 5 10.677841186523438
v 9.360754013061523 5 10.677841186523438
v 9.360754013061523 15 10.677841186523438
v 7.824622631072998 15 11.849695205688477
v 9.360754013061523 5 10.677841186523438
v 7.824622631072998 15 11.849695205688477
v 7.824622631072998 5 11.849695205688477
v 7.824622631072998 5 11.849695205688477
v 7.824622631072998 15 11.849695205688477
v 6.1436357498168945 15 12.802177429199219
v 7.824622631072998 5 11.849695205688477
v 6.1436357498168945 15 12.802177429199219
v 6.1436357498168945 5 12.802177429199219
v 6.1436357498168945 5 12.802177429199219
v 6.1436357498168945 15 12.802177429199219
v 4.348912239074707 15 13.517653465270996
v 6.1436357498168945 5 12.802177429199219
v 4.348912239074707 15 13.517653465270996
v 4.348912239074707 5 13.517653465270996
v 4.348912239074707 5 13.517653465270996
v 4.348912239074707 15 13.517653465270996
v 2.473677635192871 15 13.982879638671875
v 4.348912239074707 5 13.517653465270996
v 2.473677635192871 15 13.982879638671875
v 2.473677635192871 5 13.982879638671875
v 2.473677635192871 5 13.982879638671875
v 2.473677635192871 15 13.982879638671875
v 0.5526482462882996 15 14.189241409301758
v 2.473677635192871 5 13.982879638671875
v 0.5526482462882996 15 14.189241409301758
v 0.5526482462882996 5 14.189241409301758
v 0.5526482462882996 5 14.189241409301758
v 0.5526482462882996 15 14.189241409301758
v -1.3786122798919678 15 14.132920265197754
v 0.5526482462882996 5 14.189241409301758
v -1.3786122798919678 15 14.132920265197754
v -1.3786122798919678 5 14.132920265197754
v -1.3786122798919678 5 14.132920265197754
v -1.3786122798919678 15 14.132920265197754
v -3.284350633621216 15 13.814956665039062
v -1.3786122798919678 5 14.132920265197754
v -3.284350633621216 15 13.814956665039062
v -3.284350633621216 5 13.814956665039062
v -3.284350633621216 5 13.814956665039062
v -3.284350633621216 15 13.814956665039062
v -5.129286289215088 15 13.241239547729492
v -3.284350633621216 5 13.814956665039062
v -5.129286289215088 15 13.241239547729492
v -5.129286289215088 5 13.241239547729492
v -5.129286289215088 5 13.241239547729492
v -5.129286289215088 15 13.241239547729492
v -6.879263877868652 15 12.422388076782227
v -5.129286289215088 5 13.241239547729492
v -6.879263877868652 15 12.422388076782227
v -6.879263877868652 5 12.422388076782227
v -6.879263877868652 5 12.422388076782227
v -6.879263877868652 15 12.422388076782227
v -8.501886367797852 15 11.373562812805176
v -6.879263877868652 5 12.422388076782227
v -8.501886367797852 15 11.373562812805176
v -8.501886367797852 5 11.373562812805176
v -8.501886367797852 5 11.373562812805176
v -8.501886367797852 15 11.373562812805176
v -9.967114448547363 15 10.114179611206055
v -8.501886367797852 5 11.373562812805176
v -9.967114448547363 15 10.114179611206055
v -9.967114448547363 5 10.114179611206055
v -9.967114448547363 5 10.114179611206055
v -9.967114448547363 15 10.114179611206055
v -11.247822761535645 15 8.667552947998047
v -9.967114448547363 5 10.114179611206055
v -11.247822761535645 15 8.667552947998047
v -11.247822761535645 5 8.667552947998047
v -11.247822761535645 5 8.667552947998047
v -11.247822761535645 15 8.667552947998047
v -12.320301055908203 15 7.060466289520264
v -11.247822761535645 5 8.667552947998047
v -12.320301055908203 15 7.060466289520264
v -12.320301055908203 5 7.060466289520264
v -12.320301055908203 5 7.060466289520264
v -12.320301055908203 15 7.060466289520264
v -13.164694786071777 15 5.32266902923584
v -12.320301055908203 5 7.060466289520264
v -13.164694786071777 15 5.32266902923584
v -13.164694786071777 5 5.32266902923584
v -13.164694786071777 5 5.32266902923584
v -13.164694786071777 15 5.32266902923584
v -13.765372276306152 15 3.4863340854644775
v -13.164694786071777 5 5.32266902923584
v -13.765372276306152 15 3.4863340854644775
v -13.765372276306152 5 3.4863340854644775
v -13.765372276306152 5 3.4863340854644775
v -13.765372276306152 15 3.4863340854644775
v -14.111212730407715 15 1.5854569673538208
v -13.765372276306152 5 3.4863340854644775
v -14.111212730407715 15 1.5854569673538208
v -14.111212730407715 5 1.5854569673538208
v -14.111212730407715 5 1.5854569673538208
v -14.111212730407715 15 1.5854569673538208
v -14.19581413269043 15 -0.34477150440216064
v -14.111212730407715 5 1.5854569673538208
v -14.19581413269043 15 -0.34477150440216064
v -14.19581413269043 5 -0.34477150440216064
v -14.19581413269043 5 -0.34477150440216064
v -14.19581413269043 15 -0.34477150440216064
v -14.017609596252441 15 -2.2686173915863037
v -14.19581413269043 5 -0.34477150440216064
v -14.017609596252441 15 -2.2686173915863037
v -14.017609596252441 5 -2.2686173915863037
v -14.017609596252441 5 -2.2686173915863037
v -14.017609596252441 15 -2.2686173915863037
v -13.579898834228516 15 -4.1504645347595215
v -14.017609596252441 5 -2.2686173915863037
v -13.579898834228516 15 -4.1504645347595215
v -13.579898834228516 5 -4.1504645347595215
v -13.579898834228516 5 -4.1504645347595215
v -13.579898834228516 15 -4.1504645347595215
v -12.89078426361084 15 -5.955474376678467
v -13.579898834228516 5 -4.1504645347595215
v -12.89078426361084 15 -5.955474376678467
v -12.89078426361084 5 -5.955474376678467
v -12.89078426361084 5 -5.955474376678467
v -12.89078426361084 15 -5.955474376678467
v -11.963025093078613 15 -7.65023136138916
v -12.89078426361084 5 -5.955474376678467
v -11.963025093078613 15 -7.65023136138916
v -11.963025093078613 5 -7.65023136138916
v -11.963025093078613 5 -7.65023136138916
v -11.963025093078613 15 -7.65023136138916
v -10.81379508972168 15 -9.203360557556152
v -11.963025093078613 5 -7.65023136138916
v -10.81379508972168 15 -9.203360557556152
v -10.81379508972168 5 -9.203360557556152
v -10.81379508972168 5 -9.203360557556152
v -10.81379508972168 15 -9.203360557556152
v -9.464369773864746 15 -10.586109161376953
v -10.81379508972168 5 -9.203360557556152
v -9.464369773864746 15 -10.586109161376953
v -9.464369773864746 5 -10.586109161376953
v -9.464369773864746 5 -10.586109161376953
v -9.464369773864746 15 -10.586109161376953
v -7.939732551574707 15 -11.77287769317627
v -9.464369773864746 5 -10.586109161376953
v -7.939732551574707 15 -11.77287769317627
v -7.939732551574707 5 -11.77287769317627
v -7.939732551574707 5 -11.77287769317627
v -7.939732551574707 15 -11.77287769317627
v -6.268107891082764 15 -12.74169635772705
v -7.939732551574707 5 -11.77287769317627
v -6.268107891082764 15 -12.74169635772705
v -6.268107891082764 5 -12.74169635772705
v -6.268107891082764 5 -12.74169635772705
v -6.268107891082764 15 -12.74169635772705
v -4.480442047119141 15 -13.474629402160645
v -6.268107891082764 5 -12.74169635772705
v -4.480442047119141 15 -13.474629402160645
v -4.480442047119141 5 -13.474629402160645
v -4.480442047119141 5 -13.474629402160645
v -4.480442047119141 15 -13.474629402160645
v -2.609830617904663 15 -13.958107948303223
v -4.480442047119141 5 -13.474629402160645
v -2.609830617904663 15 -13.958107948303223
v -2.609830617904663 5 -13.958107948303223
v -2.609830617904663 5 -13.958107948303223
v -2.609830617904663 15 -13.958107948303223
v -0.6909035444259644 5 -14.183181762695312
v -0.6909035444259644 5 -14.183181762695312
v -2.609830617904663 15 -13.958107948303223
v -0.6909035444259644 15 -14.183181762695312
v -0.6909035444259644 5 -14.183181762695312
v -0.6909035444259644 15 -14.183181762695312
v 1.240814208984375 5 -14.145684242248535
v 1.240814208984375 5 -14.145684242248535
v -0.6909035444259644 15 -14.183181762695312
v 1.240814208984375 15 -14.145684242248535
v 1.240814208984375 5 -14.145684242248535
v 1.240814208984375 15 -14.145684242248535
v 3.1495609283447266 5 -13.846308708190918
v 3.1495609283447266 15 -13.846308708190918
v 3.1495609283447266 5 -13.846308708190918
v 3.1495609283447266 15 -13.846308708190918
v 5 5 -13.290597915649414
v 5 5 -13.290597915649414
v 3.1495609283447266 15 -13.846308708190918
v 5 15 -13.290597915649414
v 5 15 -13.290597915649414
v 5 15 -33
v 5 5 -13.290597915649414
v 5 5 -33
v 5 15 -33
v -5 15 -33
v 5 5 -33
v -5 5 -33
v -5 15 -33
v -5 15 -55
v -5 5 -33
v -5 5 -55
v -5 15 -55
v -3 15 -55
v -5 5 -55
v -3 5 -55
v -3 15 -55
v -3 15 -35
v -3 5 -55
v -3 5 -35
v -3 15 -35
v 15 15 -35
v -3 5 -35
v 15 5 -35
v 15 15 -35
v 15 15 -73
v 15 5 -35
v 15 5 -35
v 15 15 -73
v 15 5 -73
v 15 15 -73
v -73 15 -73
v 15 5 -73
v 15 5 -73
v -73 15 -73
v -73 5 -73
v -73 15 -73
v -73 15 -1
v -73 5 -73
v -73 5 -1
v -73 15 -1
v -55 15 -1
v -73 5 -1
v -55 5 -1
v -55 15 -1
v -55 15 -9
v -55 5 -1
v -55 5 -9
v -55 15 -9
v -65 15 -9
v -55 5 -9
v -55 5 -9
v -65 15 -9
v -65 5 -9
v -65 15 -9
v -65 15 -65
v -65 5 -9
v -65 5 -65
v -65 15 -65
v -33 15 -65
v -65 5 -65
v -33 5 -65
v -33 15 -65
v -33 15 -63
v -33 5 -65
v -33 5 -63
v -33 15 -63
v -63 15 -63
v -33 5 -63
v -63 5 -63
v -63 15 -63
v -63 15 -11
v -63 5 -63
v -63 5 -63
v -63 15 -11
v -63 5 -11
v -63 15 -11
v -53 15 -11
v -63 5 -11
v -53 5 -11
v -53 15 -11
v -53 15 1
v -53 5 -11
v -53 5 1
v -53 15 1
v -73 15 1
v -53 5 1
v -73 5 1
v -73 5 1
v -73 15 1
v -73 5 69
v -73 5 69
v -73 15 1
v -73 15 73
v -73 5 69
v -73 15 73
v -73 5 73
v -73 5 73
v -73 15 73
v -69 5 73
v -69 5 73
v -73 15 73
v -35 15 73
v -69 5 73
v -35 15 73
v -35 5 73
v -35 15 73
v -35 15 43
v -35 5 73
v -35 5 43
v -35 15 43
v -33 15 43
v -35 5 43
v -33 5 43
v -33 15 43
v -33 15 73
v -33 5 43
v -33 5 73
v -33 15 73
v 24.999998092651367 15 73
v -33 5 73
v 24.999998092651367 5 73
v 24.999998092651367 15 73
v 24.999998092651367 15 55
v 24.999998092651367 5 73
v 24.999998092651367 5 55
v 24.999998092651367 15 55
v -15 15 55
v 24.999998092651367 5 55
v 24.999998092651367 5 55
v -15 15 55
v -15 5 55
v -15 15 55
v -15 15 53
v -15 5 55
v -15 5 53
v -15 15 53
v 5 15 53
v -15 5 53
v 5 5 53
v 5 15 53
v 5 15 35
v 5 5 53
v 5 5 53
v 5 15 35
v 5 5 35
v 5 15 35
v -15 15 35
v 5 5 35
v 5 5 35
v -15 15 35
v -15 5 35
v -15 15 35
v -15 15 33
v -15 5 35
v -15 5 33
v -15 15 33
v 7 15 33
v -15 5 33
v -15 5 33
v 7 15 33
v 7 5 33
v 7 15 33
v 7 15 53
v 7 5 33
v 7 5 33
v 7 15 53
v 7 5 53
v 7 15 53
v 24.999998092651367 15 53
v 7 5 53
v 7 5 53
v 24.999998092651367 15 53
v 24.999998092651367 5 53
v 24.999998092651367 15 53
v 24.999998092651367 15 33
v 24.999998092651367 5 53
v 24.999998092651367 5 33
v 24.999998092651367 15 33
v 43 15 33
v 24.999998092651367 5 33
v 24.999998092651367 5 33
v 43 15 33
v 43 5 33
v 43 15 33
v 43 15 15
v 43 5 33
v 43 5 15
v 43 15 15
v 23 15 15
v 43 5 15
v 43 5 15
v 23 15 15
v 23 5 15
v 23 15 15
v 23 15 5
v 23 5 15
v 23 5 5
v 23 15 5
v 25 15 5
v 23 5 5
v 25 5 5
v 25 15 5
v 25 15 13
v 25 5 5
v 25 5 13
v 25 15 13
v 33 15 13
v 25 5 13
v 25 5 13
v 33 15 13
v 33 5 13
v 33 15 13
v 33 15 -23
v 33 5 13
v 33 5 -23
v 33 15 -23
v 15 15 -23
v 33 5 -23
v 33 5 -23
v 15 15 -23
v 15 5 -23
v 15 15 -23
v 15 15 -25
v 15 5 -23
v 15 5 -25
v 15 15 -25
v 25 15 -25
v 15 5 -25
v 25 5 -25
v 25 15 -25
v 25 15 -45
v 25 5 -25
v 25 5 -45
v 25 15 -45
v 27 15 -45
v 25 5 -45
v 27 5 -45
v 27 15 -45
v 27 15 -25
v 27 5 -45
v 27 5 -25
v 27 15 -25
v 35 15 -25
v 27 5 -25
v 35 5 -25
v 35 15 -25
v 35 15 13
v 35 5 -25
v 35 5 13
v 35 15 13
v 45 15 13
v 35 5 13
v 35 5 13
v 45 15 13
v 45 5 13
v 45 15 13
v 45 15 35
v 45 5 13
v 45 5 35
v 45 15 35
v 26.999998092651367 15 35
v 45 5 35
v 45 5 35
v 26.999998092651367 15 35
v 26.999998092651367 5 35
v 26.999998092651367 15 35
v 26.999998092651367 15 53
v 26.999998092651367 5 35
v 26.999998092651367 5 53
v 26.999998092651367 15 53
v 55 15 53
v 26.999998092651367 5 53
v 55 5 53
v 55 15 53
v 55 15 55
v 55 5 53
v 55 5 55
v 55 15 55
v 26.999998092651367 15 55
v 55 5 55
v 26.999998092651367 5 55
v 26.999998092651367 15 55
v 26.999998092651367 15 71.48843383789062
v 26.999998092651367 5 55
v 26.999998092651367 5 55
v 26.999998092651367 15 71.48843383789062
v 26.999998092651367 5 71.48843383789062
v 26.999998092651367 15 71.48843383789062
v 26.999998092651367 15 73
v 26.999998092651367 5 71.48843383789062
v 26.999998092651367 5 73
v 26.999998092651367 15 73
v 73 15 73
v 26.999998092651367 5 73
v 73 5 73
v 73 15 73
v 73 15 1
v 73 5 73
v 73 5 73
v 73 15 1
v 73 5 1
v 73 15 1
v 65 15 1
v 73 5 1
v 73 5 1
v 65 15 1
v 65 5 1
v 65 15 1
v 65 15 35
v 65 5 1
v 65 5 1
v 65 15 35
v 65 5 35
v 65 15 35
v 63 15 35
v 65 5 35
v 63 5 35
v 63 15 35
v 63 15 -5
v 63 5 35
v 63 5 35
v 63 15 -5
v 63 5 -5
v 63 15 -5
v 53 15 -5
v 63 5 -5
v 63 5 -5
v 53 15 -5
v 53 5 -5
v 53 15 -5
v 53 15 -7
v 53 5 -5
v 53 5 -7
v 53 15 -7
v 63 15 -7
v 53 5 -7
v 53 5 -7
v 63 15 -7
v 63 5 -7
v 63 15 -7
v 63 15 -25
v 63 5 -7
v 63 5 -25
v 63 15 -25
v 53 15 -25
v 63 5 -25
v 53 5 -25
v 53 15 -25
v 53 15 -53
v 53 5 -25
v 53 5 -25
v 53 15 -53
v 53 5 -53
v 53 15 -53
v 47 15 -53
v 53 5 -53
v 47 5 -53
v 47 15 -53
v 47 15 -43
v 47 5 -53
v 47 5 -43
v 47 15 -43
v 45 15 -43
v 47 5 -43
v 45 5 -43
v 45 15 -43
v 45 15 -55
v 45 5 -43
v 45 5 -55
v 45 15 -55
v 55 15 -55
v 45 5 -55
v 55 5 -55
v -75 15 -75
v 15 15 -73
v 75 15 -75
v 17 15 -73
v 73 15 -73
v -75 15 75
v -73 15 -1
v -73 15 -73
v 75 15 75
v 24.999998092651367 15 73
v -33 15 73
v -35 15 73
v -35 15 43
v -33 15 43
v 73 15 -1
v 73 15 1
v 73 15 73
v -10.067913055419922 15 -1.6361950635910034
v -14.19581413269043 15 -0.34477150440216064
v -10.199999809265137 15 -3.306546104933259e-16
v -14.111212730407715 15 1.5854569673538208
v -10.067913055419922 15 1.6361950635910034
v -13.765372276306152 15 3.4863340854644775
v -9.675071716308594 15 3.230013608932495
v -13.164694786071777 15 5.32266902923584
v -9.031651496887207 15 4.740176200866699
v -12.320301055908203 15 7.060466289520264
v -8.154315948486328 15 6.127571105957031
v -11.247822761535645 15 8.667552947998047
v -9.967114448547363 15 10.114179611206055
v -9.675071716308594 15 -3.230013608932495
v -13.579898834228516 15 -4.1504645347595215
v -14.017609596252441 15 -2.2686173915863037
v -12.89078426361084 15 -5.955474376678467
v -9.031651496887207 15 -4.740176200866699
v -11.963025093078613 15 -7.65023136138916
v -8.154315948486328 15 -6.127571105957031
v -10.81379508972168 15 -9.203360557556152
v -7.065788269042969 15 -7.356265068054199
v -9.464369773864746 15 -10.586109161376953
v -5.794260501861572 15 -8.39443588256836
v -7.939732551574707 15 -11.77287769317627
v -6.268107891082764 15 -12.74169635772705
v -4.372663974761963 15 -9.215194702148438
v -4.480442047119141 15 -13.474629402160645
v -2.837818145751953 15 -9.797285079956055
v -2.609830617904663 15 -13.958107948303223
v -1.2294741868972778 15 -10.125630378723145
v -0.6909035444259644 15 -14.183181762695312
v 0.4107125997543335 15 -10.191727638244629
v 1.240814208984375 15 -14.145684242248535
v 2.04026198387146 15 -9.993865013122559
v 3.1495609283447266 15 -13.846308708190918
v 3.6169698238372803 15 -9.537165641784668
v 5 15 -13.290597915649414
v 7 15 -12.354756355285645
v 7 15 -13
v 5.099999904632568 15 -8.83345890045166
v 8.612323760986328 15 -11.290166854858398
v 6.4509429931640625 15 -7.900970458984375
v 10.06520938873291 15 -10.01656436920166
v 7.634809494018555 15 -6.763851165771484
v 11.331758499145508 15 -8.557525634765625
v 8.620939254760742 15 -5.45155143737793
v 12.388524055480957 15 -6.940062999725342
v 9.383790016174316 15 -3.9980595111846924
v 13.2159423828125 15 -5.194119453430176
v 9.903606414794922 15 -2.4410197734832764
v 13.798694610595703 15 -3.352017879486084
v 14.125993728637695 15 -1.447860598564148
v 10.166924476623535 15 -0.8207589983940125
v 14.191780090332031 15 0.4831007421016693
v 10.166924476623535 15 0.8207589983940125
v 13.994834899902344 15 2.405118465423584
v 9.903606414794922 15 2.4410197734832764
v 13.53880500793457 15 4.2826104164123535
v 9.383790016174316 15 3.9980595111846924
v 12.832133293151855 15 6.080819129943848
v 8.620939254760742 15 5.45155143737793
v 11.887901306152344 15 7.766454219818115
v 7.634809494018555 15 6.763851165771484
v 10.723589897155762 15 9.308309555053711
v 9.360754013061523 15 10.677841186523438
v 6.4509429931640625 15 7.900970458984375
v 7.824622631072998 15 11.849695205688477
v 5.099999904632568 15 8.83345890045166
v 6.1436357498168945 15 12.802177429199219
v 3.6169698238372803 15 9.537165641784668
v 4.348912239074707 15 13.517653465270996
v 2.04026198387146 15 9.993865013122559
v 2.473677635192871 15 13.982879638671875
v 0.4107125997543335 15 10.191727638244629
v 0.5526482462882996 15 14.189241409301758
v -1.3786122798919678 15 14.132920265197754
v -1.2294741868972778 15 10.125630378723145
v -3.284350633621216 15 13.814956665039062
v -2.837818145751953 15 9.797285079956055
v -5.129286289215088 15 13.241239547729492
v -4.372663974761963 15 9.215194702148438
v -6.879263877868652 15 12.422388076782227
v -5.794260501861572 15 8.39443588256836
v -8.501886367797852 15 11.373562812805176
v -7.065788269042969 15 7.356265068054199
v 55 15 -55
v 53 15 -53
v 55 15 -27
v 53 15 -25
v 63 15 -25
v 45 15 -55
v 47 15 -53
v 45 15 -43
v 47 15 -43
v 65 15 -27
v 63 15 -7
v 65 15 -1
v 63 15 -5
v 65 15 1
v 63 15 35
v 65 15 35
v 53 15 -7
v 53 15 -5
v 26.999998092651367 15 73
v 26.999998092651367 15 71.48843383789062
v 24.999998092651367 15 55
v 26.999998092651367 15 55
v 24.999998092651367 15 53
v 26.999998092651367 15 53
v 26.999998092651367 15 35
v 55 15 55
v 55 15 53
v 45 15 35
v 43 15 33
v 24.999998092651367 15 33
v 43 15 15
v 45 15 13
v 35 15 13
v 35 15 -25
v 33 15 -23
v 33 15 13
v 23 15 15
v 25 15 13
v 23 15 5
v 25 15 5
v 27 15 -25
v 25 15 -25
v 15 15 -23
v 15 15 -25
v 27 15 -45
v 25 15 -45
v 7 15 53
v 5 15 53
v -15 15 55
v -15 15 53
v 5 15 35
v 7 15 33
v -15 15 33
v -15 15 35
v -73 15 73
v -73 15 1
v -55 15 -1
v -53 15 1
v -55 15 -9
v -53 15 -11
v -63 15 -11
v -65 15 -9
v -63 15 -63
v -65 15 -65
v -33 15 -65
v -33 15 -63
v 17 15 -55
v 15 15 -35
v 17 15 -53
v 17 15 -33
v 7 15 -33
v -3 15 -35
v 5 15 -33
v -5 15 -33
v -5 15 -55
v -3 15 -55
v 7 15 -15
v 23 15 -13
v 25 15 -15
v 25 15 -3
v 23 15 -3
v 35 15 -53
v 37 15 -55
v 37 15 -35
v 35 15 -33
v 43 15 -33
v 43 15 5
v 45 15 -15
v 45 15 -17
v 45 15 -35
v 45 15 3
v 53 15 5
v 55 15 3
v 55 15 43
v 53 15 43
v 63 15 45
v 35 15 45
v 35 15 43
v 63 15 63
v 65 15 65
v 65 15 43
v 34.999996185302734 15 63
v 34.999996185302734 15 65
v 55 15 -15
v 55 15 -17
v -23 15 23
v 15 15 25
v 35 15 23
v 17 15 25
v 35 15 25
v -23 15 -23
v -25 15 -25
v -25 15 33
v -23 15 25
v -23 15 43
v -25 15 35
v -23 15 45
v -25 15 65
v -23 15 63
v 17 15 65
v 17 15 63
v -3 15 -23
v -3 15 -25
v -43 15 33
v -53 15 35
v -45 15 33
v -55 15 33
v -43 15 19
v -45 15 19
v -55 15 55
v -53 15 55
v -3 15 45
v -3 15 43
v 15 15 45
v 17 15 45
v -33 15 25
v -33 15 -33
v -35 15 25
v -35 15 -35
v -15 15 -35
v -13 15 -33
v -13 15 -63
v -15 15 -65
v 5 15 -63
v 7 15 -65
v 7 15 -43
v 5 15 -43
v -25 15 -65
v -25 15 -45
v -23 15 -65
v -23 15 -43
v -43 15 -43
v -45 15 -45
v -45 15 -29
v -43 15 -29
v 65 15 -35
v 65 15 -65
v 63 15 -63
v 25 15 -65
v 25 15 -63
v 63 15 -35
v -10.067913055419922 15 1.6361950635910034
v -10.067913055419922 -1.0018804961797371e-16 1.6361950635910034
v -10.199999809265137 15 -3.306546104933259e-16
v -10.199999809265137 7.648774820602808e-32 -1.2491397102275324e-15
v -10.199999809265137 15 -3.306546104933259e-16
v -10.199999809265137 7.648774820602808e-32 -1.2491397102275324e-15
v -10.067913055419922 15 -1.6361950635910034
v -10.067913055419922 1.0018804961797371e-16 -1.6361950635910034
v -10.067913055419922 15 -1.6361950635910034
v -10.067913055419922 1.0018804961797371e-16 -1.6361950635910034
v -9.675071716308594 15 -3.230013608932495
v -9.675071716308594 15 -3.230013608932495
v -10.067913055419922 1.0018804961797371e-16 -1.6361950635910034
v -9.675071716308594 1.9778129321137267e-16 -3.230013608932495
v -9.675071716308594 15 -3.230013608932495
v -9.675071716308594 1.9778129321137267e-16 -3.230013608932495
v -9.031651496887207 15 -4.740176200866699
v -9.031651496887207 15 -4.740176200866699
v -9.675071716308594 1.9778129321137267e-16 -3.230013608932495
v -9.031651496887207 2.9025209182136145e-16 -4.740176200866699
v -9.031651496887207 15 -4.740176200866699
v -9.031651496887207 2.9025209182136145e-16 -4.740176200866699
v -8.154315948486328 15 -6.127571105957031
v -8.154315948486328 15 -6.127571105957031
v -9.031651496887207 2.9025209182136145e-16 -4.740176200866699
v -8.154315948486328 3.752055259640275e-16 -6.127571105957031
v -8.154315948486328 15 -6.127571105957031
v -8.154315948486328 3.752055259640275e-16 -6.127571105957031
v -7.065788269042969 15 -7.356265068054199
v -7.065788269042969 15 -7.356265068054199
v -8.154315948486328 3.752055259640275e-16 -6.127571105957031
v -7.065788269042969 4.504413216797594e-16 -7.356265068054199
v -7.065788269042969 15 -7.356265068054199
v -7.065788269042969 4.504413216797594e-16 -7.356265068054199
v -5.794260501861572 15 -8.39443588256836
v -5.794260501861572 5.140109326129579e-16 -8.39443588256836
v -5.794260501861572 15 -8.39443588256836
v -5.794260501861572 5.140109326129579e-16 -8.39443588256836
v -4.372663974761963 15 -9.215194702148438
v -4.372663974761963 5.642679384723973e-16 -9.215194702148438
v -4.372663974761963 15 -9.215194702148438
v -4.372663974761963 5.642679384723973e-16 -9.215194702148438
v -2.837818145751953 15 -9.797285079956055
v -2.837818145751953 15 -9.797285079956055
v -4.372663974761963 5.642679384723973e-16 -9.215194702148438
v -2.837818145751953 5.999107143159438e-16 -9.797285079956055
v -2.837818145751953 15 -9.797285079956055
v -2.837818145751953 5.999107143159438e-16 -9.797285079956055
v -1.2294741868972778 15 -10.125630378723145
v -1.2294741868972778 15 -10.125630378723145
v -2.837818145751953 5.999107143159438e-16 -9.797285079956055
v -1.2294741868972778 6.200160471706495e-16 -10.125630378723145
v -1.2294741868972778 15 -10.125630378723145
v -1.2294741868972778 6.200160471706495e-16 -10.125630378723145
v 0.4107125997543335 15 -10.191727638244629
v 0.4107125997543335 15 -10.191727638244629
v -1.2294741868972778 6.200160471706495e-16 -10.125630378723145
v 0.4107125997543335 6.240633294113081e-16 -10.191727638244629
v 0.4107125997543335 15 -10.191727638244629
v 0.4107125997543335 6.240633294113081e-16 -10.191727638244629
v 2.04026198387146 15 -9.993865013122559
v 2.04026198387146 6.11947740710697e-16 -9.993865013122559
v 2.04026198387146 15 -9.993865013122559
v 2.04026198387146 6.11947740710697e-16 -9.993865013122559
v 3.6169698238372803 15 -9.537165641784668
v 3.6169698238372803 15 -9.537165641784668
v 2.04026198387146 6.11947740710697e-16 -9.993865013122559
v 3.6169698238372803 5.839829479570963e-16 -9.537165641784668
v 3.6169698238372803 15 -9.537165641784668
v 3.6169698238372803 5.839829479570963e-16 -9.537165641784668
v 5.099999904632568 15 -8.83345890045166
v 5.099999904632568 15 -8.83345890045166
v 3.6169698238372803 5.839829479570963e-16 -9.537165641784668
v 5.099999904632568 5.408933760786452e-16 -8.83345890045166
v 5.099999904632568 15 -8.83345890045166
v 5.099999904632568 5.408933760786452e-16 -8.83345890045166
v 6.4509429931640625 15 -7.900970458984375
v 6.4509429931640625 15 -7.900970458984375
v 5.099999904632568 5.408933760786452e-16 -8.83345890045166
v 6.4509429931640625 4.837948851042328e-16 -7.900970458984375
v 6.4509429931640625 15 -7.900970458984375
v 6.4509429931640625 4.837948851042328e-16 -7.900970458984375
v 7.634809494018555 15 -6.763851165771484
v 7.634809494018555 15 -6.763851165771484
v 6.4509429931640625 4.837948851042328e-16 -7.900970458984375
v 7.634809494018555 4.1416642102954477e-16 -6.763851165771484
v 7.634809494018555 15 -6.763851165771484
v 7.634809494018555 4.1416642102954477e-16 -6.763851165771484
v 8.620939254760742 15 -5.45155143737793
v 8.620939254760742 15 -5.45155143737793
v 7.634809494018555 4.1416642102954477e-16 -6.763851165771484
v 8.620939254760742 3.338112640597263e-16 -5.45155143737793
v 8.620939254760742 15 -5.45155143737793
v 8.620939254760742 3.338112640597263e-16 -5.45155143737793
v 9.383790016174316 15 -3.9980595111846924
v 9.383790016174316 15 -3.9980595111846924
v 8.620939254760742 3.338112640597263e-16 -5.45155143737793
v 9.383790016174316 2.4481054767640155e-16 -3.9980595111846924
v 9.383790016174316 15 -3.9980595111846924
v 9.383790016174316 2.4481054767640155e-16 -3.9980595111846924
v 9.903606414794922 15 -2.4410197734832764
v 9.903606414794922 15 -2.4410197734832764
v 9.383790016174316 2.4481054767640155e-16 -3.9980595111846924
v 9.903606414794922 1.4946935293151496e-16 -2.4410197734832764
v 9.903606414794922 15 -2.4410197734832764
v 9.903606414794922 1.4946935293151496e-16 -2.4410197734832764
v 10.166924476623535 15 -0.8207589983940125
v 10.166924476623535 15 -0.8207589983940125
v 9.903606414794922 1.4946935293151496e-16 -2.4410197734832764
v 10.166924476623535 5.02569926245496e-17 -0.8207589983940125
v 10.166924476623535 15 -0.8207589983940125
v 10.166924476623535 5.02569926245496e-17 -0.8207589983940125
v 10.166924476623535 15 0.8207589983940125
v 10.166924476623535 -5.02569926245496e-17 0.8207589983940125
v 10.166924476623535 15 0.8207589983940125
v 10.166924476623535 -5.02569926245496e-17 0.8207589983940125
v 9.903606414794922 15 2.4410197734832764
v 9.903606414794922 15 2.4410197734832764
v 10.166924476623535 -5.02569926245496e-17 0.8207589983940125
v 9.903606414794922 -1.4946935293151496e-16 2.4410197734832764
v 9.903606414794922 15 2.4410197734832764
v 9.903606414794922 -1.4946935293151496e-16 2.4410197734832764
v 9.383790016174316 15 3.9980595111846924
v 9.383790016174316 15 3.9980595111846924
v 9.903606414794922 -1.4946935293151496e-16 2.4410197734832764
v 9.383790016174316 -2.4481054767640155e-16 3.9980595111846924
v 9.383790016174316 15 3.9980595111846924
v 9.383790016174316 -2.4481054767640155e-16 3.9980595111846924
v 8.620939254760742 15 5.45155143737793
v 8.620939254760742 15 5.45155143737793
v 9.383790016174316 -2.4481054767640155e-16 3.9980595111846924
v 8.620939254760742 -3.338112640597263e-16 5.45155143737793
v 8.620939254760742 15 5.45155143737793
v 8.620939254760742 -3.338112640597263e-16 5.45155143737793
v 7.634809494018555 15 6.763851165771484
v 7.634809494018555 15 6.763851165771484
v 8.620939254760742 -3.338112640597263e-16 5.45155143737793
v 7.634809494018555 -4.1416642102954477e-16 6.763851165771484
v 7.634809494018555 15 6.763851165771484
v 7.634809494018555 -4.1416642102954477e-16 6.763851165771484
v 6.4509429931640625 15 7.900970458984375
v 6.4509429931640625 15 7.900970458984375
v 7.634809494018555 -4.1416642102954477e-16 6.763851165771484
v 6.4509429931640625 -4.837948851042328e-16 7.900970458984375
v 6.4509429931640625 15 7.900970458984375
v 6.4509429931640625 -4.837948851042328e-16 7.900970458984375
v 5.099999904632568 15 8.83345890045166
v 5.099999904632568 15 8.83345890045166
v 6.4509429931640625 -4.837948851042328e-16 7.900970458984375
v 5.099999904632568 -5.408933760786452e-16 8.83345890045166
v 5.099999904632568 15 8.83345890045166
v 5.099999904632568 -5.408933760786452e-16 8.83345890045166
v 3.6169698238372803 15 9.537165641784668
v 3.6169698238372803 15 9.537165641784668
v 5.099999904632568 -5.408933760786452e-16 8.83345890045166
v 3.6169698238372803 -5.839829479570963e-16 9.537165641784668
v 3.6169698238372803 15 9.537165641784668
v 3.6169698238372803 -5.839829479570963e-16 9.537165641784668
v 2.04026198387146 15 9.993865013122559
v 2.04026198387146 15 9.993865013122559
v 3.6169698238372803 -5.839829479570963e-16 9.537165641784668
v 2.04026198387146 -6.11947740710697e-16 9.993865013122559
v 2.04026198387146 15 9.993865013122559
v 2.04026198387146 -6.11947740710697e-16 9.993865013122559
v 0.4107125997543335 15 10.191727638244629
v 0.4107125997543335 -6.240633294113081e-16 10.191727638244629
v 0.4107125997543335 15 10.191727638244629
v 0.4107125997543335 -6.240633294113081e-16 10.191727638244629
v -1.2294741868972778 15 10.125630378723145
v -1.2294741868972778 15 10.125630378723145
v 0.4107125997543335 -6.240633294113081e-16 10.191727638244629
v -1.2294741868972778 -6.200160471706495e-16 10.125630378723145
v -1.2294741868972778 15 10.125630378723145
v -1.2294741868972778 -6.200160471706495e-16 10.125630378723145
v -2.837818145751953 15 9.797285079956055
v -2.837818145751953 15 9.797285079956055
v -1.2294741868972778 -6.200160471706495e-16 10.125630378723145
v -2.837818145751953 -5.999107143159438e-16 9.797285079956055
v -2.837818145751953 15 9.797285079956055
v -2.837818145751953 -5.999107143159438e-16 9.797285079956055
v -4.372663974761963 15 9.215194702148438
v -4.372663974761963 15 9.215194702148438
v -2.837818145751953 -5.999107143159438e-16 9.797285079956055
v -4.372663974761963 -5.642679384723973e-16 9.215194702148438
v -4.372663974761963 15 9.215194702148438
v -4.372663974761963 -5.642679384723973e-16 9.215194702148438
v -5.794260501861572 15 8.39443588256836
v -5.794260501861572 -5.140109326129579e-16 8.39443588256836
v -5.794260501861572 15 8.39443588256836
v -5.794260501861572 -5.140109326129579e-16 8.39443588256836
v -7.065788269042969 15 7.356265068054199
v -7.065788269042969 -4.504413216797594e-16 7.356265068054199
v -7.065788269042969 15 7.356265068054199
v -7.065788269042969 -4.504413216797594e-16 7.356265068054199
v -8.154315948486328 15 6.127571105957031
v -8.154315948486328 15 6.127571105957031
v -7.065788269042969 -4.504413216797594e-16 7.356265068054199
v -8.154315948486328 -3.752055259640275e-16 6.127571105957031
v -8.154315948486328 15 6.127571105957031
v -8.154315948486328 -3.752055259640275e-16 6.127571105957031
v -9.031651496887207 15 4.740176200866699
v -9.031651496887207 15 4.740176200866699
v -8.154315948486328 -3.752055259640275e-16 6.127571105957031
v -9.031651496887207 -2.9025209182136145e-16 4.740176200866699
v -9.031651496887207 15 4.740176200866699
v -9.031651496887207 -2.9025209182136145e-16 4.740176200866699
v -9.675071716308594 15 3.230013608932495
v -9.675071716308594 15 3.230013608932495
v -9.031651496887207 -2.9025209182136145e-16 4.740176200866699
v -9.675071716308594 -1.9778129321137267e-16 3.230013608932495
v -9.675071716308594 15 3.230013608932495
v -9.675071716308594 -1.9778129321137267e-16 3.230013608932495
v -10.067913055419922 15 1.6361950635910034
v -10.067913055419922 15 1.6361950635910034
v -9.675071716308594 -1.9778129321137267e-16 3.230013608932495
v -10.067913055419922 -1.0018804961797371e-16 1.6361950635910034
v 75 -4.592425445731473e-15 75
v 75 4.592425445731473e-15 -75
v 75 15 75
v 75 15 -75
v -75 -4.592425445731473e-15 75
v 75 -4.592425445731473e-15 75
v -75 15 75
v 75 15 75
v -75 4.592425445731473e-15 -75
v -75 -4.592425445731473e-15 75
v -75 15 -75
v -75 15 75
v 75 4.592425445731473e-15 -75
v -75 4.592425445731473e-15 -75
v 75 15 -75
v -75 15 -75
v -63 15 11
v -65 15 65
v -63 15 63
v -43 15 65
v -45 15 63
v -43 15 43
v -45 15 43
v -65 15 9
v -55 15 11
v -45 15 9
v -53 15 11
v -43 15 11
v -55 15 25
v -53 15 25
v -45 15 -19
v -43 15 -21
v -53 15 -21
v -55 15 -19
v -53 15 -53
v -55 15 -55
v -33 15 -55
v -33 15 -53
v -10.067913055419922 -1.0018804961797371e-16 1.6361950635910034
v -75 -4.592425445731473e-15 75
v -10.199999809265137 7.648774820602808e-32 -1.2491397102275324e-15
v -75 4.592425445731473e-15 -75
v -10.067913055419922 1.0018804961797371e-16 -1.6361950635910034
v -9.675071716308594 1.9778129321137267e-16 -3.230013608932495
v -9.031651496887207 2.9025209182136145e-16 -4.740176200866699
v -8.154315948486328 3.752055259640275e-16 -6.127571105957031
v -7.065788269042969 4.504413216797594e-16 -7.356265068054199
v -5.794260501861572 5.140109326129579e-16 -8.39443588256836
v -4.372663974761963 5.642679384723973e-16 -9.215194702148438
v -2.837818145751953 5.999107143159438e-16 -9.797285079956055
v -1.2294741868972778 6.200160471706495e-16 -10.125630378723145
v 0.4107125997543335 6.240633294113081e-16 -10.191727638244629
v 75 4.592425445731473e-15 -75
v 2.04026198387146 6.11947740710697e-16 -9.993865013122559
v 3.6169698238372803 5.839829479570963e-16 -9.537165641784668
v 5.099999904632568 5.408933760786452e-16 -8.83345890045166
v 6.4509429931640625 4.837948851042328e-16 -7.900970458984375
v 7.634809494018555 4.1416642102954477e-16 -6.763851165771484
v 8.620939254760742 3.338112640597263e-16 -5.45155143737793
v 9.383790016174316 2.4481054767640155e-16 -3.9980595111846924
v 9.903606414794922 1.4946935293151496e-16 -2.4410197734832764
v 10.166924476623535 5.02569926245496e-17 -0.8207589983940125
v 75 -4.592425445731473e-15 75
v 10.166924476623535 -5.02569926245496e-17 0.8207589983940125
v 9.903606414794922 -1.4946935293151496e-16 2.4410197734832764
v 9.383790016174316 -2.4481054767640155e-16 3.9980595111846924
v 8.620939254760742 -3.338112640597263e-16 5.45155143737793
v 7.634809494018555 -4.1416642102954477e-16 6.763851165771484
v 6.4509429931640625 -4.837948851042328e-16 7.900970458984375
v 5.099999904632568 -5.408933760786452e-16 8.83345890045166
v 3.6169698238372803 -5.839829479570963e-16 9.537165641784668
v 2.04026198387146 -6.11947740710697e-16 9.993865013122559
v 0.4107125997543335 -6.240633294113081e-16 10.191727638244629
v -1.2294741868972778 -6.200160471706495e-16 10.125630378723145
v -2.837818145751953 -5.999107143159438e-16 9.797285079956055
v -4.372663974761963 -5.642679384723973e-16 9.215194702148438
v -5.794260501861572 -5.140109326129579e-16 8.39443588256836
v -7.065788269042969 -4.504413216797594e-16 7.356265068054199
v -8.154315948486328 -3.752055259640275e-16 6.127571105957031
v -9.031651496887207 -2.9025209182136145e-16 4.740176200866699
v -9.675071716308594 -1.9778129321137267e-16 3.230013608932495
v -66.10222625732422 4 69.77645874023438
v -65.84355926513672 4.034074306488037 69.81043243408203
v -66 4 69
vn -0.13050845054376425 0.016487050534945365 0.9913101036009487
vn -0.13050845054376425 0.016487050534945365 0.9913101036009487
vn -0.13050845054376425 0.016487050534945365 0.9913101036009487
vn -0.13050845054376425 -0.016487050534945365 0.9913101036009487
vn -0.13050845054376425 -0.016487050534945365 0.9913101036009487
vn -0.13050845054376425 -0.016487050534945365 0.9913101036009487
vn -0.3822370183167696 -0.04828776433843184 0.9228017954271122
vn -0.3822370183167696 -0.04828776433843184 0.9228017954271122
vn -0.3822370183167696 -0.04828776433843184 0.9228017954271122
vn -0.3822370183167696 -0.04828776433843184 0.9228017954271122
vn -0.6069691688494334 -0.07667803652244921 0.791017639993755
vn -0.6069691688494334 -0.07667803652244921 0.791017639993755
vn -0.6069691688494334 -0.07667803652244921 0.791017639993755
vn -0.6069691688494334 -0.07667803652244921 0.791017639993755
vn -0.7893985520185044 -0.0997242332807607 0.6057268389031917
vn -0.7893985520185044 -0.0997242332807607 0.6057268389031917
vn -0.7893985520185044 -0.0997242332807607 0.6057268389031917
vn -0.7893985520185044 -0.0997242332807607 0.6057268389031917
vn -0.9176505749223259 -0.11592622777087673 0.38010331761185606
vn -0.9176505749223259 -0.11592622777087673 0.38010331761185606
vn -0.9176505749223259 -0.11592622777087673 0.38010331761185606
vn -0.9176505749223259 -0.11592622777087673 0.38010331761185606
vn -0.9646511847335085 -0.12186378459650296 0.233660672335024
vn -0.9646511847335085 -0.12186378459650296 0.233660672335024
vn -0.9646511847335085 -0.12186378459650296 0.233660672335024
vn -0.9581504694979921 -0.2852537700709731 0.024040891436752504
vn -0.9581504694979921 -0.2852537700709731 0.024040891436752504
vn -0.9581504694979921 -0.2852537700709731 0.024040891436752504
vn -0.12410038866550072 0.04913482132094072 0.9910524016755273
vn -0.12410038866550072 0.04913482132094072 0.9910524016755273
vn -0.12410038866550072 0.04913482132094072 0.9910524016755273
vn -0.11790972313010148 0.04883980424069517 0.9918225500124068
vn -0.11790972313010148 0.04883980424069517 0.9918225500124068
vn -0.11790972313010148 0.04883980424069517 0.9918225500124068
vn -0.10944676860079634 0.07951772751550046 0.9908069114886183
vn -0.10944676860079634 0.07951772751550046 0.9908069114886183
vn -0.10944676860079634 0.07951772751550046 0.9908069114886183
vn -0.09992704486109377 0.0766767184733813 0.9920359199895349
vn -0.09992704486109377 0.0766767184733813 0.9920359199895349
vn -0.09992704486109377 0.0766767184733813 0.9920359199895349
vn -0.08730450808515539 0.1055330236311929 0.9905759454939672
vn -0.08730450808515539 0.1055330236311929 0.9905759454939672
vn -0.08730450808515539 0.1055330236311929 0.9905759454939672
vn -0.07578413068868746 0.09876379959896371 0.9922209821529353
vn -0.07578413068868746 0.09876379959896371 0.9922209821529353
vn -0.07578413068868746 0.09876379959896371 0.9922209821529353
vn -0.05897236550669103 0.1253226534673168 0.9903617988565877
vn -0.05897236550669103 0.1253226534673168 0.9903617988565877
vn -0.05897236550669103 0.1253226534673168 0.9903617988565877
vn -0.04715175492589304 0.11383440941947912 0.99238018885885
vn -0.04715175492589304 0.11383440941947912 0.99238018885885
vn -0.04715175492589304 0.11383440941947912 0.99238018885885
vn -0.026213239192570348 0.13741461573126226 0.9901666978213631
vn -0.026213239192570348 0.13741461573126226 0.9901666978213631
vn -0.026213239192570348 0.13741461573126226 0.9901666978213631
vn -0.015939615773275212 0.12107341072322637 0.9925155705906308
vn -0.015939615773275212 0.12107341072322637 0.9925155705906308
vn -0.015939615773275212 0.12107341072322637 0.9925155705906308
vn 0.008860883479151845 0.14083971363170827 0.9899927574523499
vn 0.008860883479151845 0.14083971363170827 0.9899927574523499
vn 0.008860883479151845 0.14083971363170827 0.9899927574523499
vn 0.01581903525461131 0.12015750095188127 0.9926287992440135
vn 0.01581903525461131 0.12015750095188127 0.9926287992440135
vn 0.01581903525461131 0.12015750095188127 0.9926287992440135
vn 0.04393364088343503 0.1352138510606198 0.9898419316638803
vn 0.04393364088343503 0.1352138510606198 0.9898419316638803
vn 0.04393364088343503 0.1352138510606198 0.9898419316638803
vn 0.046088436106029786 0.11126732407148628 0.9927212290725282
vn 0.046088436106029786 0.11126732407148628 0.9927212290725282
vn 0.046088436106029786 0.11126732407148628 0.9927212290725282
vn 0.07664814408997399 0.12077814798216732 0.9897159698507245
vn 0.07664814408997399 0.12077814798216732 0.9897159698507245
vn 0.07664814408997399 0.12077814798216732 0.9897159698507245
vn 0.07295031289057963 0.09507069982437602 0.9927939433155655
vn 0.07295031289057963 0.09507069982437602 0.9927939433155655
vn 0.07295031289057963 0.09507069982437602 0.9927939433155655
vn 0.10477754170661745 0.09839266254061069 0.9896163654225246
vn 0.10477754170661745 0.09839266254061069 0.9896163654225246
vn 0.10477754170661745 0.09839266254061069 0.9896163654225246
vn 0.09471618914905947 0.0726782886633322 0.992847777793781
vn 0.09471618914905947 0.0726782886633322 0.992847777793781
vn 0.09471618914905947 0.0726782886633322 0.992847777793781
vn 0.12638889199091163 0.0694828850039799 0.9895443277957959
vn 0.12638889199091163 0.0694828850039799 0.9895443277957959
vn 0.12638889199091163 0.0694828850039799 0.9895443277957959
vn 0.11002580193287517 0.04557417754048266 0.9928833351660892
vn 0.11002580193287517 0.04557417754048266 0.9928833351660892
vn 0.11002580193287517 0.04557417754048266 0.9928833351660892
vn 0.13998716828300004 0.03594259855774102 0.9895007439739619
vn 0.13998716828300004 0.03594259855774102 0.9895007439739619
vn 0.13998716828300004 0.03594259855774102 0.9895007439739619
vn 0.11792598537830681 0.01552524959721685 0.9929010165154931
vn 0.11792598537830681 0.01552524959721685 0.9929010165154931
vn 0.11792598537830681 0.01552524959721685 0.9929010165154931
vn 0.1446276301155272 0 0.9894861538228649
vn 0.1446276301155272 0 0.9894861538228649
vn 0.1446276301155272 0 0.9894861538228649
vn 0.11792598537830681 -0.01552524959721685 0.9929010165154931
vn 0.11792598537830681 -0.01552524959721685 0.9929010165154931
vn 0.11792598537830681 -0.01552524959721685 0.9929010165154931
vn 0.13998716828300004 -0.03594259855774102 0.9895007439739619
vn 0.13998716828300004 -0.03594259855774102 0.9895007439739619
vn 0.13998716828300004 -0.03594259855774102 0.9895007439739619
vn 0.11002580193287517 -0.04557417754048266 0.9928833351660892
vn 0.11002580193287517 -0.04557417754048266 0.9928833351660892
vn 0.11002580193287517 -0.04557417754048266 0.9928833351660892
vn 0.12638889199091163 -0.0694828850039799 0.9895443277957959
vn 0.12638889199091163 -0.0694828850039799 0.9895443277957959
vn 0.12638889199091163 -0.0694828850039799 0.9895443277957959
vn 0.09471618914905947 -0.0726782886633322 0.992847777793781
vn 0.09471618914905947 -0.0726782886633322 0.992847777793781
vn 0.09471618914905947 -0.0726782886633322 0.992847777793781
vn 0.10477754170661745 -0.09839266254061069 0.9896163654225246
vn 0.10477754170661745 -0.09839266254061069 0.9896163654225246
vn 0.10477754170661745 -0.09839266254061069 0.9896163654225246
vn 0.07295031289057963 -0.09507069982437602 0.9927939433155655
vn 0.07295031289057963 -0.09507069982437602 0.9927939433155655
vn 0.07295031289057963 -0.09507069982437602 0.9927939433155655
vn 0.07664814408997399 -0.12077814798216732 0.9897159698507245
vn 0.07664814408997399 -0.12077814798216732 0.9897159698507245
vn 0.07664814408997399 -0.12077814798216732 0.9897159698507245
vn 0.046088436106029786 -0.11126732407148628 0.9927212290725282
vn 0.046088436106029786 -0.11126732407148628 0.9927212290725282
vn 0.046088436106029786 -0.11126732407148628 0.9927212290725282
vn 0.04393364088343503 -0.1352138510606198 0.9898419316638803
vn 0.04393364088343503 -0.1352138510606198 0.9898419316638803
vn 0.04393364088343503 -0.1352138510606198 0.9898419316638803
vn 0.01581903525461131 -0.12015750095188127 0.9926287992440135
vn 0.01581903525461131 -0.12015750095188127 0.9926287992440135
vn 0.01581903525461131 -0.12015750095188127 0.9926287992440135
vn 0.008860883479151845 -0.14083971363170827 0.9899927574523499
vn 0.008860883479151845 -0.14083971363170827 0.9899927574523499
vn 0.008860883479151845 -0.14083971363170827 0.9899927574523499
vn -0.015939615773275212 -0.12107341072322637 0.9925155705906308
vn -0.015939615773275212 -0.12107341072322637 0.9925155705906308
vn -0.015939615773275212 -0.12107341072322637 0.9925155705906308
vn -0.026213239192570348 -0.13741461573126226 0.9901666978213631
vn -0.026213239192570348 -0.13741461573126226 0.9901666978213631
vn -0.026213239192570348 -0.13741461573126226 0.9901666978213631
vn -0.04715175492589304 -0.11383440941947912 0.99238018885885
vn -0.04715175492589304 -0.11383440941947912 0.99238018885885
vn -0.04715175492589304 -0.11383440941947912 0.99238018885885
vn -0.05897236550669103 -0.1253226534673168 0.9903617988565877
vn -0.05897236550669103 -0.1253226534673168 0.9903617988565877
vn -0.05897236550669103 -0.1253226534673168 0.9903617988565877
vn -0.07578413068868746 -0.09876379959896371 0.9922209821529353
vn -0.07578413068868746 -0.09876379959896371 0.9922209821529353
vn -0.07578413068868746 -0.09876379959896371 0.9922209821529353
vn -0.08730450808515539 -0.1055330236311929 0.9905759454939672
vn -0.08730450808515539 -0.1055330236311929 0.9905759454939672
vn -0.08730450808515539 -0.1055330236311929 0.9905759454939672
vn -0.09992704486109377 -0.0766767184733813 0.9920359199895349
vn -0.09992704486109377 -0.0766767184733813 0.9920359199895349
vn -0.09992704486109377 -0.0766767184733813 0.9920359199895349
vn -0.10944676860079634 -0.07951772751550046 0.9908069114886183
vn -0.10944676860079634 -0.07951772751550046 0.9908069114886183
vn -0.10944676860079634 -0.07951772751550046 0.9908069114886183
vn -0.11790972313010148 -0.04883980424069517 0.9918225500124068
vn -0.11790972313010148 -0.04883980424069517 0.9918225500124068
vn -0.11790972313010148 -0.04883980424069517 0.9918225500124068
vn -0.12410038866550072 -0.04913482132094072 0.9910524016755273
vn -0.12410038866550072 -0.04913482132094072 0.9910524016755273
vn -0.12410038866550072 -0.04913482132094072 0.9910524016755273
vn -0.12840345553716692 -0.01690463542309486 0.9915779272993762
vn -0.12840345553716692 -0.01690463542309486 0.9915779272993762
vn -0.12840345553716692 -0.01690463542309486 0.9915779272993762
vn -0.1235855630664586 0.9914616042228097 0.04159923020296004
vn -0.1235855630664586 0.9914616042228097 0.04159923020296004
vn -0.1235855630664586 0.9914616042228097 0.04159923020296004
vn 0.06129838867812104 0.9743099759474111 0.2167085100193829
vn 0.06129838867812104 0.9743099759474111 0.2167085100193829
vn 0.06129838867812104 0.9743099759474111 0.2167085100193829
vn 0.11161625206429548 0.9906216701079407 0.07880684607110017
vn 0.11161625206429548 0.9906216701079407 0.07880684607110017
vn 0.11161625206429548 0.9906216701079407 0.07880684607110017
vn 0.303571170400412 0.9342959701473043 0.1869106328388835
vn 0.303571170400412 0.9342959701473043 0.1869106328388835
vn 0.303571170400412 0.9342959701473043 0.1869106328388835
vn 0.32807768042846364 0.9375921077990222 0.11526523759427854
vn 0.32807768042846364 0.9375921077990222 0.11526523759427854
vn 0.32807768042846364 0.9375921077990222 0.11526523759427854
vn 0.5263875543269567 0.8377409887559606 0.14527965586368433
vn 0.5263875543269567 0.8377409887559606 0.14527965586368433
vn 0.5263875543269567 0.8377409887559606 0.14527965586368433
vn 0.528854554265267 0.8333413684974302 0.1607949749952271
vn 0.528854554265267 0.8333413684974302 0.1607949749952271
vn 0.528854554265267 0.8333413684974302 0.1607949749952271
vn 0.7034226600292943 0.7034226600292943 0.10194666602995775
vn 0.7034226600292943 0.7034226600292943 0.10194666602995775
vn 0.7034226600292943 0.7034226600292943 0.10194666602995775
vn 0.7145255254464224 0.6709841533410182 0.19807458052650453
vn 0.7145255254464224 0.6709841533410182 0.19807458052650453
vn 0.7145255254464224 0.6709841533410182 0.19807458052650453
vn 0.8447050062832194 0.5307633410598556 0.06901976635026928
vn 0.8447050062832194 0.5307633410598556 0.06901976635026928
vn 0.8447050062832194 0.5307633410598556 0.06901976635026928
vn 0.8539956762500429 0.46948808180993434 0.2242149102639256
vn 0.8539956762500429 0.46948808180993434 0.2242149102639256
vn 0.8539956762500429 0.46948808180993434 0.2242149102639256
vn 0.9428436760252317 0.32991528525457864 0.046922352185479146
vn 0.9428436760252317 0.32991528525457864 0.046922352185479146
vn 0.9428436760252317 0.32991528525457864 0.046922352185479146
vn 0.9403505532048054 0.24144098693445212 0.23968121936341602
vn 0.9403505532048054 0.24144098693445212 0.23968121936341602
vn 0.9403505532048054 0.24144098693445212 0.23968121936341602
vn 0.9930737297136017 0.11189253942105334 0.035841693244382605
vn 0.9930737297136017 0.11189253942105334 0.035841693244382605
vn 0.9930737297136017 0.11189253942105334 0.035841693244382605
vn 0.969574040215507 0 0.24479824456106355
vn 0.969574040215507 0 0.24479824456106355
vn 0.969574040215507 0 0.24479824456106355
vn 0.9922368746628264 -0.12368220365307128 0.012988343191755514
vn 0.9922368746628264 -0.12368220365307128 0.012988343191755514
vn 0.9922368746628264 -0.12368220365307128 0.012988343191755514
vn 0.9391319229868058 -0.24112808894825255 0.2447212208764657
vn 0.9391319229868058 -0.24112808894825255 0.2447212208764657
vn 0.9391319229868058 -0.24112808894825255 0.2447212208764657
vn 0.9315104627316871 -0.36347652038674866 0.01315587127254191
vn 0.9315104627316871 -0.36347652038674866 0.01315587127254191
vn 0.9315104627316871 -0.36347652038674866 0.01315587127254191
vn 0.8497123278243609 -0.4671333219951655 0.24449012132408782
vn 0.8497123278243609 -0.4671333219951655 0.24449012132408782
vn 0.8497123278243609 -0.4671333219951655 0.24449012132408782
vn 0.8137746504733154 -0.581023935176608 0.013490922834333955
vn 0.8137746504733154 -0.581023935176608 0.013490922834333955
vn 0.8137746504733154 -0.581023935176608 0.013490922834333955
vn 0.7069165081104887 -0.6638387413948579 0.2441048462938917
vn 0.7069165081104887 -0.6638387413948579 0.2441048462938917
vn 0.7069165081104887 -0.6638387413948579 0.2441048462938917
vn 0.6462359398542289 -0.7630093658473478 0.01399348669738094
vn 0.6462359398542289 -0.7630093658473478 0.01399348669738094
vn 0.6462359398542289 -0.7630093658473478 0.01399348669738094
vn 0.519690094176122 -0.8189005817044416 0.24356527523302823
vn 0.519690094176122 -0.8189005817044416 0.24356527523302823
vn 0.519690094176122 -0.8189005817044416 0.24356527523302823
vn 0.43914937816734484 -0.8982943860509727 0.014663548156587334
vn 0.43914937816734484 -0.8982943860509727 0.014663548156587334
vn 0.43914937816734484 -0.8982943860509727 0.014663548156587334
vn 0.2997645773834904 -0.9225804922997636 0.24287122796663901
vn 0.2997645773834904 -0.9225804922997636 0.24287122796663901
vn 0.2997645773834904 -0.9225804922997636 0.24287122796663901
vn 0.2051906888964358 -0.9785992528193983 0.015501082914478728
vn 0.2051906888964358 -0.9785992528193983 0.015501082914478728
vn 0.2051906888964358 -0.9785992528193983 0.015501082914478728
vn 0.06092380150274791 -0.968356039211697 0.24202246121525164
vn 0.06092380150274791 -0.968356039211697 0.24202246121525164
vn 0.06092380150274791 -0.968356039211697 0.24202246121525164
vn -0.04131934302210827 -0.9990096405237103 0.01650606049026875
vn -0.04131934302210827 -0.9990096405237103 0.01650606049026875
vn -0.04131934302210827 -0.9990096405237103 0.01650606049026875
vn -0.181857402311665 -0.9533298957038496 0.24101866148026868
vn -0.181857402311665 -0.9533298957038496 0.24101866148026868
vn -0.181857402311665 -0.9533298957038496 0.24101866148026868
vn -0.2852916415067353 -0.9582777008406033 0.017678443314942213
vn -0.2852916415067353 -0.9582777008406033 0.017678443314942213
vn -0.2852916415067353 -0.9582777008406033 0.017678443314942213
vn -0.41334978567204955 -0.8784129794111232 0.2398595261542568
vn -0.41334978567204955 -0.8784129794111232 0.2398595261542568
vn -0.41334978567204955 -0.8784129794111232 0.2398595261542568
vn -0.5117924794757867 -0.8588985776076669 0.019018184339026616
vn -0.5117924794757867 -0.8588985776076669 0.019018184339026616
vn -0.5117924794757867 -0.8588985776076669 0.019018184339026616
vn -0.6190225337787362 -0.7482697193360729 0.23854460756610743
vn -0.6190225337787362 -0.7482697193360729 0.23854460756610743
vn -0.6190225337787362 -0.7482697193360729 0.23854460756610743
vn -0.7069578188383332 -0.7069578188383332 0.020525222695328454
vn -0.7069578188383332 -0.7069578188383332 0.020525222695328454
vn -0.7069578188383332 -0.7069578188383332 0.020525222695328454
vn -0.7859532877111434 -0.5710285337953509 0.23707349731164934
vn -0.7859532877111434 -0.5710285337953509 0.23707349731164934
vn -0.7859532877111434 -0.5710285337953509 0.23707349731164934
vn -0.8588422409388381 -0.5117589159355158 0.022199485121518373
vn -0.8588422409388381 -0.5117589159355158 0.022199485121518373
vn -0.8588422409388381 -0.5117589159355158 0.022199485121518373
vn -0.9036381411188569 -0.3577756649624199 0.2354457123753911
vn -0.9036381411188569 -0.3577756649624199 0.2354457123753911
vn -0.9036381411188569 -0.3577756649624199 0.2354457123753911
vn -0.1828067865639458 0.9583067720408788 0.21961286266235683
vn -0.1828067865639458 0.9583067720408788 0.21961286266235683
vn -0.1828067865639458 0.9583067720408788 0.21961286266235683
vn -0.3632371675044866 0.9308971042041598 0.03859198786830032
vn -0.3632371675044866 0.9308971042041598 0.03859198786830032
vn -0.3632371675044866 0.9308971042041598 0.03859198786830032
vn -0.4151202457963174 0.8821753897137204 0.2223550388757819
vn -0.4151202457963174 0.8821753897137204 0.2223550388757819
vn -0.4151202457963174 0.8821753897137204 0.2223550388757819
vn -0.5807053541778827 0.8133284582645874 0.03575067280609998
vn -0.5807053541778827 0.8133284582645874 0.03575067280609998
vn -0.5807053541778827 0.8133284582645874 0.03575067280609998
vn -0.6210890844865913 0.7507677476642473 0.22493585351997825
vn -0.6210890844865913 0.7507677476642473 0.22493585351997825
vn -0.6210890844865913 0.7507677476642473 0.22493585351997825
vn -0.7626665438676132 0.6459456259031445 0.033075538417759724
vn -0.7626665438676132 0.6459456259031445 0.033075538417759724
vn -0.7626665438676132 0.6459456259031445 0.033075538417759724
vn -0.7878302071035961 0.5723921464290469 0.2273560984039214
vn -0.7878302071035961 0.5723921464290469 0.2273560984039214
vn -0.7878302071035961 0.5723921464290469 0.2273560984039214
vn -0.8979711903611597 0.43899135681599505 0.03056681079559366
vn -0.8979711903611597 0.43899135681599505 0.03056681079559366
vn -0.8979711903611597 0.43899135681599505 0.03056681079559366
vn -0.9049339472813493 0.35828871241152865 0.2296165273151852
vn -0.9049339472813493 0.35828871241152865 0.2296165273151852
vn -0.9049339472813493 0.35828871241152865 0.2296165273151852
vn -0.9783269277479566 0.20513358943960008 0.02822468647957127
vn -0.9783269277479566 0.20513358943960008 0.02822468647957127
vn -0.9783269277479566 0.20513358943960008 0.02822468647957127
vn -0.9651123604302422 0.12192204244632243 0.23171781828440263
vn -0.9651123604302422 0.12192204244632243 0.23171781828440263
vn -0.9651123604302422 0.12192204244632243 0.23171781828440263
vn -0.9988067068858566 -0.041310950777617775 0.02604933061865106
vn -0.9988067068858566 -0.041310950777617775 0.02604933061865106
vn -0.9988067068858566 -0.041310950777617775 0.02604933061865106
vn -0.3822370183167696 0.04828776433843184 0.9228017954271122
vn -0.3822370183167696 0.04828776433843184 0.9228017954271122
vn -0.3822370183167696 0.04828776433843184 0.9228017954271122
vn -0.3822370183167696 0.04828776433843184 0.9228017954271122
vn -0.35821965544402085 0.14182919346035353 0.9228017979696141
vn -0.35821965544402085 0.14182919346035353 0.9228017979696141
vn -0.35821965544402085 0.14182919346035353 0.9228017979696141
vn -0.35821965544402085 0.14182919346035353 0.9228017979696141
vn -0.31169405528973476 0.22645898126560318 0.9228017911237414
vn -0.31169405528973476 0.22645898126560318 0.9228017911237414
vn -0.31169405528973476 0.22645898126560318 0.9228017911237414
vn -0.31169405528973476 0.22645898126560318 0.9228017911237414
vn -0.24558355006614838 0.29685950390960225 0.9228017960946179
vn -0.24558355006614838 0.29685950390960225 0.9228017960946179
vn -0.24558355006614838 0.29685950390960225 0.9228017960946179
vn -0.24558355006614838 0.29685950390960225 0.9228017960946179
vn -0.1640421301991073 0.34860727209344905 0.9228017931079802
vn -0.1640421301991073 0.34860727209344905 0.9228017931079802
vn -0.1640421301991073 0.34860727209344905 0.9228017931079802
vn -0.1640421301991073 0.34860727209344905 0.9228017931079802
vn -0.07219333954313674 0.37845075170349424 0.9228017935941986
vn -0.07219333954313674 0.37845075170349424 0.9228017935941986
vn -0.07219333954313674 0.37845075170349424 0.9228017935941986
vn -0.07219333954313674 0.37845075170349424 0.9228017935941986
vn 0.024191619851427773 0.3845147792193785 0.9228017935021782
vn 0.024191619851427773 0.3845147792193785 0.9228017935021782
vn 0.024191619851427773 0.3845147792193785 0.9228017935021782
vn 0.024191619851427773 0.3845147792193785 0.9228017935021782
vn 0.11905653030893816 0.36641833189884565 0.9228017927156754
vn 0.11905653030893816 0.36641833189884565 0.9228017927156754
vn 0.11905653030893816 0.36641833189884565 0.9228017927156754
vn 0.11905653030893816 0.36641833189884565 0.9228017927156754
vn 0.20644068792422055 0.3252984595111725 0.922801795950264
vn 0.20644068792422055 0.3252984595111725 0.922801795950264
vn 0.20644068792422055 0.3252984595111725 0.922801795950264
vn 0.20644068792422055 0.3252984595111725 0.922801795950264
vn 0.28085342051475964 0.26373890044067866 0.9228017926832941
vn 0.28085342051475964 0.26373890044067866 0.9228017926832941
vn 0.28085342051475964 0.26373890044067866 0.9228017926832941
vn 0.28085342051475964 0.26373890044067866 0.9228017926832941
vn 0.3376190688330578 0.1856076582629331 0.9228017997134863
vn 0.3376190688330578 0.1856076582629331 0.9228017997134863
vn 0.3376190688330578 0.1856076582629331 0.9228017997134863
vn 0.3376190688330578 0.1856076582629331 0.9228017997134863
vn 0.3731709119498865 0.09581400445933638 0.9228017918404562
vn 0.3731709119498865 0.09581400445933638 0.9228017918404562
vn 0.3731709119498865 0.09581400445933638 0.9228017918404562
vn 0.3731709119498865 0.09581400445933638 0.9228017918404562
vn 0.3852750357296221 0 0.9228017917427005
vn 0.3852750357296221 0 0.9228017917427005
vn 0.3852750357296221 0 0.9228017917427005
vn 0.3852750357296221 0 0.9228017917427005
vn 0.3731709119498865 -0.09581400445933638 0.9228017918404562
vn 0.3731709119498865 -0.09581400445933638 0.9228017918404562
vn 0.3731709119498865 -0.09581400445933638 0.9228017918404562
vn 0.3731709119498865 -0.09581400445933638 0.9228017918404562
vn 0.3376190688330578 -0.1856076582629331 0.9228017997134863
vn 0.3376190688330578 -0.1856076582629331 0.9228017997134863
vn 0.3376190688330578 -0.1856076582629331 0.9228017997134863
vn 0.3376190688330578 -0.1856076582629331 0.9228017997134863
vn 0.28085342051475964 -0.26373890044067866 0.9228017926832941
vn 0.28085342051475964 -0.26373890044067866 0.9228017926832941
vn 0.28085342051475964 -0.26373890044067866 0.9228017926832941
vn 0.28085342051475964 -0.26373890044067866 0.9228017926832941
vn 0.20644068792422055 -0.3252984595111725 0.922801795950264
vn 0.20644068792422055 -0.3252984595111725 0.922801795950264
vn 0.20644068792422055 -0.3252984595111725 0.922801795950264
vn 0.20644068792422055 -0.3252984595111725 0.922801795950264
vn 0.11905653030893816 -0.36641833189884565 0.9228017927156754
vn 0.11905653030893816 -0.36641833189884565 0.9228017927156754
vn 0.11905653030893816 -0.36641833189884565 0.9228017927156754
vn 0.11905653030893816 -0.36641833189884565 0.9228017927156754
vn 0.024191619851427773 -0.3845147792193785 0.9228017935021782
vn 0.024191619851427773 -0.3845147792193785 0.9228017935021782
vn 0.024191619851427773 -0.3845147792193785 0.9228017935021782
vn 0.024191619851427773 -0.3845147792193785 0.9228017935021782
vn -0.07219333954313674 -0.37845075170349424 0.9228017935941986
vn -0.07219333954313674 -0.37845075170349424 0.9228017935941986
vn -0.07219333954313674 -0.37845075170349424 0.9228017935941986
vn -0.07219333954313674 -0.37845075170349424 0.9228017935941986
vn -0.1640421301991073 -0.34860727209344905 0.9228017931079802
vn -0.1640421301991073 -0.34860727209344905 0.9228017931079802
vn -0.1640421301991073 -0.34860727209344905 0.9228017931079802
vn -0.1640421301991073 -0.34860727209344905 0.9228017931079802
vn -0.24558355006614838 -0.29685950390960225 0.9228017960946179
vn -0.24558355006614838 -0.29685950390960225 0.9228017960946179
vn -0.24558355006614838 -0.29685950390960225 0.9228017960946179
vn -0.24558355006614838 -0.29685950390960225 0.9228017960946179
vn -0.31169405528973476 -0.22645898126560318 0.9228017911237414
vn -0.31169405528973476 -0.22645898126560318 0.9228017911237414
vn -0.31169405528973476 -0.22645898126560318 0.9228017911237414
vn -0.31169405528973476 -0.22645898126560318 0.9228017911237414
vn -0.35821965544402085 -0.14182919346035353 0.9228017979696141
vn -0.35821965544402085 -0.14182919346035353 0.9228017979696141
vn -0.35821965544402085 -0.14182919346035353 0.9228017979696141
vn -0.35821965544402085 -0.14182919346035353 0.9228017979696141
vn -0.6069691688494334 0.07667803652244921 0.791017639993755
vn -0.6069691688494334 0.07667803652244921 0.791017639993755
vn -0.6069691688494334 0.07667803652244921 0.791017639993755
vn -0.6069691688494334 0.07667803652244921 0.791017639993755
vn -0.568831073642928 0.22521614532844822 0.7910176341533917
vn -0.568831073642928 0.22521614532844822 0.7910176341533917
vn -0.568831073642928 0.22521614532844822 0.7910176341533917
vn -0.568831073642928 0.22521614532844822 0.7910176341533917
vn -0.49495121139145176 0.35960310190779693 0.7910176404103925
vn -0.49495121139145176 0.35960310190779693 0.7910176404103925
vn -0.49495121139145176 0.35960310190779693 0.7910176404103925
vn -0.49495121139145176 0.35960310190779693 0.7910176404103925
vn -0.3899717587447502 0.4713948616874447 0.7910176431383823
vn -0.3899717587447502 0.4713948616874447 0.7910176431383823
vn -0.3899717587447502 0.4713948616874447 0.7910176431383823
vn -0.3899717587447502 0.4713948616874447 0.7910176431383823
vn -0.2604889248543099 0.5535671657626962 0.791017643935773
vn -0.2604889248543099 0.5535671657626962 0.791017643935773
vn -0.2604889248543099 0.5535671657626962 0.791017643935773
vn -0.2604889248543099 0.5535671657626962 0.791017643935773
vn -0.11463864057229188 0.60095679285908 0.7910176453178943
vn -0.11463864057229188 0.60095679285908 0.7910176453178943
vn -0.11463864057229188 0.60095679285908 0.7910176453178943
vn -0.11463864057229188 0.60095679285908 0.7910176453178943
vn 0.038414820695648964 0.6105861014833469 0.791017644699718
vn 0.038414820695648964 0.6105861014833469 0.791017644699718
vn 0.038414820695648964 0.6105861014833469 0.791017644699718
vn 0.038414820695648964 0.6105861014833469 0.791017644699718
vn 0.18905454587164833 0.5818500430508134 0.7910176395549163
vn 0.18905454587164833 0.5818500430508134 0.7910176395549163
vn 0.18905454587164833 0.5818500430508134 0.7910176395549163
vn 0.18905454587164833 0.5818500430508134 0.7910176395549163
vn 0.3278152559653601 0.5165542230212404 0.7910176310521077
vn 0.3278152559653601 0.5165542230212404 0.7910176310521077
vn 0.3278152559653601 0.5165542230212404 0.7910176310521077
vn 0.3278152559653601 0.5165542230212404 0.7910176310521077
vn 0.44597815716276346 0.4188013602304254 0.7910176382375118
vn 0.44597815716276346 0.4188013602304254 0.7910176382375118
vn 0.44597815716276346 0.4188013602304254 0.7910176382375118
vn 0.44597815716276346 0.4188013602304254 0.7910176382375118
vn 0.5361186098080396 0.2947336939079857 0.7910176267902307
vn 0.5361186098080396 0.2947336939079857 0.7910176267902307
vn 0.5361186098080396 0.2947336939079857 0.7910176267902307
vn 0.5361186098080396 0.2947336939079857 0.7910176267902307
vn 0.5925727364457358 0.15214681311730485 0.7910176352518701
vn 0.5925727364457358 0.15214681311730485 0.7910176352518701
vn 0.5925727364457358 0.15214681311730485 0.7910176352518701
vn 0.5925727364457358 0.15214681311730485 0.7910176352518701
vn 0.6117933346548754 0 0.791017645613464
vn 0.6117933346548754 0 0.791017645613464
vn 0.6117933346548754 0 0.791017645613464
vn 0.6117933346548754 0 0.791017645613464
vn 0.5925727364457358 -0.15214681311730485 0.7910176352518701
vn 0.5925727364457358 -0.15214681311730485 0.7910176352518701
vn 0.5925727364457358 -0.15214681311730485 0.7910176352518701
vn 0.5925727364457358 -0.15214681311730485 0.7910176352518701
vn 0.5361186098080396 -0.2947336939079857 0.7910176267902307
vn 0.5361186098080396 -0.2947336939079857 0.7910176267902307
vn 0.5361186098080396 -0.2947336939079857 0.7910176267902307
vn 0.5361186098080396 -0.2947336939079857 0.7910176267902307
vn 0.44597815716276346 -0.4188013602304254 0.7910176382375118
vn 0.44597815716276346 -0.4188013602304254 0.7910176382375118
vn 0.44597815716276346 -0.4188013602304254 0.7910176382375118
vn 0.44597815716276346 -0.4188013602304254 0.7910176382375118
vn 0.3278152559653601 -0.5165542230212404 0.7910176310521077
vn 0.3278152559653601 -0.5165542230212404 0.7910176310521077
vn 0.3278152559653601 -0.5165542230212404 0.7910176310521077
vn 0.3278152559653601 -0.5165542230212404 0.7910176310521077
vn 0.18905454587164833 -0.5818500430508134 0.7910176395549163
vn 0.18905454587164833 -0.5818500430508134 0.7910176395549163
vn 0.18905454587164833 -0.5818500430508134 0.7910176395549163
vn 0.18905454587164833 -0.5818500430508134 0.7910176395549163
vn 0.038414820695648964 -0.6105861014833469 0.791017644699718
vn 0.038414820695648964 -0.6105861014833469 0.791017644699718
vn 0.038414820695648964 -0.6105861014833469 0.791017644699718
vn 0.038414820695648964 -0.6105861014833469 0.791017644699718
vn -0.11463864057229188 -0.60095679285908 0.7910176453178943
vn -0.11463864057229188 -0.60095679285908 0.7910176453178943
vn -0.11463864057229188 -0.60095679285908 0.7910176453178943
vn -0.11463864057229188 -0.60095679285908 0.7910176453178943
vn -0.2604889248543099 -0.5535671657626962 0.791017643935773
vn -0.2604889248543099 -0.5535671657626962 0.791017643935773
vn -0.2604889248543099 -0.5535671657626962 0.791017643935773
vn -0.2604889248543099 -0.5535671657626962 0.791017643935773
vn -0.3899717587447502 -0.4713948616874447 0.7910176431383823
vn -0.3899717587447502 -0.4713948616874447 0.7910176431383823
vn -0.3899717587447502 -0.4713948616874447 0.7910176431383823
vn -0.3899717587447502 -0.4713948616874447 0.7910176431383823
vn -0.49495121139145176 -0.35960310190779693 0.7910176404103925
vn -0.49495121139145176 -0.35960310190779693 0.7910176404103925
vn -0.49495121139145176 -0.35960310190779693 0.7910176404103925
vn -0.49495121139145176 -0.35960310190779693 0.7910176404103925
vn -0.568831073642928 -0.22521614532844822 0.7910176341533917
vn -0.568831073642928 -0.22521614532844822 0.7910176341533917
vn -0.568831073642928 -0.22521614532844822 0.7910176341533917
vn -0.568831073642928 -0.22521614532844822 0.7910176341533917
vn -0.9176505749223259 0.11592622777087673 0.38010331761185606
vn -0.9176505749223259 0.11592622777087673 0.38010331761185606
vn -0.9176505749223259 0.11592622777087673 0.38010331761185606
vn -0.7893985520185044 0.0997242332807607 0.6057268389031917
vn -0.7893985520185044 0.0997242332807607 0.6057268389031917
vn -0.7893985520185044 0.0997242332807607 0.6057268389031917
vn -0.7893985520185044 0.0997242332807607 0.6057268389031917
vn -0.739797754236896 0.29290663533226036 0.6057268244055066
vn -0.739797754236896 0.29290663533226036 0.6057268244055066
vn -0.739797754236896 0.29290663533226036 0.6057268244055066
vn -0.739797754236896 0.29290663533226036 0.6057268244055066
vn -0.6437127059760306 0.46768466114971025 0.6057268442873378
vn -0.6437127059760306 0.46768466114971025 0.6057268442873378
vn -0.6437127059760306 0.46768466114971025 0.6057268442873378
vn -0.6437127059760306 0.46768466114971025 0.6057268442873378
vn -0.5071808639141248 0.6130763223832236 0.6057268313459324
vn -0.5071808639141248 0.6130763223832236 0.6057268313459324
vn -0.5071808639141248 0.6130763223832236 0.6057268313459324
vn -0.5071808639141248 0.6130763223832236 0.6057268313459324
vn -0.3387809428672772 0.7199461529992761 0.6057268439911684
vn -0.3387809428672772 0.7199461529992761 0.6057268439911684
vn -0.3387809428672772 0.7199461529992761 0.6057268439911684
vn -0.3387809428672772 0.7199461529992761 0.6057268439911684
vn -0.1490941920639721 0.781579125788277 0.6057268295402011
vn -0.1490941920639721 0.781579125788277 0.6057268295402011
vn -0.1490941920639721 0.781579125788277 0.6057268295402011
vn -0.1490941920639721 0.781579125788277 0.6057268295402011
vn 0.04996070195600373 0.7941025980044263 0.6057268296044709
vn 0.04996070195600373 0.7941025980044263 0.6057268296044709
vn 0.04996070195600373 0.7941025980044263 0.6057268296044709
vn 0.04996070195600373 0.7941025980044263 0.6057268296044709
vn 0.2458763889794952 0.7567296692441435 0.6057268435755948
vn 0.2458763889794952 0.7567296692441435 0.6057268435755948
vn 0.2458763889794952 0.7567296692441435 0.6057268435755948
vn 0.2458763889794952 0.7567296692441435 0.6057268435755948
vn 0.4263427505858068 0.671808652198426 0.6057268310503198
vn 0.4263427505858068 0.671808652198426 0.6057268310503198
vn 0.4263427505858068 0.671808652198426 0.6057268310503198
vn 0.4263427505858068 0.671808652198426 0.6057268310503198
vn 0.5800204274147518 0.5446754095223655 0.6057268378099587
vn 0.5800204274147518 0.5446754095223655 0.6057268378099587
vn 0.5800204274147518 0.5446754095223655 0.6057268378099587
vn 0.5800204274147518 0.5446754095223655 0.6057268378099587
vn 0.697253277885432 0.383318240488911 0.6057268303340257
vn 0.697253277885432 0.383318240488911 0.6057268303340257
vn 0.697253277885432 0.383318240488911 0.6057268303340257
vn 0.697253277885432 0.383318240488911 0.6057268303340257
vn 0.7706751620233468 0.1978757478280028 0.605726822141629
vn 0.7706751620233468 0.1978757478280028 0.605726822141629
vn 0.7706751620233468 0.1978757478280028 0.605726822141629
vn 0.7706751620233468 0.1978757478280028 0.605726822141629
vn 0.7956726644580097 0 0.6057268452316535
vn 0.7956726644580097 0 0.6057268452316535
vn 0.7956726644580097 0 0.6057268452316535
vn 0.7956726644580097 0 0.6057268452316535
vn 0.7706751620233468 -0.1978757478280028 0.605726822141629
vn 0.7706751620233468 -0.1978757478280028 0.605726822141629
vn 0.7706751620233468 -0.1978757478280028 0.605726822141629
vn 0.7706751620233468 -0.1978757478280028 0.605726822141629
vn 0.697253277885432 -0.383318240488911 0.6057268303340257
vn 0.697253277885432 -0.383318240488911 0.6057268303340257
vn 0.697253277885432 -0.383318240488911 0.6057268303340257
vn 0.697253277885432 -0.383318240488911 0.6057268303340257
vn 0.5800204274147518 -0.5446754095223655 0.6057268378099587
vn 0.5800204274147518 -0.5446754095223655 0.6057268378099587
vn 0.5800204274147518 -0.5446754095223655 0.6057268378099587
vn 0.5800204274147518 -0.5446754095223655 0.6057268378099587
vn 0.4263427505858068 -0.671808652198426 0.6057268310503198
vn 0.4263427505858068 -0.671808652198426 0.6057268310503198
vn 0.4263427505858068 -0.671808652198426 0.6057268310503198
vn 0.4263427505858068 -0.671808652198426 0.6057268310503198
vn 0.2458763889794952 -0.7567296692441435 0.6057268435755948
vn 0.2458763889794952 -0.7567296692441435 0.6057268435755948
vn 0.2458763889794952 -0.7567296692441435 0.6057268435755948
vn 0.2458763889794952 -0.7567296692441435 0.6057268435755948
vn 0.04996070195600373 -0.7941025980044263 0.6057268296044709
vn 0.04996070195600373 -0.7941025980044263 0.6057268296044709
vn 0.04996070195600373 -0.7941025980044263 0.6057268296044709
vn 0.04996070195600373 -0.7941025980044263 0.6057268296044709
vn -0.1490941920639721 -0.781579125788277 0.6057268295402011
vn -0.1490941920639721 -0.781579125788277 0.6057268295402011
vn -0.1490941920639721 -0.781579125788277 0.6057268295402011
vn -0.1490941920639721 -0.781579125788277 0.6057268295402011
vn -0.3387809428672772 -0.7199461529992761 0.6057268439911684
vn -0.3387809428672772 -0.7199461529992761 0.6057268439911684
vn -0.3387809428672772 -0.7199461529992761 0.6057268439911684
vn -0.3387809428672772 -0.7199461529992761 0.6057268439911684
vn -0.5071808639141248 -0.6130763223832236 0.6057268313459324
vn -0.5071808639141248 -0.6130763223832236 0.6057268313459324
vn -0.5071808639141248 -0.6130763223832236 0.6057268313459324
vn -0.5071808639141248 -0.6130763223832236 0.6057268313459324
vn -0.6437127059760306 -0.46768466114971025 0.6057268442873378
vn -0.6437127059760306 -0.46768466114971025 0.6057268442873378
vn -0.6437127059760306 -0.46768466114971025 0.6057268442873378
vn -0.6437127059760306 -0.46768466114971025 0.6057268442873378
vn -0.739797754236896 -0.29290663533226036 0.6057268244055066
vn -0.739797754236896 -0.29290663533226036 0.6057268244055066
vn -0.739797754236896 -0.29290663533226036 0.6057268244055066
vn -0.739797754236896 -0.29290663533226036 0.6057268244055066
vn -0.8599912099628843 0.34049460970688833 0.3801033274612684
vn -0.8599912099628843 0.34049460970688833 0.3801033274612684
vn -0.8599912099628843 0.34049460970688833 0.3801033274612684
vn -0.9176505749223259 0.11592622777087673 0.38010331761185606
vn -0.8599912099628843 0.34049460970688833 0.3801033274612684
vn -0.7482954408604982 0.5436684594539162 0.38010332724457757
vn -0.7482954408604982 0.5436684594539162 0.38010332724457757
vn -0.7482954408604982 0.5436684594539162 0.38010332724457757
vn -0.7482954408604982 0.5436684594539162 0.38010332724457757
vn -0.5895814888383185 0.7126816502394422 0.3801033194161518
vn -0.5895814888383185 0.7126816502394422 0.3801033194161518
vn -0.5895814888383185 0.7126816502394422 0.3801033194161518
vn -0.5895814888383185 0.7126816502394422 0.3801033194161518
vn -0.3938220222853077 0.8369143774252502 0.38010332755977877
vn -0.3938220222853077 0.8369143774252502 0.38010332755977877
vn -0.3938220222853077 0.8369143774252502 0.38010332755977877
vn -0.3938220222853077 0.8369143774252502 0.38010332755977877
vn -0.1733172207108462 0.9085607367412754 0.3801033131363354
vn -0.1733172207108462 0.9085607367412754 0.3801033131363354
vn -0.1733172207108462 0.9085607367412754 0.3801033131363354
vn -0.1733172207108462 0.9085607367412754 0.3801033131363354
vn 0.0580777142150307 0.9231188714942312 0.3801033125385442
vn 0.0580777142150307 0.9231188714942312 0.3801033125385442
vn 0.0580777142150307 0.9231188714942312 0.3801033125385442
vn 0.0580777142150307 0.9231188714942312 0.3801033125385442
vn 0.28582342725227405 0.8796740544468178 0.3801033101235254
vn 0.28582342725227405 0.8796740544468178 0.3801033101235254
vn 0.28582342725227405 0.8796740544468178 0.3801033101235254
vn 0.28582342725227405 0.8796740544468178 0.3801033101235254
vn 0.4956097872275705 0.7809560849912724 0.38010331769052835
vn 0.4956097872275705 0.7809560849912724 0.38010331769052835
vn 0.4956097872275705 0.7809560849912724 0.38010331769052835
vn 0.4956097872275705 0.7809560849912724 0.38010331769052835
vn 0.674255195737707 0.6331677469300373 0.3801033218326915
vn 0.674255195737707 0.6331677469300373 0.3801033218326915
vn 0.674255195737707 0.6331677469300373 0.3801033218326915
vn 0.674255195737707 0.6331677469300373 0.3801033218326915
vn 0.8105346469499752 0.4455951700262645 0.38010331561687705
vn 0.8105346469499752 0.4455951700262645 0.38010331561687705
vn 0.8105346469499752 0.4455951700262645 0.38010331561687705
vn 0.8105346469499752 0.4455951700262645 0.38010331561687705
vn 0.8958852176863171 0.23002423052713877 0.3801033150362384
vn 0.8958852176863171 0.23002423052713877 0.3801033150362384
vn 0.8958852176863171 0.23002423052713877 0.3801033150362384
vn 0.8958852176863171 0.23002423052713877 0.3801033150362384
vn 0.9249440354072715 0 0.3801033166975949
vn 0.9249440354072715 0 0.3801033166975949
vn 0.9249440354072715 0 0.3801033166975949
vn 0.9249440354072715 0 0.3801033166975949
vn 0.8958852176863171 -0.23002423052713877 0.3801033150362384
vn 0.8958852176863171 -0.23002423052713877 0.3801033150362384
vn 0.8958852176863171 -0.23002423052713877 0.3801033150362384
vn 0.8958852176863171 -0.23002423052713877 0.3801033150362384
vn 0.8105346469499752 -0.4455951700262645 0.38010331561687705
vn 0.8105346469499752 -0.4455951700262645 0.38010331561687705
vn 0.8105346469499752 -0.4455951700262645 0.38010331561687705
vn 0.8105346469499752 -0.4455951700262645 0.38010331561687705
vn 0.674255195737707 -0.6331677469300373 0.3801033218326915
vn 0.674255195737707 -0.6331677469300373 0.3801033218326915
vn 0.674255195737707 -0.6331677469300373 0.3801033218326915
vn 0.674255195737707 -0.6331677469300373 0.3801033218326915
vn 0.4956097872275705 -0.7809560849912724 0.38010331769052835
vn 0.4956097872275705 -0.7809560849912724 0.38010331769052835
vn 0.4956097872275705 -0.7809560849912724 0.38010331769052835
vn 0.4956097872275705 -0.7809560849912724 0.38010331769052835
vn 0.28582342725227405 -0.8796740544468178 0.3801033101235254
vn 0.28582342725227405 -0.8796740544468178 0.3801033101235254
vn 0.28582342725227405 -0.8796740544468178 0.3801033101235254
vn 0.28582342725227405 -0.8796740544468178 0.3801033101235254
vn 0.0580777142150307 -0.9231188714942312 0.3801033125385442
vn 0.0580777142150307 -0.9231188714942312 0.3801033125385442
vn 0.0580777142150307 -0.9231188714942312 0.3801033125385442
vn 0.0580777142150307 -0.9231188714942312 0.3801033125385442
vn -0.1733172207108462 -0.9085607367412754 0.3801033131363354
vn -0.1733172207108462 -0.9085607367412754 0.3801033131363354
vn -0.1733172207108462 -0.9085607367412754 0.3801033131363354
vn -0.1733172207108462 -0.9085607367412754 0.3801033131363354
vn -0.3938220222853077 -0.8369143774252502 0.38010332755977877
vn -0.3938220222853077 -0.8369143774252502 0.38010332755977877
vn -0.3938220222853077 -0.8369143774252502 0.38010332755977877
vn -0.3938220222853077 -0.8369143774252502 0.38010332755977877
vn -0.5895814888383185 -0.7126816502394422 0.3801033194161518
vn -0.5895814888383185 -0.7126816502394422 0.3801033194161518
vn -0.5895814888383185 -0.7126816502394422 0.3801033194161518
vn -0.5895814888383185 -0.7126816502394422 0.3801033194161518
vn -0.7482954408604982 -0.5436684594539162 0.38010332724457757
vn -0.7482954408604982 -0.5436684594539162 0.38010332724457757
vn -0.7482954408604982 -0.5436684594539162 0.38010332724457757
vn -0.7482954408604982 -0.5436684594539162 0.38010332724457757
vn -0.8599912099628843 -0.34049460970688833 0.3801033274612684
vn -0.8599912099628843 -0.34049460970688833 0.3801033274612684
vn -0.8599912099628843 -0.34049460970688833 0.3801033274612684
vn -0.8599912099628843 -0.34049460970688833 0.3801033274612684
vn 0 0 1
vn 0 0 1
vn 0 0 1
vn 0 0 1
vn 0 0 1
vn 0 0 1
vn 0 0 1
vn 0 0 1
vn 0 0 1
vn 0 0 1
vn 0 0 1
vn 0 0 1
vn 0 0 1
vn 0 0 1
vn 0 0 1
vn 0 0 1
vn 0 0 1
vn 0 0 1
vn 0 0 1
vn 0 0 1
vn 0 0 1
vn 0 0 1
vn 0 0 1
vn 0 0 1
vn -0.12840345553716692 0.01690463542309486 0.9915779272993762
vn -0.12840345553716692 0.01690463542309486 0.9915779272993762
vn -0.12840345553716692 0.01690463542309486 0.9915779272993762
vn -0.13050845054376425 0.016487050534945365 0.9913101036009487
vn -0.13050845054376425 0.016487050534945365 0.9913101036009487
vn -0.13050845054376425 0.016487050534945365 0.9913101036009487
vn -0.13050845054376425 -0.016487050534945365 0.9913101036009487
vn -0.13050845054376425 -0.016487050534945365 0.9913101036009487
vn -0.13050845054376425 -0.016487050534945365 0.9913101036009487
vn -0.3822370183167696 -0.04828776433843184 0.9228017954271122
vn -0.3822370183167696 -0.04828776433843184 0.9228017954271122
vn -0.3822370183167696 -0.04828776433843184 0.9228017954271122
vn -0.3822370183167696 -0.04828776433843184 0.9228017954271122
vn -0.6069691688494334 -0.07667803652244921 0.791017639993755
vn -0.6069691688494334 -0.07667803652244921 0.791017639993755
vn -0.6069691688494334 -0.07667803652244921 0.791017639993755
vn -0.6069691688494334 -0.07667803652244921 0.791017639993755
vn -0.7893985520185044 -0.0997242332807607 0.6057268389031917
vn -0.7893985520185044 -0.0997242332807607 0.6057268389031917
vn -0.7893985520185044 -0.0997242332807607 0.6057268389031917
vn -0.7893985520185044 -0.0997242332807607 0.6057268389031917
vn -0.9176505749223259 -0.11592622777087673 0.38010331761185606
vn -0.9176505749223259 -0.11592622777087673 0.38010331761185606
vn -0.9176505749223259 -0.11592622777087673 0.38010331761185606
vn -0.9176505749223259 -0.11592622777087673 0.38010331761185606
vn -0.9768945749752314 -0.12341048789553323 0.17449023142098316
vn -0.9768945749752314 -0.12341048789553323 0.17449023142098316
vn -0.9768945749752314 -0.12341048789553323 0.17449023142098316
vn -0.9400709352837912 -0.32894504355137194 0.0897874988940224
vn -0.9400709352837912 -0.32894504355137194 0.0897874988940224
vn -0.9400709352837912 -0.32894504355137194 0.0897874988940224
vn -0.12410038866550072 0.04913482132094072 0.9910524016755273
vn -0.12410038866550072 0.04913482132094072 0.9910524016755273
vn -0.12410038866550072 0.04913482132094072 0.9910524016755273
vn -0.11790972313010148 0.04883980424069517 0.9918225500124068
vn -0.11790972313010148 0.04883980424069517 0.9918225500124068
vn -0.11790972313010148 0.04883980424069517 0.9918225500124068
vn -0.10944676860079634 0.07951772751550046 0.9908069114886183
vn -0.10944676860079634 0.07951772751550046 0.9908069114886183
vn -0.10944676860079634 0.07951772751550046 0.9908069114886183
vn -0.09992704486109377 0.0766767184733813 0.9920359199895349
vn -0.09992704486109377 0.0766767184733813 0.9920359199895349
vn -0.09992704486109377 0.0766767184733813 0.9920359199895349
vn -0.08730450808515539 0.1055330236311929 0.9905759454939672
vn -0.08730450808515539 0.1055330236311929 0.9905759454939672
vn -0.08730450808515539 0.1055330236311929 0.9905759454939672
vn -0.07578413068868746 0.09876379959896371 0.9922209821529353
vn -0.07578413068868746 0.09876379959896371 0.9922209821529353
vn -0.07578413068868746 0.09876379959896371 0.9922209821529353
vn -0.05897236550669103 0.1253226534673168 0.9903617988565877
vn -0.05897236550669103 0.1253226534673168 0.9903617988565877
vn -0.05897236550669103 0.1253226534673168 0.9903617988565877
vn -0.04715175492589304 0.11383440941947912 0.99238018885885
vn -0.04715175492589304 0.11383440941947912 0.99238018885885
vn -0.04715175492589304 0.11383440941947912 0.99238018885885
vn -0.026213239192570348 0.13741461573126226 0.9901666978213631
vn -0.026213239192570348 0.13741461573126226 0.9901666978213631
vn -0.026213239192570348 0.13741461573126226 0.9901666978213631
vn -0.015939615773275212 0.12107341072322637 0.9925155705906308
vn -0.015939615773275212 0.12107341072322637 0.9925155705906308
vn -0.015939615773275212 0.12107341072322637 0.9925155705906308
vn 0.008860883479151845 0.14083971363170827 0.9899927574523499
vn 0.008860883479151845 0.14083971363170827 0.9899927574523499
vn 0.008860883479151845 0.14083971363170827 0.9899927574523499
vn 0.01581903525461131 0.12015750095188127 0.9926287992440135
vn 0.01581903525461131 0.12015750095188127 0.9926287992440135
vn 0.01581903525461131 0.12015750095188127 0.9926287992440135
vn 0.04393364088343503 0.1352138510606198 0.9898419316638803
vn 0.04393364088343503 0.1352138510606198 0.9898419316638803
vn 0.04393364088343503 0.1352138510606198 0.9898419316638803
vn 0.046088436106029786 0.11126732407148628 0.9927212290725282
vn 0.046088436106029786 0.11126732407148628 0.9927212290725282
vn 0.046088436106029786 0.11126732407148628 0.9927212290725282
vn 0.07664814408997399 0.12077814798216732 0.9897159698507245
vn 0.07664814408997399 0.12077814798216732 0.9897159698507245
vn 0.07664814408997399 0.12077814798216732 0.9897159698507245
vn 0.07295031289057963 0.09507069982437602 0.9927939433155655
vn 0.07295031289057963 0.09507069982437602 0.9927939433155655
vn 0.07295031289057963 0.09507069982437602 0.9927939433155655
vn 0.10477754170661745 0.09839266254061069 0.9896163654225246
vn 0.10477754170661745 0.09839266254061069 0.9896163654225246
vn 0.10477754170661745 0.09839266254061069 0.9896163654225246
vn 0.09471618914905947 0.0726782886633322 0.992847777793781
vn 0.09471618914905947 0.0726782886633322 0.992847777793781
vn 0.09471618914905947 0.0726782886633322 0.992847777793781
vn 0.12638889199091163 0.0694828850039799 0.9895443277957959
vn 0.12638889199091163 0.0694828850039799 0.9895443277957959
vn 0.12638889199091163 0.0694828850039799 0.9895443277957959
vn 0.11002580193287517 0.04557417754048266 0.9928833351660892
vn 0.11002580193287517 0.04557417754048266 0.9928833351660892
vn 0.11002580193287517 0.04557417754048266 0.9928833351660892
vn 0.13998716828300004 0.03594259855774102 0.9895007439739619
vn 0.13998716828300004 0.03594259855774102 0.9895007439739619
vn 0.13998716828300004 0.03594259855774102 0.9895007439739619
vn 0.11792598537830681 0.01552524959721685 0.9929010165154931
vn 0.11792598537830681 0.01552524959721685 0.9929010165154931
vn 0.11792598537830681 0.01552524959721685 0.9929010165154931
vn 0.1446276301155272 0 0.9894861538228649
vn 0.1446276301155272 0 0.9894861538228649
vn 0.1446276301155272 0 0.9894861538228649
vn 0.11792598537830681 -0.01552524959721685 0.9929010165154931
vn 0.11792598537830681 -0.01552524959721685 0.9929010165154931
vn 0.11792598537830681 -0.01552524959721685 0.9929010165154931
vn 0.13998716828300004 -0.03594259855774102 0.9895007439739619
vn 0.13998716828300004 -0.03594259855774102 0.9895007439739619
vn 0.13998716828300004 -0.03594259855774102 0.9895007439739619
vn 0.11002580193287517 -0.04557417754048266 0.9928833351660892
vn 0.11002580193287517 -0.04557417754048266 0.9928833351660892
vn 0.11002580193287517 -0.04557417754048266 0.9928833351660892
vn 0.12638889199091163 -0.0694828850039799 0.9895443277957959
vn 0.12638889199091163 -0.0694828850039799 0.9895443277957959
vn 0.12638889199091163 -0.0694828850039799 0.9895443277957959
vn 0.09471618914905947 -0.0726782886633322 0.992847777793781
vn 0.09471618914905947 -0.0726782886633322 0.992847777793781
vn 0.09471618914905947 -0.0726782886633322 0.992847777793781
vn 0.10477754170661745 -0.09839266254061069 0.9896163654225246
vn 0.10477754170661745 -0.09839266254061069 0.9896163654225246
vn 0.10477754170661745 -0.09839266254061069 0.9896163654225246
vn 0.07295031289057963 -0.09507069982437602 0.9927939433155655
vn 0.07295031289057963 -0.09507069982437602 0.9927939433155655
vn 0.07295031289057963 -0.09507069982437602 0.9927939433155655
vn 0.07664814408997399 -0.12077814798216732 0.9897159698507245
vn 0.07664814408997399 -0.12077814798216732 0.9897159698507245
vn 0.07664814408997399 -0.12077814798216732 0.9897159698507245
vn 0.046088436106029786 -0.11126732407148628 0.9927212290725282
vn 0.046088436106029786 -0.11126732407148628 0.9927212290725282
vn 0.046088436106029786 -0.11126732407148628 0.9927212290725282
vn 0.04393364088343503 -0.1352138510606198 0.9898419316638803
vn 0.04393364088343503 -0.1352138510606198 0.9898419316638803
vn 0.04393364088343503 -0.1352138510606198 0.9898419316638803
vn 0.01581903525461131 -0.12015750095188127 0.9926287992440135
vn 0.01581903525461131 -0.12015750095188127 0.9926287992440135
vn 0.01581903525461131 -0.12015750095188127 0.9926287992440135
vn 0.008860883479151845 -0.14083971363170827 0.9899927574523499
vn 0.008860883479151845 -0.14083971363170827 0.9899927574523499
vn 0.008860883479151845 -0.14083971363170827 0.9899927574523499
vn -0.015939615773275212 -0.12107341072322637 0.9925155705906308
vn -0.015939615773275212 -0.12107341072322637 0.9925155705906308
vn -0.015939615773275212 -0.12107341072322637 0.9925155705906308
vn -0.026213239192570348 -0.13741461573126226 0.9901666978213631
vn -0.026213239192570348 -0.13741461573126226 0.9901666978213631
vn -0.026213239192570348 -0.13741461573126226 0.9901666978213631
vn -0.04715175492589304 -0.11383440941947912 0.99238018885885
vn -0.04715175492589304 -0.11383440941947912 0.99238018885885
vn -0.04715175492589304 -0.11383440941947912 0.99238018885885
vn -0.05897236550669103 -0.1253226534673168 0.9903617988565877
vn -0.05897236550669103 -0.1253226534673168 0.9903617988565877
vn -0.05897236550669103 -0.1253226534673168 0.9903617988565877
vn -0.07578413068868746 -0.09876379959896371 0.9922209821529353
vn -0.07578413068868746 -0.09876379959896371 0.9922209821529353
vn -0.07578413068868746 -0.09876379959896371 0.9922209821529353
vn -0.08730450808515539 -0.1055330236311929 0.9905759454939672
vn -0.08730450808515539 -0.1055330236311929 0.9905759454939672
vn -0.08730450808515539 -0.1055330236311929 0.9905759454939672
vn -0.09992704486109377 -0.0766767184733813 0.9920359199895349
vn -0.09992704486109377 -0.0766767184733813 0.9920359199895349
vn -0.09992704486109377 -0.0766767184733813 0.9920359199895349
vn -0.10944676860079634 -0.07951772751550046 0.9908069114886183
vn -0.10944676860079634 -0.07951772751550046 0.9908069114886183
vn -0.10944676860079634 -0.07951772751550046 0.9908069114886183
vn -0.11790972313010148 -0.04883980424069517 0.9918225500124068
vn -0.11790972313010148 -0.04883980424069517 0.9918225500124068
vn -0.11790972313010148 -0.04883980424069517 0.9918225500124068
vn -0.12410038866550072 -0.04913482132094072 0.9910524016755273
vn -0.12410038866550072 -0.04913482132094072 0.9910524016755273
vn -0.12410038866550072 -0.04913482132094072 0.9910524016755273
vn -0.12840345553716692 -0.01690463542309486 0.9915779272993762
vn -0.12840345553716692 -0.01690463542309486 0.9915779272993762
vn -0.12840345553716692 -0.01690463542309486 0.9915779272993762
vn -0.9839593898059017 0.12265040887438637 0.12954071335199377
vn -0.9839593898059017 0.12265040887438637 0.12954071335199377
vn -0.9839593898059017 0.12265040887438637 0.12954071335199377
vn -0.9853160913353014 -0.1110184632480047 0.12971931611666598
vn -0.9853160913353014 -0.1110184632480047 0.12971931611666598
vn -0.9853160913353014 -0.1110184632480047 0.12971931611666598
vn -0.9094409916544528 -0.36007314817157793 0.20800098717163423
vn -0.9094409916544528 -0.36007314817157793 0.20800098717163423
vn -0.9094409916544528 -0.36007314817157793 0.20800098717163423
vn -0.8451763494111459 -0.5310595100031331 0.06043786256379971
vn -0.8451763494111459 -0.5310595100031331 0.06043786256379971
vn -0.8451763494111459 -0.5310595100031331 0.06043786256379971
vn -0.7872250623528122 -0.5719524583727772 0.2305365189399445
vn -0.7872250623528122 -0.5719524583727772 0.2305365189399445
vn -0.7872250623528122 -0.5719524583727772 0.2305365189399445
vn -0.7064828424771941 -0.7064828424771941 0.04199984012693997
vn -0.7064828424771941 -0.7064828424771941 0.04199984012693997
vn -0.7064828424771941 -0.7064828424771941 0.04199984012693997
vn -0.6183935492243976 -0.7475094306062178 0.2425264303790838
vn -0.6183935492243976 -0.7475094306062178 0.2425264303790838
vn -0.6183935492243976 -0.7475094306062178 0.2425264303790838
vn -0.5317133695107272 -0.8462169218160064 0.034609448360118755
vn -0.5317133695107272 -0.8462169218160064 0.034609448360118755
vn -0.5317133695107272 -0.8462169218160064 0.034609448360118755
vn -0.41288548755476967 -0.8774263272846156 0.2442306580969943
vn -0.41288548755476967 -0.8774263272846156 0.2442306580969943
vn -0.41288548755476967 -0.8774263272846156 0.2442306580969943
vn -0.3300366731302259 -0.9431905836786636 0.038305577257548615
vn -0.3300366731302259 -0.9431905836786636 0.038305577257548615
vn -0.3300366731302259 -0.9431905836786636 0.038305577257548615
vn -0.18210255923003754 -0.9546150472519498 0.235687864520065
vn -0.18210255923003754 -0.9546150472519498 0.235687864520065
vn -0.18210255923003754 -0.9546150472519498 0.235687864520065
vn -0.11180669538995514 -0.9923118704554175 0.05306990313961918
vn -0.11180669538995514 -0.9923118704554175 0.05306990313961918
vn -0.11180669538995514 -0.9923118704554175 0.05306990313961918
vn 0.06129838867812104 -0.9743099759474111 0.2167085100193829
vn 0.06129838867812104 -0.9743099759474111 0.2167085100193829
vn 0.06129838867812104 -0.9743099759474111 0.2167085100193829
vn 0.12356859566916384 -0.9913255073620847 0.04477209641792248
vn 0.12356859566916384 -0.9913255073620847 0.04477209641792248
vn 0.12356859566916384 -0.9913255073620847 0.04477209641792248
vn 0.3018824747327835 -0.9290987226051175 0.21364113626066797
vn 0.3018824747327835 -0.9290987226051175 0.21364113626066797
vn 0.3018824747327835 -0.9290987226051175 0.21364113626066797
vn 0.36308703843439455 -0.9305123351363281 0.0481102554563849
vn 0.36308703843439455 -0.9305123351363281 0.0481102554563849
vn 0.36308703843439455 -0.9305123351363281 0.0481102554563849
vn 0.5238313761938502 -0.8254261750000722 0.21040988317949108
vn 0.5238313761938502 -0.8254261750000722 0.21040988317949108
vn 0.5238313761938502 -0.8254261750000722 0.21040988317949108
vn 0.5803022997911113 -0.8127639913836768 0.05161332354365208
vn 0.5803022997911113 -0.8127639913836768 0.05161332354365208
vn 0.5803022997911113 -0.8127639913836768 0.05161332354365208
vn 0.7131777368706894 -0.6697184408698514 0.2070138294676398
vn 0.7131777368706894 -0.6697184408698514 0.2070138294676398
vn 0.7131777368706894 -0.6697184408698514 0.2070138294676398
vn 0.7619171884279661 -0.6453109506946638 0.05528087274611956
vn 0.7619171884279661 -0.6453109506946638 0.05528087274611956
vn 0.7619171884279661 -0.6453109506946638 0.05528087274611956
vn 0.8579786422721639 -0.47167775050589916 0.20345208055586203
vn 0.8579786422721639 -0.47167775050589916 0.20345208055586203
vn 0.8579786422721639 -0.47167775050589916 0.20345208055586203
vn 0.8968199968516526 -0.43842857494189585 0.05911241765839274
vn 0.8968199968516526 -0.43842857494189585 0.05911241765839274
vn 0.8968199968516526 -0.43842857494189585 0.05911241765839274
vn 0.9490683922695449 -0.24367935101864047 0.19972371086587448
vn 0.9490683922695449 -0.24367935101864047 0.19972371086587448
vn 0.9490683922695449 -0.24367935101864047 0.19972371086587448
vn 0.9767660062419953 -0.20480630136914782 0.06310743196765631
vn 0.9767660062419953 -0.20480630136914782 0.06310743196765631
vn 0.9767660062419953 -0.20480630136914782 0.06310743196765631
vn 0.980638308803199 0 0.19582774907454256
vn 0.980638308803199 0 0.19582774907454256
vn 0.980638308803199 0 0.19582774907454256
vn 0.9968828182268105 0.04123137982034083 0.06726529597261104
vn 0.9968828182268105 0.04123137982034083 0.06726529597261104
vn 0.9968828182268105 0.04123137982034083 0.06726529597261104
vn 0.9506074224468722 0.2440745094292006 0.19176329741587383
vn 0.9506074224468722 0.2440745094292006 0.19176329741587383
vn 0.9506074224468722 0.2440745094292006 0.19176329741587383
vn 0.9559686137270907 0.2846041903910055 0.07158536429036806
vn 0.9559686137270907 0.2846041903910055 0.07158536429036806
vn 0.9559686137270907 0.2846041903910055 0.07158536429036806
vn 0.8607601138068676 0.4732068892926328 0.18752937477946907
vn 0.8607601138068676 0.4732068892926328 0.18752937477946907
vn 0.8607601138068676 0.4732068892926328 0.18752937477946907
vn 0.856565042979509 0.5104019550994956 0.07606688751437528
vn 0.856565042979509 0.5104019550994956 0.07606688751437528
vn 0.856565042979509 0.5104019550994956 0.07606688751437528
vn 0.7166414810766374 0.6729711846888228 0.1831250178943498
vn 0.7166414810766374 0.6729711846888228 0.1831250178943498
vn 0.7166414810766374 0.6729711846888228 0.1831250178943498
vn 0.7047999885143981 0.7047999885143981 0.08070906008750688
vn 0.7047999885143981 0.7047999885143981 0.08070906008750688
vn 0.7047999885143981 0.7047999885143981 0.08070906008750688
vn 0.5272165709134778 0.8307603869070315 0.17854934024048746
vn 0.5272165709134778 0.8307603869070315 0.17854934024048746
vn 0.5272165709134778 0.8307603869070315 0.17854934024048746
vn 0.5100101225058935 0.8559074389319609 0.08551099883906789
vn 0.5100101225058935 0.8559074389319609 0.08551099883906789
vn 0.5100101225058935 0.8559074389319609 0.08551099883906789
vn 0.304313981911016 0.9365821308939384 0.17380135932619042
vn 0.304313981911016 0.9365821308939384 0.17380135932619042
vn 0.304313981911016 0.9365821308939384 0.17380135932619042
vn 0.284166072163667 0.9544969942408525 0.09047171611200765
vn 0.284166072163667 0.9544969942408525 0.09047171611200765
vn 0.284166072163667 0.9544969942408525 0.09047171611200765
vn 0.061888632790445736 0.9836916543196822 0.1688802130302312
vn 0.061888632790445736 0.9836916543196822 0.1688802130302312
vn 0.061888632790445736 0.9836916543196822 0.1688802130302312
vn 0.041135740058134196 0.9945704467394375 0.09559015306183753
vn 0.041135740058134196 0.9945704467394375 0.09559015306183753
vn 0.041135740058134196 0.9945704467394375 0.09559015306183753
vn -0.18485092875986367 0.969022499814104 0.16378500844289925
vn -0.18485092875986367 0.969022499814104 0.16378500844289925
vn -0.18485092875986367 0.969022499814104 0.16378500844289925
vn -0.20416876588879312 0.9737254936774167 0.1008651475888393
vn -0.20416876588879312 0.9737254936774167 0.1008651475888393
vn -0.20416876588879312 0.9737254936774167 0.1008651475888393
vn -0.42039599453016546 0.8933869480935064 0.15851488497665966
vn -0.42039599453016546 0.8933869480935064 0.15851488497665966
vn -0.42039599453016546 0.8933869480935064 0.15851488497665966
vn -0.43670835335948693 0.8933012331047432 0.10629544223338595
vn -0.43670835335948693 0.8933012331047432 0.10629544223338595
vn -0.43670835335948693 0.8933012331047432 0.10629544223338595
vn -0.6299122593128053 0.7614331271028044 0.15306906453585536
vn -0.6299122593128053 0.7614331271028044 0.15306906453585536
vn -0.6299122593128053 0.7614331271028044 0.15306906453585536
vn -0.6422415920002562 0.7582932649542433 0.11187967567887493
vn -0.6422415920002562 0.7582932649542433 0.11187967567887493
vn -0.6422415920002562 0.7582932649542433 0.11187967567887493
vn -0.8001744273772085 0.5813607662624504 0.1474467538547166
vn -0.8001744273772085 0.5813607662624504 0.1474467538547166
vn -0.8001744273772085 0.5813607662624504 0.1474467538547166
vn -0.8081998944096118 0.5770436014279096 0.11761637950302663
vn -0.8081998944096118 0.5770436014279096 0.11761637950302663
vn -0.8081998944096118 0.5770436014279096 0.11761637950302663
vn -0.9204017353903315 0.36441280780445107 0.1416472767071169
vn -0.9204017353903315 0.36441280780445107 0.1416472767071169
vn -0.9204017353903315 0.36441280780445107 0.1416472767071169
vn -0.924458902433564 0.36072497837217443 0.12350395819456408
vn -0.924458902433564 0.36072497837217443 0.12350395819456408
vn -0.924458902433564 0.36072497837217443 0.12350395819456408
vn -0.9829416928208243 0.12417441678702908 0.13566997726149013
vn -0.9829416928208243 0.12417441678702908 0.13566997726149013
vn -0.9829416928208243 0.12417441678702908 0.13566997726149013
vn -0.3822370183167696 0.04828776433843184 0.9228017954271122
vn -0.3822370183167696 0.04828776433843184 0.9228017954271122
vn -0.3822370183167696 0.04828776433843184 0.9228017954271122
vn -0.3822370183167696 0.04828776433843184 0.9228017954271122
vn -0.35821965544402085 0.14182919346035353 0.9228017979696141
vn -0.35821965544402085 0.14182919346035353 0.9228017979696141
vn -0.35821965544402085 0.14182919346035353 0.9228017979696141
vn -0.35821965544402085 0.14182919346035353 0.9228017979696141
vn -0.31169405528973476 0.22645898126560318 0.9228017911237414
vn -0.31169405528973476 0.22645898126560318 0.9228017911237414
vn -0.31169405528973476 0.22645898126560318 0.9228017911237414
vn -0.31169405528973476 0.22645898126560318 0.9228017911237414
vn -0.24558355006614838 0.29685950390960225 0.9228017960946179
vn -0.24558355006614838 0.29685950390960225 0.9228017960946179
vn -0.24558355006614838 0.29685950390960225 0.9228017960946179
vn -0.24558355006614838 0.29685950390960225 0.9228017960946179
vn -0.1640421301991073 0.34860727209344905 0.9228017931079802
vn -0.1640421301991073 0.34860727209344905 0.9228017931079802
vn -0.1640421301991073 0.34860727209344905 0.9228017931079802
vn -0.1640421301991073 0.34860727209344905 0.9228017931079802
vn -0.07219333954313674 0.37845075170349424 0.9228017935941986
vn -0.07219333954313674 0.37845075170349424 0.9228017935941986
vn -0.07219333954313674 0.37845075170349424 0.9228017935941986
vn -0.07219333954313674 0.37845075170349424 0.9228017935941986
vn 0.024191619851427773 0.3845147792193785 0.9228017935021782
vn 0.024191619851427773 0.3845147792193785 0.9228017935021782
vn 0.024191619851427773 0.3845147792193785 0.9228017935021782
vn 0.024191619851427773 0.3845147792193785 0.9228017935021782
vn 0.11905653030893816 0.36641833189884565 0.9228017927156754
vn 0.11905653030893816 0.36641833189884565 0.9228017927156754
vn 0.11905653030893816 0.36641833189884565 0.9228017927156754
vn 0.11905653030893816 0.36641833189884565 0.9228017927156754
vn 0.20644068792422055 0.3252984595111725 0.922801795950264
vn 0.20644068792422055 0.3252984595111725 0.922801795950264
vn 0.20644068792422055 0.3252984595111725 0.922801795950264
vn 0.20644068792422055 0.3252984595111725 0.922801795950264
vn 0.28085342051475964 0.26373890044067866 0.9228017926832941
vn 0.28085342051475964 0.26373890044067866 0.9228017926832941
vn 0.28085342051475964 0.26373890044067866 0.9228017926832941
vn 0.28085342051475964 0.26373890044067866 0.9228017926832941
vn 0.3376190688330578 0.1856076582629331 0.9228017997134863
vn 0.3376190688330578 0.1856076582629331 0.9228017997134863
vn 0.3376190688330578 0.1856076582629331 0.9228017997134863
vn 0.3376190688330578 0.1856076582629331 0.9228017997134863
vn 0.3731709119498865 0.09581400445933638 0.9228017918404562
vn 0.3731709119498865 0.09581400445933638 0.9228017918404562
vn 0.3731709119498865 0.09581400445933638 0.9228017918404562
vn 0.3731709119498865 0.09581400445933638 0.9228017918404562
vn 0.3852750357296221 0 0.9228017917427005
vn 0.3852750357296221 0 0.9228017917427005
vn 0.3852750357296221 0 0.9228017917427005
vn 0.3852750357296221 0 0.9228017917427005
vn 0.3731709119498865 -0.09581400445933638 0.9228017918404562
vn 0.3731709119498865 -0.09581400445933638 0.9228017918404562
vn 0.3731709119498865 -0.09581400445933638 0.9228017918404562
vn 0.3731709119498865 -0.09581400445933638 0.9228017918404562
vn 0.3376190688330578 -0.1856076582629331 0.9228017997134863
vn 0.3376190688330578 -0.1856076582629331 0.9228017997134863
vn 0.3376190688330578 -0.1856076582629331 0.9228017997134863
vn 0.3376190688330578 -0.1856076582629331 0.9228017997134863
vn 0.28085342051475964 -0.26373890044067866 0.9228017926832941
vn 0.28085342051475964 -0.26373890044067866 0.9228017926832941
vn 0.28085342051475964 -0.26373890044067866 0.9228017926832941
vn 0.28085342051475964 -0.26373890044067866 0.9228017926832941
vn 0.20644068792422055 -0.3252984595111725 0.922801795950264
vn 0.20644068792422055 -0.3252984595111725 0.922801795950264
vn 0.20644068792422055 -0.3252984595111725 0.922801795950264
vn 0.20644068792422055 -0.3252984595111725 0.922801795950264
vn 0.11905653030893816 -0.36641833189884565 0.9228017927156754
vn 0.11905653030893816 -0.36641833189884565 0.9228017927156754
vn 0.11905653030893816 -0.36641833189884565 0.9228017927156754
vn 0.11905653030893816 -0.36641833189884565 0.9228017927156754
vn 0.024191619851427773 -0.3845147792193785 0.9228017935021782
vn 0.024191619851427773 -0.3845147792193785 0.9228017935021782
vn 0.024191619851427773 -0.3845147792193785 0.9228017935021782
vn 0.024191619851427773 -0.3845147792193785 0.9228017935021782
vn -0.07219333954313674 -0.37845075170349424 0.9228017935941986
vn -0.07219333954313674 -0.37845075170349424 0.9228017935941986
vn -0.07219333954313674 -0.37845075170349424 0.9228017935941986
vn -0.07219333954313674 -0.37845075170349424 0.9228017935941986
vn -0.1640421301991073 -0.34860727209344905 0.9228017931079802
vn -0.1640421301991073 -0.34860727209344905 0.9228017931079802
vn -0.1640421301991073 -0.34860727209344905 0.9228017931079802
vn -0.1640421301991073 -0.34860727209344905 0.9228017931079802
vn -0.24558355006614838 -0.29685950390960225 0.9228017960946179
vn -0.24558355006614838 -0.29685950390960225 0.9228017960946179
vn -0.24558355006614838 -0.29685950390960225 0.9228017960946179
vn -0.24558355006614838 -0.29685950390960225 0.9228017960946179
vn -0.31169405528973476 -0.22645898126560318 0.9228017911237414
vn -0.31169405528973476 -0.22645898126560318 0.9228017911237414
vn -0.31169405528973476 -0.22645898126560318 0.9228017911237414
vn -0.31169405528973476 -0.22645898126560318 0.9228017911237414
vn -0.35821965544402085 -0.14182919346035353 0.9228017979696141
vn -0.35821965544402085 -0.14182919346035353 0.9228017979696141
vn -0.35821965544402085 -0.14182919346035353 0.9228017979696141
vn -0.35821965544402085 -0.14182919346035353 0.9228017979696141
vn -0.6069691688494334 0.07667803652244921 0.791017639993755
vn -0.6069691688494334 0.07667803652244921 0.791017639993755
vn -0.6069691688494334 0.07667803652244921 0.791017639993755
vn -0.6069691688494334 0.07667803652244921 0.791017639993755
vn -0.568831073642928 0.22521614532844822 0.7910176341533917
vn -0.568831073642928 0.22521614532844822 0.7910176341533917
vn -0.568831073642928 0.22521614532844822 0.7910176341533917
vn -0.568831073642928 0.22521614532844822 0.7910176341533917
vn -0.49495121139145176 0.35960310190779693 0.7910176404103925
vn -0.49495121139145176 0.35960310190779693 0.7910176404103925
vn -0.49495121139145176 0.35960310190779693 0.7910176404103925
vn -0.49495121139145176 0.35960310190779693 0.7910176404103925
vn -0.3899717587447502 0.4713948616874447 0.7910176431383823
vn -0.3899717587447502 0.4713948616874447 0.7910176431383823
vn -0.3899717587447502 0.4713948616874447 0.7910176431383823
vn -0.3899717587447502 0.4713948616874447 0.7910176431383823
vn -0.2604889248543099 0.5535671657626962 0.791017643935773
vn -0.2604889248543099 0.5535671657626962 0.791017643935773
vn -0.2604889248543099 0.5535671657626962 0.791017643935773
vn -0.2604889248543099 0.5535671657626962 0.791017643935773
vn -0.11463864057229188 0.60095679285908 0.7910176453178943
vn -0.11463864057229188 0.60095679285908 0.7910176453178943
vn -0.11463864057229188 0.60095679285908 0.7910176453178943
vn -0.11463864057229188 0.60095679285908 0.7910176453178943
vn 0.038414820695648964 0.6105861014833469 0.791017644699718
vn 0.038414820695648964 0.6105861014833469 0.791017644699718
vn 0.038414820695648964 0.6105861014833469 0.791017644699718
vn 0.038414820695648964 0.6105861014833469 0.791017644699718
vn 0.18905454587164833 0.5818500430508134 0.7910176395549163
vn 0.18905454587164833 0.5818500430508134 0.7910176395549163
vn 0.18905454587164833 0.5818500430508134 0.7910176395549163
vn 0.18905454587164833 0.5818500430508134 0.7910176395549163
vn 0.3278152559653601 0.5165542230212404 0.7910176310521077
vn 0.3278152559653601 0.5165542230212404 0.7910176310521077
vn 0.3278152559653601 0.5165542230212404 0.7910176310521077
vn 0.3278152559653601 0.5165542230212404 0.7910176310521077
vn 0.44597815716276346 0.4188013602304254 0.7910176382375118
vn 0.44597815716276346 0.4188013602304254 0.7910176382375118
vn 0.44597815716276346 0.4188013602304254 0.7910176382375118
vn 0.44597815716276346 0.4188013602304254 0.7910176382375118
vn 0.5361186098080396 0.2947336939079857 0.7910176267902307
vn 0.5361186098080396 0.2947336939079857 0.7910176267902307
vn 0.5361186098080396 0.2947336939079857 0.7910176267902307
vn 0.5361186098080396 0.2947336939079857 0.7910176267902307
vn 0.5925727364457358 0.15214681311730485 0.7910176352518701
vn 0.5925727364457358 0.15214681311730485 0.7910176352518701
vn 0.5925727364457358 0.15214681311730485 0.7910176352518701
vn 0.5925727364457358 0.15214681311730485 0.7910176352518701
vn 0.6117933346548754 0 0.791017645613464
vn 0.6117933346548754 0 0.791017645613464
vn 0.6117933346548754 0 0.791017645613464
vn 0.6117933346548754 0 0.791017645613464
vn 0.5925727364457358 -0.15214681311730485 0.7910176352518701
vn 0.5925727364457358 -0.15214681311730485 0.7910176352518701
vn 0.5925727364457358 -0.15214681311730485 0.7910176352518701
vn 0.5925727364457358 -0.15214681311730485 0.7910176352518701
vn 0.5361186098080396 -0.2947336939079857 0.7910176267902307
vn 0.5361186098080396 -0.2947336939079857 0.7910176267902307
vn 0.5361186098080396 -0.2947336939079857 0.7910176267902307
vn 0.5361186098080396 -0.2947336939079857 0.7910176267902307
vn 0.44597815716276346 -0.4188013602304254 0.7910176382375118
vn 0.44597815716276346 -0.4188013602304254 0.7910176382375118
vn 0.44597815716276346 -0.4188013602304254 0.7910176382375118
vn 0.44597815716276346 -0.4188013602304254 0.7910176382375118
vn 0.3278152559653601 -0.5165542230212404 0.7910176310521077
vn 0.3278152559653601 -0.5165542230212404 0.7910176310521077
vn 0.3278152559653601 -0.5165542230212404 0.7910176310521077
vn 0.3278152559653601 -0.5165542230212404 0.7910176310521077
vn 0.18905454587164833 -0.5818500430508134 0.7910176395549163
vn 0.18905454587164833 -0.5818500430508134 0.7910176395549163
vn 0.18905454587164833 -0.5818500430508134 0.7910176395549163
vn 0.18905454587164833 -0.5818500430508134 0.7910176395549163
vn 0.038414820695648964 -0.6105861014833469 0.791017644699718
vn 0.038414820695648964 -0.6105861014833469 0.791017644699718
vn 0.038414820695648964 -0.6105861014833469 0.791017644699718
vn 0.038414820695648964 -0.6105861014833469 0.791017644699718
vn -0.11463864057229188 -0.60095679285908 0.7910176453178943
vn -0.11463864057229188 -0.60095679285908 0.7910176453178943
vn -0.11463864057229188 -0.60095679285908 0.7910176453178943
vn -0.11463864057229188 -0.60095679285908 0.7910176453178943
vn -0.2604889248543099 -0.5535671657626962 0.791017643935773
vn -0.2604889248543099 -0.5535671657626962 0.791017643935773
vn -0.2604889248543099 -0.5535671657626962 0.791017643935773
vn -0.2604889248543099 -0.5535671657626962 0.791017643935773
vn -0.3899717587447502 -0.4713948616874447 0.7910176431383823
vn -0.3899717587447502 -0.4713948616874447 0.7910176431383823
vn -0.3899717587447502 -0.4713948616874447 0.7910176431383823
vn -0.3899717587447502 -0.4713948616874447 0.7910176431383823
vn -0.49495121139145176 -0.35960310190779693 0.7910176404103925
vn -0.49495121139145176 -0.35960310190779693 0.7910176404103925
vn -0.49495121139145176 -0.35960310190779693 0.7910176404103925
vn -0.49495121139145176 -0.35960310190779693 0.7910176404103925
vn -0.568831073642928 -0.22521614532844822 0.7910176341533917
vn -0.568831073642928 -0.22521614532844822 0.7910176341533917
vn -0.568831073642928 -0.22521614532844822 0.7910176341533917
vn -0.568831073642928 -0.22521614532844822 0.7910176341533917
vn -0.9176505749223259 0.11592622777087673 0.38010331761185606
vn -0.9176505749223259 0.11592622777087673 0.38010331761185606
vn -0.9176505749223259 0.11592622777087673 0.38010331761185606
vn -0.7893985520185044 0.0997242332807607 0.6057268389031917
vn -0.7893985520185044 0.0997242332807607 0.6057268389031917
vn -0.7893985520185044 0.0997242332807607 0.6057268389031917
vn -0.7893985520185044 0.0997242332807607 0.6057268389031917
vn -0.739797754236896 0.29290663533226036 0.6057268244055066
vn -0.739797754236896 0.29290663533226036 0.6057268244055066
vn -0.739797754236896 0.29290663533226036 0.6057268244055066
vn -0.739797754236896 0.29290663533226036 0.6057268244055066
vn -0.6437127059760306 0.46768466114971025 0.6057268442873378
vn -0.6437127059760306 0.46768466114971025 0.6057268442873378
vn -0.6437127059760306 0.46768466114971025 0.6057268442873378
vn -0.6437127059760306 0.46768466114971025 0.6057268442873378
vn -0.5071808639141248 0.6130763223832236 0.6057268313459324
vn -0.5071808639141248 0.6130763223832236 0.6057268313459324
vn -0.5071808639141248 0.6130763223832236 0.6057268313459324
vn -0.5071808639141248 0.6130763223832236 0.6057268313459324
vn -0.3387809428672772 0.7199461529992761 0.6057268439911684
vn -0.3387809428672772 0.7199461529992761 0.6057268439911684
vn -0.3387809428672772 0.7199461529992761 0.6057268439911684
vn -0.3387809428672772 0.7199461529992761 0.6057268439911684
vn -0.1490941920639721 0.781579125788277 0.6057268295402011
vn -0.1490941920639721 0.781579125788277 0.6057268295402011
vn -0.1490941920639721 0.781579125788277 0.6057268295402011
vn -0.1490941920639721 0.781579125788277 0.6057268295402011
vn 0.04996070195600373 0.7941025980044263 0.6057268296044709
vn 0.04996070195600373 0.7941025980044263 0.6057268296044709
vn 0.04996070195600373 0.7941025980044263 0.6057268296044709
vn 0.04996070195600373 0.7941025980044263 0.6057268296044709
vn 0.2458763889794952 0.7567296692441435 0.6057268435755948
vn 0.2458763889794952 0.7567296692441435 0.6057268435755948
vn 0.2458763889794952 0.7567296692441435 0.6057268435755948
vn 0.2458763889794952 0.7567296692441435 0.6057268435755948
vn 0.4263427505858068 0.671808652198426 0.6057268310503198
vn 0.4263427505858068 0.671808652198426 0.6057268310503198
vn 0.4263427505858068 0.671808652198426 0.6057268310503198
vn 0.4263427505858068 0.671808652198426 0.6057268310503198
vn 0.5800204274147518 0.5446754095223655 0.6057268378099587
vn 0.5800204274147518 0.5446754095223655 0.6057268378099587
vn 0.5800204274147518 0.5446754095223655 0.6057268378099587
vn 0.5800204274147518 0.5446754095223655 0.6057268378099587
vn 0.697253277885432 0.383318240488911 0.6057268303340257
vn 0.697253277885432 0.383318240488911 0.6057268303340257
vn 0.697253277885432 0.383318240488911 0.6057268303340257
vn 0.697253277885432 0.383318240488911 0.6057268303340257
vn 0.7706751620233468 0.1978757478280028 0.605726822141629
vn 0.7706751620233468 0.1978757478280028 0.605726822141629
vn 0.7706751620233468 0.1978757478280028 0.605726822141629
vn 0.7706751620233468 0.1978757478280028 0.605726822141629
vn 0.7956726644580097 0 0.6057268452316535
vn 0.7956726644580097 0 0.6057268452316535
vn 0.7956726644580097 0 0.6057268452316535
vn 0.7956726644580097 0 0.6057268452316535
vn 0.7706751620233468 -0.1978757478280028 0.605726822141629
vn 0.7706751620233468 -0.1978757478280028 0.605726822141629
vn 0.7706751620233468 -0.1978757478280028 0.605726822141629
vn 0.7706751620233468 -0.1978757478280028 0.605726822141629
vn 0.697253277885432 -0.383318240488911 0.6057268303340257
vn 0.697253277885432 -0.383318240488911 0.6057268303340257
vn 0.697253277885432 -0.383318240488911 0.6057268303340257
vn 0.697253277885432 -0.383318240488911 0.6057268303340257
vn 0.5800204274147518 -0.5446754095223655 0.6057268378099587
vn 0.5800204274147518 -0.5446754095223655 0.6057268378099587
vn 0.5800204274147518 -0.5446754095223655 0.6057268378099587
vn 0.5800204274147518 -0.5446754095223655 0.6057268378099587
vn 0.4263427505858068 -0.671808652198426 0.6057268310503198
vn 0.4263427505858068 -0.671808652198426 0.6057268310503198
vn 0.4263427505858068 -0.671808652198426 0.6057268310503198
vn 0.4263427505858068 -0.671808652198426 0.6057268310503198
vn 0.2458763889794952 -0.7567296692441435 0.6057268435755948
vn 0.2458763889794952 -0.7567296692441435 0.6057268435755948
vn 0.2458763889794952 -0.7567296692441435 0.6057268435755948
vn 0.2458763889794952 -0.7567296692441435 0.6057268435755948
vn 0.04996070195600373 -0.7941025980044263 0.6057268296044709
vn 0.04996070195600373 -0.7941025980044263 0.6057268296044709
vn 0.04996070195600373 -0.7941025980044263 0.6057268296044709
vn 0.04996070195600373 -0.7941025980044263 0.6057268296044709
vn -0.1490941920639721 -0.781579125788277 0.6057268295402011
vn -0.1490941920639721 -0.781579125788277 0.6057268295402011
vn -0.1490941920639721 -0.781579125788277 0.6057268295402011
vn -0.1490941920639721 -0.781579125788277 0.6057268295402011
vn -0.3387809428672772 -0.7199461529992761 0.6057268439911684
vn -0.3387809428672772 -0.7199461529992761 0.6057268439911684
vn -0.3387809428672772 -0.7199461529992761 0.6057268439911684
vn -0.3387809428672772 -0.7199461529992761 0.6057268439911684
vn -0.5071808639141248 -0.6130763223832236 0.6057268313459324
vn -0.5071808639141248 -0.6130763223832236 0.6057268313459324
vn -0.5071808639141248 -0.6130763223832236 0.6057268313459324
vn -0.5071808639141248 -0.6130763223832236 0.6057268313459324
vn -0.6437127059760306 -0.46768466114971025 0.6057268442873378
vn -0.6437127059760306 -0.46768466114971025 0.6057268442873378
vn -0.6437127059760306 -0.46768466114971025 0.6057268442873378
vn -0.6437127059760306 -0.46768466114971025 0.6057268442873378
vn -0.739797754236896 -0.29290663533226036 0.6057268244055066
vn -0.739797754236896 -0.29290663533226036 0.6057268244055066
vn -0.739797754236896 -0.29290663533226036 0.6057268244055066
vn -0.739797754236896 -0.29290663533226036 0.6057268244055066
vn -0.8599912099628843 0.34049460970688833 0.3801033274612684
vn -0.8599912099628843 0.34049460970688833 0.3801033274612684
vn -0.8599912099628843 0.34049460970688833 0.3801033274612684
vn -0.9176505749223259 0.11592622777087673 0.38010331761185606
vn -0.8599912099628843 0.34049460970688833 0.3801033274612684
vn -0.7482954408604982 0.5436684594539162 0.38010332724457757
vn -0.7482954408604982 0.5436684594539162 0.38010332724457757
vn -0.7482954408604982 0.5436684594539162 0.38010332724457757
vn -0.7482954408604982 0.5436684594539162 0.38010332724457757
vn -0.5895814888383185 0.7126816502394422 0.3801033194161518
vn -0.5895814888383185 0.7126816502394422 0.3801033194161518
vn -0.5895814888383185 0.7126816502394422 0.3801033194161518
vn -0.5895814888383185 0.7126816502394422 0.3801033194161518
vn -0.3938220222853077 0.8369143774252502 0.38010332755977877
vn -0.3938220222853077 0.8369143774252502 0.38010332755977877
vn -0.3938220222853077 0.8369143774252502 0.38010332755977877
vn -0.3938220222853077 0.8369143774252502 0.38010332755977877
vn -0.1733172207108462 0.9085607367412754 0.3801033131363354
vn -0.1733172207108462 0.9085607367412754 0.3801033131363354
vn -0.1733172207108462 0.9085607367412754 0.3801033131363354
vn -0.1733172207108462 0.9085607367412754 0.3801033131363354
vn 0.0580777142150307 0.9231188714942312 0.3801033125385442
vn 0.0580777142150307 0.9231188714942312 0.3801033125385442
vn 0.0580777142150307 0.9231188714942312 0.3801033125385442
vn 0.0580777142150307 0.9231188714942312 0.3801033125385442
vn 0.28582342725227405 0.8796740544468178 0.3801033101235254
vn 0.28582342725227405 0.8796740544468178 0.3801033101235254
vn 0.28582342725227405 0.8796740544468178 0.3801033101235254
vn 0.28582342725227405 0.8796740544468178 0.3801033101235254
vn 0.4956097872275705 0.7809560849912724 0.38010331769052835
vn 0.4956097872275705 0.7809560849912724 0.38010331769052835
vn 0.4956097872275705 0.7809560849912724 0.38010331769052835
vn 0.4956097872275705 0.7809560849912724 0.38010331769052835
vn 0.674255195737707 0.6331677469300373 0.3801033218326915
vn 0.674255195737707 0.6331677469300373 0.3801033218326915
vn 0.674255195737707 0.6331677469300373 0.3801033218326915
vn 0.674255195737707 0.6331677469300373 0.3801033218326915
vn 0.8105346469499752 0.4455951700262645 0.38010331561687705
vn 0.8105346469499752 0.4455951700262645 0.38010331561687705
vn 0.8105346469499752 0.4455951700262645 0.38010331561687705
vn 0.8105346469499752 0.4455951700262645 0.38010331561687705
vn 0.8958852176863171 0.23002423052713877 0.3801033150362384
vn 0.8958852176863171 0.23002423052713877 0.3801033150362384
vn 0.8958852176863171 0.23002423052713877 0.3801033150362384
vn 0.8958852176863171 0.23002423052713877 0.3801033150362384
vn 0.9249440354072715 0 0.3801033166975949
vn 0.9249440354072715 0 0.3801033166975949
vn 0.9249440354072715 0 0.3801033166975949
vn 0.9249440354072715 0 0.3801033166975949
vn 0.8958852176863171 -0.23002423052713877 0.3801033150362384
vn 0.8958852176863171 -0.23002423052713877 0.3801033150362384
vn 0.8958852176863171 -0.23002423052713877 0.3801033150362384
vn 0.8958852176863171 -0.23002423052713877 0.3801033150362384
vn 0.8105346469499752 -0.4455951700262645 0.38010331561687705
vn 0.8105346469499752 -0.4455951700262645 0.38010331561687705
vn 0.8105346469499752 -0.4455951700262645 0.38010331561687705
vn 0.8105346469499752 -0.4455951700262645 0.38010331561687705
vn 0.674255195737707 -0.6331677469300373 0.3801033218326915
vn 0.674255195737707 -0.6331677469300373 0.3801033218326915
vn 0.674255195737707 -0.6331677469300373 0.3801033218326915
vn 0.674255195737707 -0.6331677469300373 0.3801033218326915
vn 0.4956097872275705 -0.7809560849912724 0.38010331769052835
vn 0.4956097872275705 -0.7809560849912724 0.38010331769052835
vn 0.4956097872275705 -0.7809560849912724 0.38010331769052835
vn 0.4956097872275705 -0.7809560849912724 0.38010331769052835
vn 0.28582342725227405 -0.8796740544468178 0.3801033101235254
vn 0.28582342725227405 -0.8796740544468178 0.3801033101235254
vn 0.28582342725227405 -0.8796740544468178 0.3801033101235254
vn 0.28582342725227405 -0.8796740544468178 0.3801033101235254
vn 0.0580777142150307 -0.9231188714942312 0.3801033125385442
vn 0.0580777142150307 -0.9231188714942312 0.3801033125385442
vn 0.0580777142150307 -0.9231188714942312 0.3801033125385442
vn 0.0580777142150307 -0.9231188714942312 0.3801033125385442
vn -0.1733172207108462 -0.9085607367412754 0.3801033131363354
vn -0.1733172207108462 -0.9085607367412754 0.3801033131363354
vn -0.1733172207108462 -0.9085607367412754 0.3801033131363354
vn -0.1733172207108462 -0.9085607367412754 0.3801033131363354
vn -0.3938220222853077 -0.8369143774252502 0.38010332755977877
vn -0.3938220222853077 -0.8369143774252502 0.38010332755977877
vn -0.3938220222853077 -0.8369143774252502 0.38010332755977877
vn -0.3938220222853077 -0.8369143774252502 0.38010332755977877
vn -0.5895814888383185 -0.7126816502394422 0.3801033194161518
vn -0.5895814888383185 -0.7126816502394422 0.3801033194161518
vn -0.5895814888383185 -0.7126816502394422 0.3801033194161518
vn -0.5895814888383185 -0.7126816502394422 0.3801033194161518
vn -0.7482954408604982 -0.5436684594539162 0.38010332724457757
vn -0.7482954408604982 -0.5436684594539162 0.38010332724457757
vn -0.7482954408604982 -0.5436684594539162 0.38010332724457757
vn -0.7482954408604982 -0.5436684594539162 0.38010332724457757
vn -0.8599912099628843 -0.34049460970688833 0.3801033274612684
vn -0.8599912099628843 -0.34049460970688833 0.3801033274612684
vn -0.8599912099628843 -0.34049460970688833 0.3801033274612684
vn -0.8599912099628843 -0.34049460970688833 0.3801033274612684
vn 0 0 1
vn 0 0 1
vn 0 0 1
vn 0 0 1
vn 0 0 1
vn 0 0 1
vn 0 0 1
vn 0 0 1
vn 0 0 1
vn 0 0 1
vn 0 0 1
vn 0 0 1
vn 0 0 1
vn 0 0 1
vn 0 0 1
vn 0 0 1
vn 0 0 1
vn 0 0 1
vn 0 0 1
vn 0 0 1
vn 0 0 1
vn 0 0 1
vn 0 0 1
vn 0 0 1
vn 0 0 1
vn 0 0 1
vn 0 0 1
vn 0 0 1
vn 0 0 1
vn 0 0 1
vn 0 0 1
vn 0 0 1
vn 0 0 1
vn 0 0 1
vn 0 0 1
vn 0 0 1
vn 0 0 1
vn 0 0 1
vn 0 0 1
vn 0 0 1
vn 0 0 1
vn 0 0 1
vn 0 0 1
vn 0 0 1
vn 0 0 1
vn 0 0 1
vn 0 0 1
vn 0 0 1
vn 0 0 1
vn 0 0 1
vn 0 0 1
vn 0 0 1
vn 0 0 1
vn 0 0 1
vn 0 0 1
vn 0 0 1
vn 0 0 1
vn 0 0 1
vn 0 0 1
vn 0 0 1
vn 0 0 1
vn 0 0 1
vn 0 0 1
vn 0 0 1
vn 0 0 1
vn 0 0 1
vn 0 0 1
vn 0 0 1
vn 0 0 1
vn 0 0 1
vn 0 0 1
vn 0 0 1
vn 0 0 1
vn 0 0 1
vn 0 0 1
vn 0 0 1
vn 0 0 1
vn 0 0 1
vn 0 0 1
vn 0 0 1
vn 0 0 1
vn 0 0 1
vn 0 0 1
vn 0 0 1
vn 0 0 1
vn 0 0 1
vn 0 0 1
vn 0 0 1
vn 0 0 1
vn 0 0 1
vn 0 0 1
vn 0 0 1
vn 0 0 1
vn 0 0 1
vn 0 0 1
vn 0 0 1
vn 0 0 1
vn 0 0 1
vn 0 0 1
vn 0 0 1
vn 0 0 1
vn 0 0 1
vn 0 0 1
vn 0 0 1
vn 0 0 1
vn 0 0 1
vn 0 0 1
vn 0 0 1
vn 0 0 1
vn 0 0 1
vn 0 0 1
vn 0 0 1
vn 0 0 1
vn 0 0 1
vn 0 0 1
vn 0 0 1
vn 0 0 1
vn 0 0 1
vn 0 0 1
vn 0 0 1
vn 0 0 1
vn 0 0 1
vn 0 0 1
vn 0 0 1
vn 0 0 1
vn 0 0 1
vn 0 0 1
vn 0 0 1
vn 0 0 1
vn 0 0 1
vn 0 0 1
vn 0 0 1
vn 0 0 1
vn 0 0 1
vn 0 0 1
vn 0 0 1
vn 0 0 1
vn 0 0 1
vn 0 0 1
vn 0 0 1
vn 0 0 1
vn 0 0 1
vn 0 0 1
vn 0 0 1
vn 0 0 1
vn 0 0 1
vn 0 0 1
vn 0 0 1
vn 0 0 1
vn 0 0 1
vn 0 0 1
vn 0 0 1
vn 0 0 1
vn 0 0 1
vn 0 0 1
vn 0 0 1
vn 0 0 1
vn 0 0 1
vn 0 0 1
vn 0 0 1
vn 0 0 1
vn 0 0 1
vn 0 0 1
vn 0 0 1
vn 0 0 1
vn 0 0 1
vn 0 0 1
vn 0 0 1
vn 0 0 1
vn 0 0 1
vn 0 0 1
vn 0 0 1
vn 0 0 1
vn 0 0 1
vn 0 0 1
vn 0 0 1
vn 0 0 1
vn 0 0 1
vn 0 0 1
vn 0 0 1
vn 0 0 1
vn 0 0 1
vn 0 0 1
vn 0 0 1
vn 0 0 1
vn 0 0 1
vn 0 0 1
vn 0 0 1
vn 0 0 1
vn 0 0 1
vn 0 0 1
vn 0 0 1
vn 0 0 1
vn 0 0 1
vn 0 0 1
vn 0 0 1
vn 0 0 1
vn 0 0 1
vn 0 0 1
vn 0 0 1
vn 0 0 1
vn 0 0 1
vn 0 0 1
vn 0 0 1
vn 0 0 1
vn 0 0 1
vn 0 0 1
vn 0 0 1
vn 0 0 1
vn 0 0 1
vn 0 0 1
vn 0 0 1
vn 0 0 1
vn 0 0 1
vn 0 0 1
vn 0 0 1
vn 0 0 1
vn 0 0 1
vn 0 0 1
vn 0 0 1
vn 0 0 1
vn 0 0 1
vn 0 0 1
vn 0 0 1
vn 0 0 1
vn 0 0 1
vn 0 0 1
vn 0 0 1
vn 0 0 1
vn 0 0 1
vn 0 0 1
vn 0 0 1
vn 0 0 1
vn 0 0 1
vn 0 0 1
vn 0 0 1
vn 0 0 1
vn 0 0 1
vn 0 0 1
vn 0 0 1
vn 0 0 1
vn 0 0 1
vn 0 0 1
vn 0 0 1
vn 0 0 1
vn 0 0 1
vn 0 0 1
vn 0 0 1
vn 0 0 1
vn 0 0 1
vn 0 0 1
vn 0 0 1
vn 0 0 1
vn 0 0 1
vn 0 0 1
vn 0 0 1
vn 0 0 1
vn 0 0 1
vn 0 0 1
vn 0 0 1
vn 0 0 1
vn 0 0 1
vn 0 0 1
vn 0 0 1
vn 0 0 1
vn 0 0 1
vn 0 0 1
vn 0 0 1
vn 0 0 1
vn 0 0 1
vn 0 0 1
vn 0 0 1
vn 0 0 1
vn 0 0 1
vn 0 0 1
vn 0 0 1
vn 0 0 1
vn 0 0 1
vn 0 0 1
vn 0 0 1
vn 0 0 1
vn 0 0 1
vn 0 0 1
vn 0 0 1
vn 0 0 1
vn 0 0 1
vn 0 0 1
vn 0 0 1
vn 0 0 1
vn 0 0 1
vn 0 0 1
vn 0 0 1
vn 0 0 1
vn 0 0 1
vn 0 0 1
vn 0 0 1
vn 0 0 1
vn 0 0 1
vn 0 0 1
vn 0 0 1
vn 0 0 1
vn 0 0 1
vn 0 0 1
vn 0 0 1
vn 0 0 1
vn 0 0 1
vn 0 0 1
vn 0 0 1
vn 0 0 1
vn 0 0 1
vn 0 0 1
vn 0 0 1
vn 0 0 1
vn 0 0 1
vn 0 0 1
vn 0 0 1
vn 0 0 1
vn 0 0 1
vn 0 0 1
vn 1 1.366428388903615e-16 0
vn 1 1.366428388903615e-16 0
vn 1 1.366428388903615e-16 0
vn 1 0 -7.10542746348012e-16
vn 1 0 -7.10542746348012e-16
vn 1 0 -7.10542746348012e-16
vn 0 1 1.421085492696024e-15
vn 0 1 1.421085492696024e-15
vn 0 1 1.421085492696024e-15
vn 0 1 1.421085492696024e-15
vn -1 0 0
vn -1 0 0
vn -1 0 0
vn -1 0 0
vn 0 1 1.421085492696024e-15
vn 0 1 1.421085492696024e-15
vn 0 1 1.421085492696024e-15
vn 0 1 1.421085492696024e-15
vn 1 0 0
vn 1 0 0
vn 1 0 0
vn 1 0 0
vn 0 -1 0
vn 0 -1 0
vn 0 -1 0
vn 0 -1 0
vn -1 -2.537652741156556e-16 0
vn -1 -2.537652741156556e-16 0
vn -1 -2.537652741156556e-16 0
vn -1 -2.537652741156556e-16 -1.8031106505808357e-31
vn -1 -2.537652741156556e-16 -1.8031106505808357e-31
vn -1 -2.537652741156556e-16 -1.8031106505808357e-31
vn 1.77635686587003e-16 1 1.77635686587003e-16
vn 1.77635686587003e-16 1 1.77635686587003e-16
vn 1.77635686587003e-16 1 1.77635686587003e-16
vn 2.664535364979494e-16 1 0
vn 2.664535364979494e-16 1 0
vn 2.664535364979494e-16 1 0
vn -1 0 0
vn -1 0 0
vn -1 0 0
vn -1 0 0
vn -3.55271373174006e-16 -1 0
vn -3.55271373174006e-16 -1 0
vn -3.55271373174006e-16 -1 0
vn -3.55271373174006e-16 -1 0
vn -1 -1.973729836261267e-16 0
vn -1 -1.973729836261267e-16 0
vn -1 -1.973729836261267e-16 0
vn -1 -1.973729836261267e-16 0
vn -6.459479608508399e-16 1 0
vn -6.459479608508399e-16 1 0
vn -6.459479608508399e-16 1 0
vn -6.459479608508399e-16 1 0
vn 1 0 0
vn 1 0 0
vn 1 0 0
vn 1 0 0
vn 7.10542746348012e-16 -1 0
vn 7.10542746348012e-16 -1 0
vn 7.10542746348012e-16 -1 0
vn 7.10542746348012e-16 -1 0
vn 1 4.440892098500626e-16 0
vn 1 4.440892098500626e-16 0
vn 1 4.440892098500626e-16 0
vn 1 4.440892098500626e-16 0
vn 0 1 0
vn 0 1 0
vn 0 1 0
vn 0 1 0
vn 1 0 0
vn 1 0 0
vn 1 0 0
vn 1 0 0
vn 0 -1 0
vn 0 -1 0
vn 0 -1 0
vn 0 -1 0
vn 1 0 0
vn 1 0 0
vn 1 0 0
vn 1 0 0
vn 0 -1 3.55271373174006e-16
vn 0 -1 3.55271373174006e-16
vn 0 -1 3.55271373174006e-16
vn 0 -1 3.55271373174006e-16
vn -1 0 0
vn -1 0 0
vn -1 0 0
vn -1 0 0
vn 0 -1 0
vn 0 -1 0
vn 0 -1 0
vn 0 -1 0
vn 0 1 0
vn 0 1 0
vn 0 1 0
vn 0 1 0
vn 1 -9.473903637570555e-16 0
vn 1 -9.473903637570555e-16 0
vn 1 -9.473903637570555e-16 0
vn 1 -9.473903637570555e-16 0
vn 0 -1 0
vn 0 -1 0
vn 0 -1 0
vn 0 -1 0
vn -1 0 1.421085492696024e-15
vn -1 0 1.421085492696024e-15
vn -1 0 1.421085492696024e-15
vn -1 0 1.421085492696024e-15
vn 0 -1 0
vn 0 -1 0
vn 0 -1 0
vn 0 -1 0
vn -1 0 -3.55271373174006e-16
vn -1 0 -3.55271373174006e-16
vn -1 0 -3.55271373174006e-16
vn -1 0 -3.55271373174006e-16
vn 0 1 0
vn 0 1 0
vn 0 1 0
vn 0 1 0
vn 1 0 0
vn 1 0 0
vn 1 0 0
vn 1 0 0
vn 1.421085492696024e-15 -1 0
vn 1.421085492696024e-15 -1 0
vn 1.421085492696024e-15 -1 0
vn 1.421085492696024e-15 -1 0
vn 1 0 0
vn 1 0 0
vn 1 0 0
vn 1 0 0
vn 0 -1 0
vn 0 -1 0
vn 0 -1 0
vn 0 -1 0
vn -1 0 0
vn -1 0 0
vn -1 0 0
vn -1 0 0
vn -7.10542746348012e-16 1 0
vn -7.10542746348012e-16 1 0
vn -7.10542746348012e-16 1 0
vn -7.10542746348012e-16 1 0
vn -1 0 0
vn -1 0 0
vn -1 0 0
vn -1 0 0
vn 1 0 0
vn 1 0 0
vn 1 0 0
vn 1 0 0
vn 0 -1 0
vn 0 -1 0
vn 0 -1 0
vn 0 -1 0
vn -1 0 0
vn -1 0 0
vn -1 0 0
vn -1 0 0
vn -7.10542746348012e-16 1 0
vn -7.10542746348012e-16 1 0
vn -7.10542746348012e-16 1 0
vn -7.10542746348012e-16 1 0
vn -1 -5.921189773481597e-17 0
vn -1 -5.921189773481597e-17 0
vn -1 -5.921189773481597e-17 0
vn -1 -5.921189773481597e-17 0
vn 0 1 0
vn 0 1 0
vn 0 1 0
vn 0 1 0
vn 1 0 0
vn 1 0 0
vn 1 0 0
vn 1 0 0
vn 0 -1 0
vn 0 -1 0
vn 0 -1 0
vn 0 -1 0
vn -1 0 0
vn -1 0 0
vn -1 0 0
vn -1 0 0
vn 0 -1 0
vn 0 -1 0
vn 0 -1 0
vn 0 -1 0
vn 1 5.921189773481597e-17 0
vn 1 5.921189773481597e-17 0
vn 1 5.921189773481597e-17 0
vn 1 5.921189773481597e-17 0
vn 7.10542746348012e-16 -1 0
vn 7.10542746348012e-16 -1 0
vn 7.10542746348012e-16 -1 0
vn 7.10542746348012e-16 -1 0
vn 1.2250736777812452e-16 1 0
vn 1.2250736777812452e-16 1 0
vn 1.2250736777812452e-16 1 0
vn 0 1 7.10542746348012e-16
vn 0 1 7.10542746348012e-16
vn 0 1 7.10542746348012e-16
vn 1 0 0
vn 1 0 0
vn 1 0 0
vn 1 0 0
vn 0 -1 3.55271373174006e-16
vn 0 -1 3.55271373174006e-16
vn 0 -1 3.55271373174006e-16
vn 0 -1 3.55271373174006e-16
vn 1 0 0
vn 1 0 0
vn 1 0 0
vn 1 0 0
vn 0 -1 0
vn 0 -1 0
vn 0 -1 0
vn 0 -1 0
vn -1 8.88178432935015e-17 1.77635686587003e-16
vn -1 8.88178432935015e-17 1.77635686587003e-16
vn -1 8.88178432935015e-17 1.77635686587003e-16
vn -1 1.77635686587003e-16 -6.310887100708772e-32
vn -1 1.77635686587003e-16 -6.310887100708772e-32
vn -1 1.77635686587003e-16 -6.310887100708772e-32
vn -9.349246592816528e-17 -1 3.55271373174006e-16
vn -9.349246592816528e-17 -1 3.55271373174006e-16
vn -9.349246592816528e-17 -1 3.55271373174006e-16
vn -1.8698493185633055e-16 -1 0
vn -1.8698493185633055e-16 -1 0
vn -1.8698493185633055e-16 -1 0
vn 1 0 0
vn 1 0 0
vn 1 0 0
vn 1 0 0
vn 0 1 1.421085492696024e-15
vn 0 1 1.421085492696024e-15
vn 0 1 1.421085492696024e-15
vn 0 1 1.421085492696024e-15
vn 1 0 -4.440892164675075e-17
vn 1 0 -4.440892164675075e-17
vn 1 0 -4.440892164675075e-17
vn 1 0 -4.440892164675075e-17
vn 0 -1 0
vn 0 -1 0
vn 0 -1 0
vn 0 -1 0
vn 1 0 0
vn 1 0 0
vn 1 0 0
vn 1 0 0
vn 0 1 1.421085492696024e-15
vn 0 1 1.421085492696024e-15
vn 0 1 1.421085492696024e-15
vn 0 1 1.421085492696024e-15
vn 1 0 0
vn 1 0 0
vn 1 0 0
vn 1 0 0
vn 0 -1 0
vn 0 -1 0
vn 0 -1 0
vn 0 -1 0
vn -1 -3.55271373174006e-16 0
vn -1 -3.55271373174006e-16 0
vn -1 -3.55271373174006e-16 0
vn -1 -3.55271373174006e-16 3.3658066104439254e-31
vn -1 -3.55271373174006e-16 3.3658066104439254e-31
vn -1 -3.55271373174006e-16 3.3658066104439254e-31
vn 0 -1 7.10542746348012e-16
vn 0 -1 7.10542746348012e-16
vn 0 -1 7.10542746348012e-16
vn 0 -1 7.10542746348012e-16
vn 1 0 0
vn 1 0 0
vn 1 0 0
vn 1 0 0
vn 0 -1 0
vn 0 -1 0
vn 0 -1 0
vn 0 -1 0
vn -1 0 0
vn -1 0 0
vn -1 0 0
vn -1 0 0
vn 0 1 7.10542746348012e-16
vn 0 1 7.10542746348012e-16
vn 0 1 7.10542746348012e-16
vn 0 1 7.10542746348012e-16
vn -1 0 0
vn -1 0 0
vn -1 0 0
vn -1 0 0
vn 0 1 -3.55271373174006e-16
vn 0 1 -3.55271373174006e-16
vn 0 1 -3.55271373174006e-16
vn 0 1 -3.55271373174006e-16
vn 1 0 0
vn 1 0 0
vn 1 0 0
vn 1 0 0
vn 0 1 7.10542746348012e-16
vn 0 1 7.10542746348012e-16
vn 0 1 7.10542746348012e-16
vn 0 1 7.10542746348012e-16
vn -1 1.8376105828463168e-16 1.3057008037775602e-31
vn -1 1.8376105828463168e-16 1.3057008037775602e-31
vn -1 1.8376105828463168e-16 1.3057008037775602e-31
vn -1 1.8376105828463168e-16 0
vn -1 1.8376105828463168e-16 0
vn -1 1.8376105828463168e-16 0
vn 6.459479608508399e-16 1 0
vn 6.459479608508399e-16 1 0
vn 6.459479608508399e-16 1 0
vn 6.459479608508399e-16 1 0
vn 1 0 -8.88178432935015e-17
vn 1 0 -8.88178432935015e-17
vn 1 0 -8.88178432935015e-17
vn 1 0 -8.88178432935015e-17
vn -1.421085492696024e-15 -1 1.2621774201417545e-31
vn -1.421085492696024e-15 -1 1.2621774201417545e-31
vn -1.421085492696024e-15 -1 1.2621774201417545e-31
vn -1.421085492696024e-15 -1 0
vn -1.421085492696024e-15 -1 0
vn -1.421085492696024e-15 -1 0
vn 1 0 0
vn 1 0 0
vn 1 0 0
vn 1 0 0
vn 1 0 0
vn 1 0 0
vn 1 0 0
vn 1 0 0
vn 0 1 0
vn 0 1 0
vn 0 1 0
vn 0 1 0
vn 1 0 0
vn 1 0 0
vn 1 0 0
vn 1 0 0
vn -2.7755575615628914e-16 1 -2.220446049250313e-16
vn -2.7755575615628914e-16 1 -2.220446049250313e-16
vn -2.7755575615628914e-16 1 -2.220446049250313e-16
vn -5.551115123125783e-16 1 0
vn -5.551115123125783e-16 1 0
vn -5.551115123125783e-16 1 0
vn -1 4.1796631671004597e-16 0
vn -1 4.1796631671004597e-16 0
vn -1 4.1796631671004597e-16 0
vn -1 1.973729836261267e-16 -1.5000346808525188e-15
vn -1 1.973729836261267e-16 -1.5000346808525188e-15
vn -1 1.973729836261267e-16 -1.5000346808525188e-15
vn -1 -7.105427357601002e-15 1.421085492696024e-15
vn -1 -7.105427357601002e-15 1.421085492696024e-15
vn -1 -7.105427357601002e-15 1.421085492696024e-15
vn 0 -1 0
vn 0 -1 0
vn 0 -1 0
vn 0 -1 0
vn 0 -1 0
vn 1 0 0
vn 1 0 0
vn 1 0 0
vn 1 0 0
vn 0 1 0
vn 0 1 0
vn 0 1 0
vn 0 1 0
vn 1 0 0
vn 1 0 0
vn 1 0 0
vn 1 0 0
vn 0 1 0
vn 0 1 0
vn 0 1 0
vn 0 1 0
vn 1 0 -7.10542746348012e-16
vn 1 0 -7.10542746348012e-16
vn 1 0 -7.10542746348012e-16
vn 1 0 -7.10542746348012e-16
vn 0 1 0
vn 0 1 0
vn 0 1 0
vn 0 1 0
vn 1 0 0
vn 1 0 0
vn 1 0 0
vn 1 0 0
vn 0 -1 0
vn 0 -1 0
vn 0 -1 0
vn 0 -1 0
vn 1 0 -7.10542746348012e-16
vn 1 0 -7.10542746348012e-16
vn 1 0 -7.10542746348012e-16
vn 1 0 -7.10542746348012e-16
vn 2.220446049250313e-16 1 -1.5777218339519106e-31
vn 2.220446049250313e-16 1 -1.5777218339519106e-31
vn 2.220446049250313e-16 1 -1.5777218339519106e-31
vn 0 1 2.220446049250313e-16
vn 0 1 2.220446049250313e-16
vn 0 1 2.220446049250313e-16
vn 1 -1.77635686587003e-16 -3.9443045848797766e-32
vn 1 -1.77635686587003e-16 -3.9443045848797766e-32
vn 1 -1.77635686587003e-16 -3.9443045848797766e-32
vn 1 -3.55271373174006e-16 -7.10542746348012e-16
vn 1 -3.55271373174006e-16 -7.10542746348012e-16
vn 1 -3.55271373174006e-16 -7.10542746348012e-16
vn 3.552713678800501e-15 1 -2.524354934323057e-30
vn 3.552713678800501e-15 1 -2.524354934323057e-30
vn 3.552713678800501e-15 1 -2.524354934323057e-30
vn 3.552713678800501e-15 1 0
vn 3.552713678800501e-15 1 0
vn 3.552713678800501e-15 1 0
vn 1 3.875687765105039e-15 0
vn 1 3.875687765105039e-15 0
vn 1 3.875687765105039e-15 0
vn 1 3.875687765105039e-15 0
vn 0 -1 0
vn 0 -1 0
vn 0 -1 0
vn 0 -1 0
vn -1 0 0
vn -1 0 0
vn -1 0 0
vn -1 0 0
vn 0 1 1.421085492696024e-15
vn 0 1 1.421085492696024e-15
vn 0 1 1.421085492696024e-15
vn 0 1 1.421085492696024e-15
vn -1 0 1.421085492696024e-15
vn -1 0 1.421085492696024e-15
vn -1 0 1.421085492696024e-15
vn -1 0 1.421085492696024e-15
vn 2.53765247645876e-16 -1 -3.6062210660628012e-31
vn 2.53765247645876e-16 -1 -3.6062210660628012e-31
vn 2.53765247645876e-16 -1 -3.6062210660628012e-31
vn 0 -1 -7.10542746348012e-16
vn 0 -1 -7.10542746348012e-16
vn 0 -1 -7.10542746348012e-16
vn -1 0 0
vn -1 0 0
vn -1 0 0
vn -1 0 0
vn -1.5789836572507768e-15 1 1.421085492696024e-15
vn -1.5789836572507768e-15 1 1.421085492696024e-15
vn -1.5789836572507768e-15 1 1.421085492696024e-15
vn -7.894918286253884e-16 1 1.1219354427750937e-30
vn -7.894918286253884e-16 1 1.1219354427750937e-30
vn -7.894918286253884e-16 1 1.1219354427750937e-30
vn -1 1.8698493185633055e-16 1.421085492696024e-15
vn -1 1.8698493185633055e-16 1.421085492696024e-15
vn -1 1.8698493185633055e-16 1.421085492696024e-15
vn -1 5.609547690992121e-16 5.314431589163617e-31
vn -1 5.609547690992121e-16 5.314431589163617e-31
vn -1 5.609547690992121e-16 5.314431589163617e-31
vn 8.88178432935015e-17 -1 -2.664535364979494e-16
vn 8.88178432935015e-17 -1 -2.664535364979494e-16
vn 8.88178432935015e-17 -1 -2.664535364979494e-16
vn 4.440892098500626e-16 -1 8.88178432935015e-17
vn 4.440892098500626e-16 -1 8.88178432935015e-17
vn 4.440892098500626e-16 -1 8.88178432935015e-17
vn -1 0 0
vn -1 0 0
vn -1 0 0
vn -1 0 0
vn 0 -1 0
vn 0 -1 0
vn 0 -1 0
vn 0 -1 0
vn -0.9999999999999998 -2.6077032089233392e-8 -7.105427463480118e-16
vn -0.9999999999999998 -2.6077032089233392e-8 -7.105427463480118e-16
vn -0.9999999999999998 -2.6077032089233392e-8 -7.105427463480118e-16
vn -0.9999999999999998 -2.6077032089233392e-8 -7.105427463480118e-16
vn 0 -1 0
vn 0 -1 0
vn 0 -1 0
vn 0 -1 0
vn 1 1.77635686587003e-16 0
vn 1 1.77635686587003e-16 0
vn 1 1.77635686587003e-16 0
vn 1 0 -3.55271373174006e-16
vn 1 0 -3.55271373174006e-16
vn 1 0 -3.55271373174006e-16
vn 0 -1 0
vn 0 -1 0
vn 0 -1 0
vn 0 -1 0
vn 1 -1.4802974102831747e-16 -2.664535364979494e-16
vn 1 -1.4802974102831747e-16 -2.664535364979494e-16
vn 1 -1.4802974102831747e-16 -2.664535364979494e-16
vn 1 0 0
vn 1 0 0
vn 1 0 0
vn 0 1 0
vn 0 1 0
vn 0 1 0
vn 0 1 0
vn 1 0 3.55271373174006e-16
vn 1 0 3.55271373174006e-16
vn 1 0 3.55271373174006e-16
vn 1 0 3.55271373174006e-16
vn 0 -1 -2.220446049250313e-16
vn 0 -1 -2.220446049250313e-16
vn 0 -1 -2.220446049250313e-16
vn 0 -1 -2.220446049250313e-16
vn -1 0 7.10542746348012e-16
vn -1 0 7.10542746348012e-16
vn -1 0 7.10542746348012e-16
vn -1 0 7.10542746348012e-16
vn 0 -1 0
vn 0 -1 0
vn 0 -1 0
vn 0 -1 0
vn 1 2.2024013675617758e-14 2.664535364979494e-16
vn 1 2.2024013675617758e-14 2.664535364979494e-16
vn 1 2.2024013675617758e-14 2.664535364979494e-16
vn 1 1.3765008759019336e-14 -2.664535364979494e-16
vn 1 1.3765008759019336e-14 -2.664535364979494e-16
vn 1 1.3765008759019336e-14 -2.664535364979494e-16
vn 0.5510063097436929 0.834501076465835 -1.4681756873592941e-16
vn 0.5510063097436929 0.834501076465835 -1.4681756873592941e-16
vn 0.5510063097436929 0.834501076465835 -1.4681756873592941e-16
vn 0.5510063097436929 0.834501076465835 -2.643276390715143e-16
vn 0.5510063097436929 0.834501076465835 -2.643276390715143e-16
vn 0.5510063097436929 0.834501076465835 -2.643276390715143e-16
vn 0.6591868514045529 0.7519791851742652 8.58410930618245e-17
vn 0.6591868514045529 0.7519791851742652 8.58410930618245e-17
vn 0.6591868514045529 0.7519791851742652 8.58410930618245e-17
vn 0.6591868514045529 0.7519791851742652 -2.183576198482085e-16
vn 0.6591868514045529 0.7519791851742652 -2.183576198482085e-16
vn 0.6591868514045529 0.7519791851742652 -2.183576198482085e-16
vn 0.7551639193501168 0.6555360058088118 -2.7959217976323017e-17
vn 0.7551639193501168 0.6555360058088118 -2.7959217976323017e-17
vn 0.7551639193501168 0.6555360058088118 -2.7959217976323017e-17
vn 0.7551639193501168 0.6555360058088118 -2.2985012286629736e-16
vn 0.7551639193501168 0.6555360058088118 -2.2985012286629736e-16
vn 0.7551639193501168 0.6555360058088118 -2.2985012286629736e-16
vn 0.8371607408097412 0.5469569398470827 6.937664834600506e-17
vn 0.8371607408097412 0.5469569398470827 6.937664834600506e-17
vn 0.8371607408097412 0.5469569398470827 6.937664834600506e-17
vn 0.8371607408097412 0.5469569398470827 -3.33282678952693e-16
vn 0.8371607408097412 0.5469569398470827 -3.33282678952693e-16
vn 0.8371607408097412 0.5469569398470827 -3.33282678952693e-16
vn 0.9036592889692273 0.42825213304737964 -1.7342930866769754e-16
vn 0.9036592889692273 0.42825213304737964 -1.7342930866769754e-16
vn 0.9036592889692273 0.42825213304737964 -1.7342930866769754e-16
vn 0.9036592889692273 0.42825213304737964 -1.379100803296353e-16
vn 0.9036592889692273 0.42825213304737964 -1.379100803296353e-16
vn 0.9036592889692273 0.42825213304737964 -1.379100803296353e-16
vn 0.9534285036587712 0.3016191114816773 1.725593877778144e-17
vn 0.9534285036587712 0.3016191114816773 1.725593877778144e-17
vn 0.9534285036587712 0.3016191114816773 1.725593877778144e-17
vn 0.9534285036587712 0.3016191114816773 -2.41342635163562e-16
vn 0.9534285036587712 0.3016191114816773 -2.41342635163562e-16
vn 0.9534285036587712 0.3016191114816773 -2.41342635163562e-16
vn 0.9855469909110554 0.16940226889320112 -5.814382137767546e-17
vn 0.9855469909110554 0.16940226889320112 -5.814382137767546e-17
vn 0.9855469909110554 0.16940226889320112 -5.814382137767546e-17
vn 0.9855469909110554 0.16940226889320112 -2.2410387090801374e-16
vn 0.9855469909110554 0.16940226889320112 -2.2410387090801374e-16
vn 0.9855469909110554 0.16940226889320112 -2.2410387090801374e-16
vn 0.9994201544081046 0.03404930194409656 -4.5362782788900126e-17
vn 0.9994201544081046 0.03404930194409656 -4.5362782788900126e-17
vn 0.9994201544081046 0.03404930194409656 -4.5362782788900126e-17
vn 0.9994201544081046 0.03404930194409656 -2.1835761355336017e-16
vn 0.9994201544081046 0.03404930194409656 -2.1835761355336017e-16
vn 0.9994201544081046 0.03404930194409656 -2.1835761355336017e-16
vn 0.9947911613394181 -0.10193402435385285 -5.222396253715543e-17
vn 0.9947911613394181 -0.10193402435385285 -5.222396253715543e-17
vn 0.9947911613394181 -0.10193402435385285 -5.222396253715543e-17
vn 0.9947911613394181 -0.10193402435385285 -2.2123075434757154e-16
vn 0.9947911613394181 -0.10193402435385285 -2.2123075434757154e-16
vn 0.9947911613394181 -0.10193402435385285 -2.2123075434757154e-16
vn 0.9717457090473998 -0.2360302458329576 -4.125981441012797e-17
vn 0.9717457090473998 -0.2360302458329576 -4.125981441012797e-17
vn 0.9717457090473998 -0.2360302458329576 -4.125981441012797e-17
vn 0.9717457090473998 -0.2360302458329576 -6.89550383468833e-17
vn 0.9717457090473998 -0.2360302458329576 -6.89550383468833e-17
vn 0.9717457090473998 -0.2360302458329576 -6.89550383468833e-17
vn 0.9307104343975361 -0.3657568691132809 9.165980421683484e-17
vn 0.9307104343975361 -0.3657568691132809 9.165980421683484e-17
vn 0.9307104343975361 -0.3657568691132809 9.165980421683484e-17
vn 0.9307104343975361 -0.3657568691132809 -2.758201590246372e-16
vn 0.9307104343975361 -0.3657568691132809 -2.758201590246372e-16
vn 0.9307104343975361 -0.3657568691132809 -2.758201590246372e-16
vn 0.8724450093485704 -0.48871229334115673 -9.903303005327644e-17
vn 0.8724450093485704 -0.48871229334115673 -9.903303005327644e-17
vn 0.8724450093485704 -0.48871229334115673 -9.903303005327644e-17
vn 0.8724450093485704 -0.48871229334115673 4.022377456094745e-16
vn 0.8724450093485704 -0.48871229334115673 4.022377456094745e-16
vn 0.8724450093485704 -0.48871229334115673 4.022377456094745e-16
vn 0.7980281300721532 -0.6026201984778988 5.540462754256407e-16
vn 0.7980281300721532 -0.6026201984778988 5.540462754256407e-16
vn 0.7980281300721532 -0.6026201984778988 5.540462754256407e-16
vn 0.7980281300721532 -0.6026201984778988 -1.7238759358083382e-16
vn 0.7980281300721532 -0.6026201984778988 -1.7238759358083382e-16
vn 0.7980281300721532 -0.6026201984778988 -1.7238759358083382e-16
vn 0.7088373950206065 -0.7053719213439109 -3.0779918141094515e-18
vn 0.7088373950206065 -0.7053719213439109 -3.0779918141094515e-18
vn 0.7088373950206065 -0.7053719213439109 -3.0779918141094515e-18
vn 0.7088373950206065 -0.7053719213439109 -2.528351543402983e-16
vn 0.7088373950206065 -0.7053719213439109 -2.528351543402983e-16
vn 0.7088373950206065 -0.7053719213439109 -2.528351543402983e-16
vn 0.606524067023834 -0.7950651269681419 -1.1500579571759976e-16
vn 0.606524067023834 -0.7950651269681419 -1.1500579571759976e-16
vn 0.606524067023834 -0.7950651269681419 -1.1500579571759976e-16
vn 0.606524067023834 -0.7950651269681419 -1.6089509068958997e-16
vn 0.606524067023834 -0.7950651269681419 -1.6089509068958997e-16
vn 0.606524067023834 -0.7950651269681419 -1.6089509068958997e-16
vn 0.4929822259494949 -0.8700393812339077 -1.7991674172222396e-17
vn 0.4929822259494949 -0.8700393812339077 -1.7991674172222396e-17
vn 0.4929822259494949 -0.8700393812339077 -1.7991674172222396e-17
vn 0.4929822259494949 -0.8700393812339077 -2.988051581990006e-16
vn 0.4929822259494949 -0.8700393812339077 -2.988051581990006e-16
vn 0.4929822259494949 -0.8700393812339077 -2.988051581990006e-16
vn 0.37031385889150037 -0.928906693868058 -1.3045273741319126e-16
vn 0.37031385889150037 -0.928906693868058 -1.3045273741319126e-16
vn 0.37031385889150037 -0.928906693868058 -1.3045273741319126e-16
vn 0.37031385889150037 -0.928906693868058 6.895504088669867e-17
vn 0.37031385889150037 -0.928906693868058 6.895504088669867e-17
vn 0.37031385889150037 -0.928906693868058 6.895504088669867e-17
vn 0.24078989630272166 -0.9705772642291414 2.392037778745331e-16
vn 0.24078989630272166 -0.9705772642291414 2.392037778745331e-16
vn 0.24078989630272166 -0.9705772642291414 2.392037778745331e-16
vn 0.24078989630272166 -0.9705772642291414 -1.608950902542926e-16
vn 0.24078989630272166 -0.9705772642291414 -1.608950902542926e-16
vn 0.24078989630272166 -0.9705772642291414 -1.608950902542926e-16
vn 0.10680822468661938 -0.9942796403121672 -7.114857181421438e-17
vn 0.10680822468661938 -0.9942796403121672 -7.114857181421438e-17
vn 0.10680822468661938 -0.9942796403121672 -7.114857181421438e-17
vn 0.10680822468661938 -0.9942796403121672 -7.182816356496454e-17
vn 0.10680822468661938 -0.9942796403121672 -7.182816356496454e-17
vn 0.10680822468661938 -0.9942796403121672 -7.182816356496454e-17
vn -0.029150778628023892 -0.9995750257511339 1.9418318130378904e-17
vn -0.029150778628023892 -0.9995750257511339 1.9418318130378904e-17
vn -0.029150778628023892 -0.9995750257511339 1.9418318130378904e-17
vn -0.029150778628023892 -0.9995750257511339 1.939360528222846e-17
vn -0.029150778628023892 -0.9995750257511339 1.939360528222846e-17
vn -0.029150778628023892 -0.9995750257511339 1.939360528222846e-17
vn -0.1645701097683148 -0.9863653881654834 1.0962571832664596e-16
vn -0.1645701097683148 -0.9863653881654834 1.0962571832664596e-16
vn -0.1645701097683148 -0.9863653881654834 1.0962571832664596e-16
vn -0.1645701097683148 -0.9863653881654834 1.0917880918064601e-16
vn -0.1645701097683148 -0.9863653881654834 1.0917880918064601e-16
vn -0.1645701097683148 -0.9863653881654834 1.0917880918064601e-16
vn -0.29694277603452346 -0.9548952758082486 1.978036374046735e-16
vn -0.29694277603452346 -0.9548952758082486 1.978036374046735e-16
vn -0.29694277603452346 -0.9548952758082486 1.978036374046735e-16
vn -0.29694277603452346 -0.9548952758082486 1.1492506847331873e-17
vn -0.29694277603452346 -0.9548952758082486 1.1492506847331873e-17
vn -0.29694277603452346 -0.9548952758082486 1.1492506847331873e-17
vn -0.42381817029316066 -0.9057472928633888 1.6756793209619266e-16
vn -0.42381817029316066 -0.9057472928633888 1.6756793209619266e-16
vn -0.42381817029316066 -0.9057472928633888 1.6756793209619266e-16
vn -0.42381817029316066 -0.9057472928633888 -1.1492505950828284e-16
vn -0.42381817029316066 -0.9057472928633888 -1.1492505950828284e-16
vn -0.42381817029316066 -0.9057472928633888 -1.1492505950828284e-16
vn -0.5428474656793988 -0.8398313098506474 7.826755323201975e-17
vn -0.5428474656793988 -0.8398313098506474 7.826755323201975e-17
vn -0.5428474656793988 -0.8398313098506474 7.826755323201975e-17
vn -0.5428474656793988 -0.8398313098506474 1.3791008241674807e-16
vn -0.5428474656793988 -0.8398313098506474 1.3791008241674807e-16
vn -0.5428474656793988 -0.8398313098506474 1.3791008241674807e-16
vn -0.6518271040810041 -0.7583676063660498 2.9058707006611556e-16
vn -0.6518271040810041 -0.7583676063660498 2.9058707006611556e-16
vn -0.6518271040810041 -0.7583676063660498 2.9058707006611556e-16
vn -0.6518271040810041 -0.7583676063660498 -3.4477520274960314e-17
vn -0.6518271040810041 -0.7583676063660498 -3.4477520274960314e-17
vn -0.6518271040810041 -0.7583676063660498 -3.4477520274960314e-17
vn -0.7487395345108168 -0.6628643220603485 3.050899492984496e-17
vn -0.7487395345108168 -0.6628643220603485 3.050899492984496e-17
vn -0.7487395345108168 -0.6628643220603485 3.050899492984496e-17
vn -0.7487395345108168 -0.6628643220603485 -3.332826863306792e-16
vn -0.7487395345108168 -0.6628643220603485 -3.332826863306792e-16
vn -0.7487395345108168 -0.6628643220603485 -3.332826863306792e-16
vn -0.8317906112454669 -0.5550895234499501 -2.466591397543736e-16
vn -0.8317906112454669 -0.5550895234499501 -2.466591397543736e-16
vn -0.8317906112454669 -0.5550895234499501 -2.466591397543736e-16
vn -0.8317906112454669 -0.5550895234499501 1.9537260596497465e-16
vn -0.8317906112454669 -0.5550895234499501 1.9537260596497465e-16
vn -0.8317906112454669 -0.5550895234499501 1.9537260596497465e-16
vn -0.899442840222066 -0.43703841612982114 2.852353767822893e-16
vn -0.899442840222066 -0.43703841612982114 2.852353767822893e-16
vn -0.899442840222066 -0.43703841612982114 2.852353767822893e-16
vn -0.899442840222066 -0.43703841612982114 -6.895503892645366e-17
vn -0.899442840222066 -0.43703841612982114 -6.895503892645366e-17
vn -0.899442840222066 -0.43703841612982114 -6.895503892645366e-17
vn -0.9504437892624802 -0.31089645133448884 3.153821250203784e-18
vn -0.9504437892624802 -0.31089645133448884 3.153821250203784e-18
vn -0.9504437892624802 -0.31089645133448884 3.153821250203784e-18
vn -0.9504437892624802 -0.31089645133448884 1.4940258055433337e-16
vn -0.9504437892624802 -0.31089645133448884 1.4940258055433337e-16
vn -0.9504437892624802 -0.31089645133448884 1.4940258055433337e-16
vn -0.9838492739133272 -0.17899890005309824 2.3824540388343786e-16
vn -0.9838492739133272 -0.17899890005309824 2.3824540388343786e-16
vn -0.9838492739133272 -0.17899890005309824 2.3824540388343786e-16
vn -0.9838492739133272 -0.17899890005309824 -1.2067131637666523e-16
vn -0.9838492739133272 -0.17899890005309824 -1.2067131637666523e-16
vn -0.9838492739133272 -0.17899890005309824 -1.2067131637666523e-16
vn -0.9990408650473923 -0.04378755491413208 -2.9168370994624714e-17
vn -0.9990408650473923 -0.04378755491413208 -2.9168370994624714e-17
vn -0.9990408650473923 -0.04378755491413208 -2.9168370994624714e-17
vn -0.9990408650473923 -0.04378755491413208 3.3184612878915493e-16
vn -0.9990408650473923 -0.04378755491413208 3.3184612878915493e-16
vn -0.9990408650473923 -0.04378755491413208 3.3184612878915493e-16
vn -0.9957373208136837 0.09223441840651 4.049573491579638e-16
vn -0.9957373208136837 0.09223441840651 4.049573491579638e-16
vn -0.9957373208136837 0.09223441840651 4.049573491579638e-16
vn -0.9957373208136837 0.09223441840651 2.2985013416905553e-17
vn -0.9957373208136837 0.09223441840651 2.2985013416905553e-17
vn -0.9957373208136837 0.09223441840651 2.2985013416905553e-17
vn -0.9739998004819127 0.22654886594550533 6.036474279861134e-17
vn -0.9739998004819127 0.22654886594550533 6.036474279861134e-17
vn -0.9739998004819127 0.22654886594550533 6.036474279861134e-17
vn -0.9739998004819127 0.22654886594550533 5.746252998212457e-17
vn -0.9739998004819127 0.22654886594550533 5.746252998212457e-17
vn -0.9739998004819127 0.22654886594550533 5.746252998212457e-17
vn -0.9342307278054709 0.3566692406474943 9.50357780776695e-17
vn -0.9342307278054709 0.3566692406474943 9.50357780776695e-17
vn -0.9342307278054709 0.3566692406474943 9.50357780776695e-17
vn -0.9342307278054709 0.3566692406474943 5.746252880559623e-17
vn -0.9342307278054709 0.3566692406474943 5.746252880559623e-17
vn -0.9342307278054709 0.3566692406474943 5.746252880559623e-17
vn -0.8771663385698713 0.4801866454618721 1.4272795131515225e-16
vn -0.8771663385698713 0.4801866454618721 1.4272795131515225e-16
vn -0.8771663385698713 0.4801866454618721 1.4272795131515225e-16
vn -0.8771663385698713 0.4801866454618721 8.044754382935426e-17
vn -0.8771663385698713 0.4801866454618721 8.044754382935426e-17
vn -0.8771663385698713 0.4801866454618721 8.044754382935426e-17
vn -0.8038630506564053 0.5948144213024577 1.0566025992800735e-16
vn -0.8038630506564053 0.5948144213024577 1.0566025992800735e-16
vn -0.8038630506564053 0.5948144213024577 1.0566025992800735e-16
vn -0.8038630506564053 0.5948144213024577 -4.597002664985704e-17
vn -0.8038630506564053 0.5948144213024577 -4.597002664985704e-17
vn -0.8038630506564053 0.5948144213024577 -4.597002664985704e-17
vn -0.7156779707603955 0.6984304132612514 -3.0637805973205747e-18
vn -0.7156779707603955 0.6984304132612514 -3.0637805973205747e-18
vn -0.7156779707603955 0.6984304132612514 -3.0637805973205747e-18
vn -0.7156779707603955 0.6984304132612514 0
vn -0.7156779707603955 0.6984304132612514 0
vn -0.7156779707603955 0.6984304132612514 0
vn -0.6142436289999335 0.7891164452937172 3.106366291277649e-17
vn -0.6142436289999335 0.7891164452937172 3.106366291277649e-17
vn -0.6142436289999335 0.7891164452937172 3.106366291277649e-17
vn -0.6142436289999335 0.7891164452937172 -8.044754343310747e-17
vn -0.6142436289999335 0.7891164452937172 -8.044754343310747e-17
vn -0.6142436289999335 0.7891164452937172 -8.044754343310747e-17
vn -0.5014378011762374 0.8651936959730696 -2.445722192197793e-17
vn -0.5014378011762374 0.8651936959730696 -2.445722192197793e-17
vn -0.5014378011762374 0.8651936959730696 -2.445722192197793e-17
vn -0.5014378011762374 0.8651936959730696 -9.194005634762241e-17
vn -0.5014378011762374 0.8651936959730696 -9.194005634762241e-17
vn -0.5014378011762374 0.8651936959730696 -9.194005634762241e-17
vn -0.3793489331201485 0.9252536878827369 -6.738591115718333e-17
vn -0.3793489331201485 0.9252536878827369 -6.738591115718333e-17
vn -0.3793489331201485 0.9252536878827369 -6.738591115718333e-17
vn -0.3793489331201485 0.9252536878827369 -1.034325562256579e-16
vn -0.3793489331201485 0.9252536878827369 -1.034325562256579e-16
vn -0.3793489331201485 0.9252536878827369 -1.034325562256579e-16
vn -0.25023726004341446 0.9681845452629187 -6.667659495867874e-17
vn -0.25023726004341446 0.9681845452629187 -6.667659495867874e-17
vn -0.25023726004341446 0.9681845452629187 -6.667659495867874e-17
vn -0.25023726004341446 0.9681845452629187 2.758201633163507e-16
vn -0.25023726004341446 0.9681845452629187 2.758201633163507e-16
vn -0.25023726004341446 0.9681845452629187 2.758201633163507e-16
vn -0.11649292488057132 0.9931915215368935 3.21812559845279e-16
vn -0.11649292488057132 0.9931915215368935 3.21812559845279e-16
vn -0.11649292488057132 0.9931915215368935 3.21812559845279e-16
vn -0.11649292488057132 0.9931915215368935 -1.2933312740833905e-17
vn -0.11649292488057132 0.9931915215368935 -1.2933312740833905e-17
vn -0.11649292488057132 0.9931915215368935 -1.2933312740833905e-17
vn 0.01940801362199403 0.9998116467651538 2.1547223585376453e-18
vn 0.01940801362199403 0.9998116467651538 2.1547223585376453e-18
vn 0.01940801362199403 0.9998116467651538 2.1547223585376453e-18
vn 0.01940801362199403 0.9998116467651538 8.618889537548158e-19
vn 0.01940801362199403 0.9998116467651538 8.618889537548158e-19
vn 0.01940801362199403 0.9998116467651538 8.618889537548158e-19
vn 0.1549496498514796 0.9879223684130773 6.88114717049905e-18
vn 0.1549496498514796 0.9879223684130773 6.88114717049905e-18
vn 0.1549496498514796 0.9879223684130773 6.88114717049905e-18
vn 0.1549496498514796 0.9879223684130773 6.88114717049905e-18
vn 0.2876227277119021 0.9577437895927935 1.277301565019434e-17
vn 0.2876227277119021 0.9577437895927935 1.277301565019434e-17
vn 0.2876227277119021 0.9577437895927935 1.277301565019434e-17
vn 0.2876227277119021 0.9577437895927935 0
vn 0.2876227277119021 0.9577437895927935 0
vn 0.2876227277119021 0.9577437895927935 0
vn -1 0 0
vn -1 0 0
vn -1 0 0
vn -1 0 0
vn 0 -1 0
vn 0 -1 0
vn 0 -1 0
vn 0 -1 0
vn -1 0 0
vn -1 0 0
vn -1 0 0
vn -1 0 0
vn 0 1 0
vn 0 1 0
vn 0 1 0
vn 0 1 0
vn 1 0 -2.220446049250313e-16
vn 1 0 -2.220446049250313e-16
vn 1 0 -2.220446049250313e-16
vn 1 0 -2.220446049250313e-16
vn 0 1 0
vn 0 1 0
vn 0 1 0
vn 0 1 0
vn -1 2.8047738454960603e-16 1.77635686587003e-16
vn -1 2.8047738454960603e-16 1.77635686587003e-16
vn -1 2.8047738454960603e-16 1.77635686587003e-16
vn -1 3.2722362413113357e-16 0
vn -1 3.2722362413113357e-16 0
vn -1 3.2722362413113357e-16 0
vn -1.6148699021270997e-16 -1 0
vn -1.6148699021270997e-16 -1 0
vn -1.6148699021270997e-16 -1 0
vn -3.2297398042541994e-16 -1 -1.421085492696024e-15
vn -3.2297398042541994e-16 -1 -1.421085492696024e-15
vn -3.2297398042541994e-16 -1 -1.421085492696024e-15
vn 1 0 0
vn 1 0 0
vn 1 0 0
vn 1 0 0
vn 0 1 1.1102230246251565e-16
vn 0 1 1.1102230246251565e-16
vn 0 1 1.1102230246251565e-16
vn 0 1 1.1102230246251565e-16
vn -1 0 0
vn -1 0 0
vn -1 0 0
vn -1 0 0
vn -1.77635686587003e-16 -1 -1.77635686587003e-16
vn -1.77635686587003e-16 -1 -1.77635686587003e-16
vn -1.77635686587003e-16 -1 -1.77635686587003e-16
vn 0 -1 0
vn 0 -1 0
vn 0 -1 0
vn -1 -2.537652741156556e-16 0
vn -1 -2.537652741156556e-16 0
vn -1 -2.537652741156556e-16 0
vn -1 -2.537652741156556e-16 0
vn 0 1 0
vn 0 1 0
vn 0 1 0
vn 0 1 0
vn 1 0 0
vn 1 0 0
vn 1 0 0
vn 1 0 0
vn 0 -1 0
vn 0 -1 0
vn 0 -1 0
vn 0 -1 0
vn 1 4.099285034361947e-16 -7.10542746348012e-16
vn 1 4.099285034361947e-16 -7.10542746348012e-16
vn 1 4.099285034361947e-16 -7.10542746348012e-16
vn 1 5.46571355561446e-16 0
vn 1 5.46571355561446e-16 0
vn 1 5.46571355561446e-16 0
vn 3.55271373174006e-16 1 0
vn 3.55271373174006e-16 1 0
vn 3.55271373174006e-16 1 0
vn 3.55271373174006e-16 1 0
vn 1 0 0
vn 1 0 0
vn 1 0 0
vn 1 0 0
vn 0 -1 0
vn 0 -1 0
vn 0 -1 0
vn 0 -1 0
vn 1 -2.0898315835502298e-16 0
vn 1 -2.0898315835502298e-16 0
vn 1 -2.0898315835502298e-16 0
vn 1 -1.973729836261267e-16 -7.894919477393966e-17
vn 1 -1.973729836261267e-16 -7.894919477393966e-17
vn 1 -1.973729836261267e-16 -7.894919477393966e-17
vn 1 -3.552713678800501e-15 -1.421085492696024e-15
vn 1 -3.552713678800501e-15 -1.421085492696024e-15
vn 1 -3.552713678800501e-15 -1.421085492696024e-15
vn 3.552713678800501e-15 1 1.421085492696024e-15
vn 3.552713678800501e-15 1 1.421085492696024e-15
vn 3.552713678800501e-15 1 1.421085492696024e-15
vn 0 1 0
vn 0 1 0
vn 0 1 0
vn -4.1796631671004597e-16 1 1.421085492696024e-15
vn -4.1796631671004597e-16 1 1.421085492696024e-15
vn -4.1796631671004597e-16 1 1.421085492696024e-15
vn -1 0 0
vn -1 0 0
vn -1 0 0
vn -1 0 0
vn 0 1 1.421085492696024e-15
vn 0 1 1.421085492696024e-15
vn 0 1 1.421085492696024e-15
vn 0 1 1.421085492696024e-15
vn 1 0 0
vn 1 0 0
vn 1 0 0
vn 1 0 0
vn 0 1 1.421085492696024e-15
vn 0 1 1.421085492696024e-15
vn 0 1 1.421085492696024e-15
vn 0 1 1.421085492696024e-15
vn -1 0 3.55271373174006e-16
vn -1 0 3.55271373174006e-16
vn -1 0 3.55271373174006e-16
vn -1 0 3.55271373174006e-16
vn 3.552713996437856e-16 -1 -1.2621775376911896e-31
vn 3.552713996437856e-16 -1 -1.2621775376911896e-31
vn 3.552713996437856e-16 -1 -1.2621775376911896e-31
vn 3.552713996437856e-16 -1 0
vn 3.552713996437856e-16 -1 0
vn 3.552713996437856e-16 -1 0
vn -1 0 0
vn -1 0 0
vn -1 0 0
vn -1 0 0
vn 0 1 1.421085492696024e-15
vn 0 1 1.421085492696024e-15
vn 0 1 1.421085492696024e-15
vn 0 1 1.421085492696024e-15
vn -1 1.4802974102831747e-16 2.103629190302171e-31
vn -1 1.4802974102831747e-16 2.103629190302171e-31
vn -1 1.4802974102831747e-16 2.103629190302171e-31
vn -1 0 2.664535364979494e-16
vn -1 0 2.664535364979494e-16
vn -1 0 2.664535364979494e-16
vn -3.55271373174006e-16 -1 9.466330651063159e-32
vn -3.55271373174006e-16 -1 9.466330651063159e-32
vn -3.55271373174006e-16 -1 9.466330651063159e-32
vn 0 -1 7.10542746348012e-16
vn 0 -1 7.10542746348012e-16
vn 0 -1 7.10542746348012e-16
vn -1 0 0
vn -1 0 0
vn -1 0 0
vn -1 0 0
vn 0 1 7.10542746348012e-16
vn 0 1 7.10542746348012e-16
vn 0 1 7.10542746348012e-16
vn 3.2297398042541994e-16 1 1.1474340076243736e-31
vn 3.2297398042541994e-16 1 1.1474340076243736e-31
vn 3.2297398042541994e-16 1 1.1474340076243736e-31
vn 1 8.88178432935015e-17 8.88178432935015e-17
vn 1 8.88178432935015e-17 8.88178432935015e-17
vn 1 8.88178432935015e-17 8.88178432935015e-17
vn 1 0 -8.88178432935015e-17
vn 1 0 -8.88178432935015e-17
vn 1 0 -8.88178432935015e-17
vn 3.947460201918126e-16 1 7.10542746348012e-16
vn 3.947460201918126e-16 1 7.10542746348012e-16
vn 3.947460201918126e-16 1 7.10542746348012e-16
vn 7.894920403836252e-16 1 -2.8048390771354746e-31
vn 7.894920403836252e-16 1 -2.8048390771354746e-31
vn 7.894920403836252e-16 1 -2.8048390771354746e-31
vn -1 0 3.55271373174006e-16
vn -1 0 3.55271373174006e-16
vn -1 0 3.55271373174006e-16
vn -1 0 3.55271373174006e-16
vn -7.894918286253884e-16 1 7.10542746348012e-16
vn -7.894918286253884e-16 1 7.10542746348012e-16
vn -7.894918286253884e-16 1 7.10542746348012e-16
vn 0 1 -7.10542746348012e-16
vn 0 1 -7.10542746348012e-16
vn 0 1 -7.10542746348012e-16
vn -1 0 0
vn -1 0 0
vn -1 0 0
vn -1 0 0
vn -8.88178432935015e-17 -1 0
vn -8.88178432935015e-17 -1 0
vn -8.88178432935015e-17 -1 0
vn -1.77635686587003e-16 -1 -1.77635686587003e-16
vn -1.77635686587003e-16 -1 -1.77635686587003e-16
vn -1.77635686587003e-16 -1 -1.77635686587003e-16
vn -1 0 7.10542746348012e-16
vn -1 0 7.10542746348012e-16
vn -1 0 7.10542746348012e-16
vn -1 0 7.10542746348012e-16
vn 0 1 0
vn 0 1 0
vn 0 1 0
vn 0 1 0
vn 1 0 3.55271373174006e-16
vn 1 0 3.55271373174006e-16
vn 1 0 3.55271373174006e-16
vn 1 0 3.55271373174006e-16
vn -2.220446049250313e-16 1 -3.55271373174006e-16
vn -2.220446049250313e-16 1 -3.55271373174006e-16
vn -2.220446049250313e-16 1 -3.55271373174006e-16
vn -6.661338147750939e-16 1 -4.733165619405167e-31
vn -6.661338147750939e-16 1 -4.733165619405167e-31
vn -6.661338147750939e-16 1 -4.733165619405167e-31
vn -1 0 -7.10542746348012e-16
vn -1 0 -7.10542746348012e-16
vn -1 0 -7.10542746348012e-16
vn -1 0 -7.10542746348012e-16
vn -3.552713678800501e-15 -1 -2.524354934323057e-30
vn -3.552713678800501e-15 -1 -2.524354934323057e-30
vn -3.552713678800501e-15 -1 -2.524354934323057e-30
vn -3.552713678800501e-15 -1 0
vn -3.552713678800501e-15 -1 0
vn -3.552713678800501e-15 -1 0
vn -1 0 0
vn -1 0 0
vn -1 0 0
vn -1 0 0
vn 0 1 0
vn 0 1 0
vn 0 1 0
vn 0 1 0
vn -1 0 -3.55271373174006e-16
vn -1 0 -3.55271373174006e-16
vn -1 0 -3.55271373174006e-16
vn -1 0 -3.55271373174006e-16
vn 0 1 0
vn 0 1 0
vn 0 1 0
vn 0 1 0
vn 1 0 -3.55271373174006e-16
vn 1 0 -3.55271373174006e-16
vn 1 0 -3.55271373174006e-16
vn 1 0 -3.55271373174006e-16
vn 0 1 0
vn 0 1 0
vn 0 1 0
vn 0 1 0
vn 1 0 0
vn 1 0 0
vn 1 0 0
vn 1 0 0
vn -1.77635686587003e-16 1 -3.55271373174006e-16
vn -1.77635686587003e-16 1 -3.55271373174006e-16
vn -1.77635686587003e-16 1 -3.55271373174006e-16
vn -5.329070729958988e-16 1 3.7865322604252634e-31
vn -5.329070729958988e-16 1 3.7865322604252634e-31
vn -5.329070729958988e-16 1 3.7865322604252634e-31
vn 1 0 -7.10542746348012e-16
vn 1 0 -7.10542746348012e-16
vn 1 0 -7.10542746348012e-16
vn 1 0 -7.10542746348012e-16
vn 3.947459143126942e-16 -1 -2.804838371838864e-31
vn 3.947459143126942e-16 -1 -2.804838371838864e-31
vn 3.947459143126942e-16 -1 -2.804838371838864e-31
vn 3.947459143126942e-16 -1 0
vn 3.947459143126942e-16 -1 0
vn 3.947459143126942e-16 -1 0
vn 0.9999999999999998 2.2351740014414642e-8 0
vn 0.9999999999999998 2.2351740014414642e-8 0
vn 0.9999999999999998 2.2351740014414642e-8 0
vn 0.9999999999999998 2.2351740014414642e-8 0
vn 0 1 0
vn 0 1 0
vn 0 1 0
vn 0 1 0
vn 1 0 0
vn 1 0 0
vn 1 0 0
vn 1 0 0
vn 0 -1 0
vn 0 -1 0
vn 0 -1 0
vn 0 -1 0
vn 0.9999999999999998 -2.4400828024795367e-8 0
vn 0.9999999999999998 -2.4400828024795367e-8 0
vn 0.9999999999999998 -2.4400828024795367e-8 0
vn 0.9999999999999998 -2.4400828024795367e-8 3.552713731740059e-16
vn 0.9999999999999998 -2.4400828024795367e-8 3.552713731740059e-16
vn 0.9999999999999998 -2.4400828024795367e-8 3.552713731740059e-16
vn 1 0 3.55271373174006e-16
vn 1 0 3.55271373174006e-16
vn 1 0 3.55271373174006e-16
vn 1 0 3.55271373174006e-16
vn 0 1 1.421085492696024e-15
vn 0 1 1.421085492696024e-15
vn 0 1 1.421085492696024e-15
vn 0 1 1.421085492696024e-15
vn -1 0 1.421085492696024e-15
vn -1 0 1.421085492696024e-15
vn -1 0 1.421085492696024e-15
vn -1 1.973729836261267e-16 0
vn -1 1.973729836261267e-16 0
vn -1 1.973729836261267e-16 0
vn -2.7755578262606874e-16 -1 2.220446049250313e-16
vn -2.7755578262606874e-16 -1 2.220446049250313e-16
vn -2.7755578262606874e-16 -1 2.220446049250313e-16
vn -5.551115652521375e-16 -1 0
vn -5.551115652521375e-16 -1 0
vn -5.551115652521375e-16 -1 0
vn 0.9999999999999996 -2.8487512793162737e-8 0
vn 0.9999999999999996 -2.8487512793162737e-8 0
vn 0.9999999999999996 -2.8487512793162737e-8 0
vn 0.9999999999999996 -2.8487514569519576e-8 -1.4210854926960235e-15
vn 0.9999999999999996 -2.8487514569519576e-8 -1.4210854926960235e-15
vn 0.9999999999999996 -2.8487514569519576e-8 -1.4210854926960235e-15
vn 0 -1 7.10542746348012e-16
vn 0 -1 7.10542746348012e-16
vn 0 -1 7.10542746348012e-16
vn 0 -1 7.10542746348012e-16
vn -1 1.77635686587003e-16 -1.2621774201417545e-31
vn -1 1.77635686587003e-16 -1.2621774201417545e-31
vn -1 1.77635686587003e-16 -1.2621774201417545e-31
vn -1 0 7.10542746348012e-16
vn -1 0 7.10542746348012e-16
vn -1 0 7.10542746348012e-16
vn -2.664535364979494e-16 -1 1.8932661302126317e-31
vn -2.664535364979494e-16 -1 1.8932661302126317e-31
vn -2.664535364979494e-16 -1 1.8932661302126317e-31
vn -2.664535364979494e-16 -1 0
vn -2.664535364979494e-16 -1 0
vn -2.664535364979494e-16 -1 0
vn -1 0 0
vn -1 0 0
vn -1 0 0
vn -1 0 0
vn 2.664535364979494e-16 1 0
vn 2.664535364979494e-16 1 0
vn 2.664535364979494e-16 1 0
vn 2.664535364979494e-16 1 -1.8932661302126317e-31
vn 2.664535364979494e-16 1 -1.8932661302126317e-31
vn 2.664535364979494e-16 1 -1.8932661302126317e-31
vn -1 0 7.10542746348012e-16
vn -1 0 7.10542746348012e-16
vn -1 0 7.10542746348012e-16
vn -1 0 7.10542746348012e-16
vn -7.10542746348012e-16 -1 5.048709680567018e-31
vn -7.10542746348012e-16 -1 5.048709680567018e-31
vn -7.10542746348012e-16 -1 5.048709680567018e-31
vn -7.10542746348012e-16 -1 5.048709680567018e-31
vn -1 -1.471838499873552e-14 7.10542746348012e-16
vn -1 -1.471838499873552e-14 7.10542746348012e-16
vn -1 -1.471838499873552e-14 7.10542746348012e-16
vn -1 -1.446462070400171e-14 0
vn -1 -1.446462070400171e-14 0
vn -1 -1.446462070400171e-14 0
vn 0 -1 0
vn 0 -1 0
vn 0 -1 0
vn 0 -1 0
vn 1 0 -7.10542746348012e-16
vn 1 0 -7.10542746348012e-16
vn 1 0 -7.10542746348012e-16
vn 1 0 -7.10542746348012e-16
vn 0 -1 0
vn 0 -1 0
vn 0 -1 0
vn 0 -1 0
vn -1 0 0
vn -1 0 0
vn -1 0 0
vn -1 0 0
vn -2.1316282919835953e-15 1 0
vn -2.1316282919835953e-15 1 0
vn -2.1316282919835953e-15 1 0
vn -2.1316282919835953e-15 1 0
vn 0 0 1
vn 0 0 1
vn 0 0 1
vn 0 0 1
vn 0 0 1
vn 0 0 1
vn 0 0 1
vn 0 0 1
vn 0 0 1
vn 0 0 1
vn 0 0 1
vn 0 0 1
vn 0 0 1
vn 0 0 1
vn 0 0 1
vn 0 0 1
vn 0 0 1
vn 0 0 1
vn 0 0 1
vn 0 0 1
vn 0 0 1
vn 0 0 1
vn 0 0 1
vn 0 0 1
vn 0 0 1
vn 0 0 1
vn 0 0 1
vn 0 0 1
vn 0 0 1
vn 0 0 1
vn 0 0 1
vn 0 0 1
vn 0 0 1
vn 0 0 1
vn 0 0 1
vn 0 0 1
vn 0 0 1
vn 0 0 1
vn 0 0 1
vn 0 0 1
vn 0 0 1
vn 0 0 1
vn 0 0 1
vn 0 0 1
vn 0 0 1
vn 0 0 1
vn 0 0 1
vn 0 0 1
vn 0 0 1
vn 0 0 1
vn 0 0 1
vn 0 0 1
vn 0 0 1
vn 0 0 1
vn 0 0 1
vn 0 0 1
vn 0 0 1
vn 0 0 1
vn 0 0 1
vn 0 0 1
vn 0 0 1
vn 0 0 1
vn 0 0 1
vn 0 0 1
vn 0 0 1
vn 0 0 1
vn 0 0 1
vn 0 0 1
vn 0 0 1
vn 0 0 1
vn 0 0 1
vn 0 0 1
vn 0 0 1
vn 0 0 1
vn 0 0 1
vn 0 0 1
vn 0 0 1
vn 0 0 1
vn 0 0 1
vn 0 0 1
vn 0 0 1
vn 0 0 1
vn 0 0 1
vn 0 0 1
vn 0 0 1
vn 0 0 1
vn 0 0 1
vn 0 0 1
vn 0 0 1
vn 0 0 1
vn 0 0 1
vn 0 0 1
vn 0 0 1
vn 0 0 1
vn 0 0 1
vn 0 0 1
vn 0 0 1
vn 0 0 1
vn 0 0 1
vn 0 0 1
vn 0 0 1
vn 0 0 1
vn 0 0 1
vn 0 0 1
vn 0 0 1
vn 0 0 1
vn 0 0 1
vn 0 0 1
vn 0 0 1
vn 0 0 1
vn 0 0 1
vn 0 0 1
vn 0 0 1
vn 0 0 1
vn 0 0 1
vn 0 0 1
vn 0 0 1
vn 0 0 1
vn 0 0 1
vn 0 0 1
vn 0 0 1
vn 0 0 1
vn 0 0 1
vn 0 0 1
vn 0 0 1
vn 0 0 1
vn 0 0 1
vn 0 0 1
vn 0 0 1
vn 0 0 1
vn 0 0 1
vn 0 0 1
vn 0 0 1
vn 0 0 1
vn 0 0 1
vn 0 0 1
vn 0 0 1
vn 0 0 1
vn 0 0 1
vn 0 0 1
vn 0 0 1
vn 0 0 1
vn 0 0 1
vn 0 0 1
vn 0 0 1
vn 0 0 1
vn 0 0 1
vn 0 0 1
vn 0 0 1
vn 0 0 1
vn 0 0 1
vn 0 0 1
vn 0 0 1
vn 0 0 1
vn 0 0 1
vn 0 0 1
vn 0 0 1
vn 0 0 1
vn 0 0 1
vn 0 0 1
vn 0 0 1
vn 0 0 1
vn 0 0 1
vn 0 0 1
vn 0 0 1
vn 0 0 1
vn 0 0 1
vn 0 0 1
vn 0 0 1
vn 0 0 1
vn 0 0 1
vn 0 0 1
vn 0 0 1
vn 0 0 1
vn 0 0 1
vn 0 0 1
vn 0 0 1
vn 0 0 1
vn 0 0 1
vn 0 0 1
vn 0 0 1
vn 0 0 1
vn 0 0 1
vn 0 0 1
vn 0 0 1
vn 0 0 1
vn 0 0 1
vn 0 0 1
vn 0 0 1
vn 0 0 1
vn 0 0 1
vn 0 0 1
vn 0 0 1
vn 0 0 1
vn 0 0 1
vn 0 0 1
vn 0 0 1
vn 0 0 1
vn 0 0 1
vn 0 0 1
vn 0 0 1
vn 0 0 1
vn 0 0 1
vn 0 0 1
vn 0 0 1
vn 0 0 1
vn 0 0 1
vn 0 0 1
vn 0 0 1
vn 0 0 1
vn 0 0 1
vn 0 0 1
vn 0 0 1
vn 0 0 1
vn 0 0 1
vn 0 0 1
vn 0 0 1
vn 0 0 1
vn 0 0 1
vn 0 0 1
vn 0 0 1
vn 0 0 1
vn 0 0 1
vn 0 0 1
vn 0 0 1
vn 0 0 1
vn 0 0 1
vn 0 0 1
vn 0 0 1
vn 0 0 1
vn 0 0 1
vn 0 0 1
vn 0 0 1
vn 0 0 1
vn 0 0 1
vn 0 0 1
vn 0 0 1
vn 0 0 1
vn 0 0 1
vn 0 0 1
vn 0 0 1
vn 0 0 1
vn 0 0 1
vn 0 0 1
vn 0 0 1
vn 0 0 1
vn 0 0 1
vn 0 0 1
vn 0 0 1
vn 0 0 1
vn 0 0 1
vn 0 0 1
vn 0 0 1
vn 0 0 1
vn 0 0 1
vn 0 0 1
vn 0 0 1
vn 0 0 1
vn 0 0 1
vn 0 0 1
vn 0 0 1
vn 0 0 1
vn 0 0 1
vn 0 0 1
vn 0.9967573082859311 0.08046656683732267 0
vn 0.9967573082859311 0.08046656683732267 0
vn 0.9967573082859311 0.08046656683732267 0
vn 0.9967573082859311 0.08046656683732267 0
vn 0.9967573082859311 -0.08046656683732267 0
vn 0.9967573082859311 -0.08046656683732267 0
vn 0.9967573082859311 -0.08046656683732267 0
vn 0.9967573082859311 -0.08046656683732267 0
vn 0.9709418200839708 -0.2393156535039567 0
vn 0.9709418200839708 -0.2393156535039567 0
vn 0.9709418200839708 -0.2393156535039567 0
vn 0.9709418200839708 -0.2393156535039567 -7.085167072451217e-17
vn 0.9709418200839708 -0.2393156535039567 -7.085167072451217e-17
vn 0.9709418200839708 -0.2393156535039567 -7.085167072451217e-17
vn 0.9199794446432856 -0.39196660754945906 -1.160454317677958e-16
vn 0.9199794446432856 -0.39196660754945906 -1.160454317677958e-16
vn 0.9199794446432856 -0.39196660754945906 -1.160454317677958e-16
vn 0.9199794446432856 -0.39196660754945906 1.0184947733945935e-16
vn 0.9199794446432856 -0.39196660754945906 1.0184947733945935e-16
vn 0.9199794446432856 -0.39196660754945906 1.0184947733945935e-16
vn 0.8451900813953231 -0.534465832688084 4.194755177826987e-17
vn 0.8451900813953231 -0.534465832688084 4.194755177826987e-17
vn 0.8451900813953231 -0.534465832688084 4.194755177826987e-17
vn 0.8451900813953231 -0.534465832688084 7.874469341202151e-17
vn 0.8451900813953231 -0.534465832688084 7.874469341202151e-17
vn 0.8451900813953231 -0.534465832688084 7.874469341202151e-17
vn 0.7485107633901565 -0.6631226410620323 -8.92880490671419e-18
vn 0.7485107633901565 -0.6631226410620323 -8.92880490671419e-18
vn 0.7485107633901565 -0.6631226410620323 -8.92880490671419e-18
vn 0.7485107633901565 -0.6631226410620323 0
vn 0.7485107633901565 -0.6631226410620323 0
vn 0.7485107633901565 -0.6631226410620323 0
vn 0.6324453802043141 -0.7746049580645741 0
vn 0.6324453802043141 -0.7746049580645741 0
vn 0.6324453802043141 -0.7746049580645741 0
vn 0.6324453802043141 -0.7746049580645741 0
vn 0.5000000067305869 -0.8660253998985324 0
vn 0.5000000067305869 -0.8660253998985324 0
vn 0.5000000067305869 -0.8660253998985324 0
vn 0.5000000067305869 -0.8660253998985324 0
vn 0.3546049074985718 -0.9350162349274633 0
vn 0.3546049074985718 -0.9350162349274633 0
vn 0.3546049074985718 -0.9350162349274633 0
vn 0.3546049074985718 -0.9350162349274633 -5.7440303916591246e-18
vn 0.3546049074985718 -0.9350162349274633 -5.7440303916591246e-18
vn 0.3546049074985718 -0.9350162349274633 -5.7440303916591246e-18
vn 0.2000256973503292 -0.9797906513125724 -5.681102390475033e-17
vn 0.2000256973503292 -0.9797906513125724 -5.681102390475033e-17
vn 0.2000256973503292 -0.9797906513125724 -5.681102390475033e-17
vn 0.2000256973503292 -0.9797906513125724 -2.7201269300689312e-17
vn 0.2000256973503292 -0.9797906513125724 -2.7201269300689312e-17
vn 0.2000256973503292 -0.9797906513125724 -2.7201269300689312e-17
vn 0.04026593928355296 -0.9991889982048507 -1.0044607491861874e-16
vn 0.04026593928355296 -0.9991889982048507 -1.0044607491861874e-16
vn 0.04026593928355296 -0.9991889982048507 -1.0044607491861874e-16
vn 0.04026593928355296 -0.9991889982048507 0
vn 0.04026593928355296 -0.9991889982048507 0
vn 0.04026593928355296 -0.9991889982048507 0
vn -0.1205366790470352 -0.9927088742447667 0
vn -0.1205366790470352 -0.9927088742447667 0
vn -0.1205366790470352 -0.9927088742447667 0
vn -0.1205366790470352 -0.9927088742447667 0
vn -0.2782174619300742 -0.9605181122067338 0
vn -0.2782174619300742 -0.9605181122067338 0
vn -0.2782174619300742 -0.9605181122067338 0
vn -0.2782174619300742 -0.9605181122067338 -4.9421347810517643e-17
vn -0.2782174619300742 -0.9605181122067338 -4.9421347810517643e-17
vn -0.2782174619300742 -0.9605181122067338 -4.9421347810517643e-17
vn -0.42869255366332487 -0.9034504382829293 -7.61510949699806e-17
vn -0.42869255366332487 -0.9034504382829293 -7.61510949699806e-17
vn -0.42869255366332487 -0.9034504382829293 -7.61510949699806e-17
vn -0.42869255366332487 -0.9034504382829293 -1.9928470254282218e-17
vn -0.42869255366332487 -0.9034504382829293 -1.9928470254282218e-17
vn -0.42869255366332487 -0.9034504382829293 -1.9928470254282218e-17
vn -0.5680647507330577 -0.822983863131343 -7.072008458867319e-17
vn -0.5680647507330577 -0.822983863131343 -7.072008458867319e-17
vn -0.5680647507330577 -0.822983863131343 -7.072008458867319e-17
vn -0.5680647507330577 -0.822983863131343 -6.895403660544059e-18
vn -0.5680647507330577 -0.822983863131343 -6.895403660544059e-18
vn -0.5680647507330577 -0.822983863131343 -6.895403660544059e-18
vn -0.6927243572948235 -0.7212024437080572 -7.529007972271128e-17
vn -0.6927243572948235 -0.7212024437080572 -7.529007972271128e-17
vn -0.6927243572948235 -0.7212024437080572 -7.529007972271128e-17
vn -0.6927243572948235 -0.7212024437080572 4.776249122296946e-17
vn -0.6927243572948235 -0.7212024437080572 4.776249122296946e-17
vn -0.6927243572948235 -0.7212024437080572 4.776249122296946e-17
vn -0.7994427572953798 -0.600742272366412 2.747885944461349e-19
vn -0.7994427572953798 -0.600742272366412 2.747885944461349e-19
vn -0.7994427572953798 -0.600742272366412 2.747885944461349e-19
vn -0.7994427572953798 -0.600742272366412 -4.706173224873304e-17
vn -0.7994427572953798 -0.600742272366412 -4.706173224873304e-17
vn -0.7994427572953798 -0.600742272366412 -4.706173224873304e-17
vn -0.8854560265636152 -0.4647231703091362 -9.964955514759853e-17
vn -0.8854560265636152 -0.4647231703091362 -9.964955514759853e-17
vn -0.8854560265636152 -0.4647231703091362 -9.964955514759853e-17
vn -0.8854560265636152 -0.4647231703091362 0
vn -0.8854560265636152 -0.4647231703091362 0
vn -0.8854560265636152 -0.4647231703091362 0
vn -0.9485364403168418 -0.3166679986848283 0
vn -0.9485364403168418 -0.3166679986848283 0
vn -0.9485364403168418 -0.3166679986848283 0
vn -0.9485364403168418 -0.3166679986848283 -2.795197431153533e-17
vn -0.9485364403168418 -0.3166679986848283 -2.795197431153533e-17
vn -0.9485364403168418 -0.3166679986848283 -2.795197431153533e-17
vn -0.9870502615353453 -0.1604112876421307 -7.414808165297084e-17
vn -0.9870502615353453 -0.1604112876421307 -7.414808165297084e-17
vn -0.9870502615353453 -0.1604112876421307 -7.414808165297084e-17
vn -0.9870502615353453 -0.1604112876421307 4.867856125749276e-17
vn -0.9870502615353453 -0.1604112876421307 4.867856125749276e-17
vn -0.9870502615353453 -0.1604112876421307 4.867856125749276e-17
vn -1 0 0
vn -1 0 0
vn -1 0 0
vn -1 0 0
vn -0.9870502615353453 0.1604112876421307 -4.867856125749276e-17
vn -0.9870502615353453 0.1604112876421307 -4.867856125749276e-17
vn -0.9870502615353453 0.1604112876421307 -4.867856125749276e-17
vn -0.9870502615353453 0.1604112876421307 7.414808165297084e-17
vn -0.9870502615353453 0.1604112876421307 7.414808165297084e-17
vn -0.9870502615353453 0.1604112876421307 7.414808165297084e-17
vn -0.9485364403168418 0.3166679986848283 2.795197431153533e-17
vn -0.9485364403168418 0.3166679986848283 2.795197431153533e-17
vn -0.9485364403168418 0.3166679986848283 2.795197431153533e-17
vn -0.9485364403168418 0.3166679986848283 0
vn -0.9485364403168418 0.3166679986848283 0
vn -0.9485364403168418 0.3166679986848283 0
vn -0.8854560265636152 0.4647231703091362 0
vn -0.8854560265636152 0.4647231703091362 0
vn -0.8854560265636152 0.4647231703091362 0
vn -0.8854560265636152 0.4647231703091362 9.964955514759853e-17
vn -0.8854560265636152 0.4647231703091362 9.964955514759853e-17
vn -0.8854560265636152 0.4647231703091362 9.964955514759853e-17
vn -0.7994427572953798 0.600742272366412 4.706173224873304e-17
vn -0.7994427572953798 0.600742272366412 4.706173224873304e-17
vn -0.7994427572953798 0.600742272366412 4.706173224873304e-17
vn -0.7994427572953798 0.600742272366412 -2.747885944461349e-19
vn -0.7994427572953798 0.600742272366412 -2.747885944461349e-19
vn -0.7994427572953798 0.600742272366412 -2.747885944461349e-19
vn -0.6927243572948235 0.7212024437080572 -4.776249122296946e-17
vn -0.6927243572948235 0.7212024437080572 -4.776249122296946e-17
vn -0.6927243572948235 0.7212024437080572 -4.776249122296946e-17
vn -0.6927243572948235 0.7212024437080572 7.529007972271128e-17
vn -0.6927243572948235 0.7212024437080572 7.529007972271128e-17
vn -0.6927243572948235 0.7212024437080572 7.529007972271128e-17
vn -0.5680647507330577 0.822983863131343 6.895403660544059e-18
vn -0.5680647507330577 0.822983863131343 6.895403660544059e-18
vn -0.5680647507330577 0.822983863131343 6.895403660544059e-18
vn -0.5680647507330577 0.822983863131343 7.072008458867319e-17
vn -0.5680647507330577 0.822983863131343 7.072008458867319e-17
vn -0.5680647507330577 0.822983863131343 7.072008458867319e-17
vn -0.42869255366332487 0.9034504382829293 1.9928470254282218e-17
vn -0.42869255366332487 0.9034504382829293 1.9928470254282218e-17
vn -0.42869255366332487 0.9034504382829293 1.9928470254282218e-17
vn -0.42869255366332487 0.9034504382829293 7.61510949699806e-17
vn -0.42869255366332487 0.9034504382829293 7.61510949699806e-17
vn -0.42869255366332487 0.9034504382829293 7.61510949699806e-17
vn -0.2782174619300742 0.9605181122067338 4.9421347810517643e-17
vn -0.2782174619300742 0.9605181122067338 4.9421347810517643e-17
vn -0.2782174619300742 0.9605181122067338 4.9421347810517643e-17
vn -0.2782174619300742 0.9605181122067338 0
vn -0.2782174619300742 0.9605181122067338 0
vn -0.2782174619300742 0.9605181122067338 0
vn -0.1205366790470352 0.9927088742447667 0
vn -0.1205366790470352 0.9927088742447667 0
vn -0.1205366790470352 0.9927088742447667 0
vn -0.1205366790470352 0.9927088742447667 0
vn 0.04026593928355296 0.9991889982048507 0
vn 0.04026593928355296 0.9991889982048507 0
vn 0.04026593928355296 0.9991889982048507 0
vn 0.04026593928355296 0.9991889982048507 1.0044607491861874e-16
vn 0.04026593928355296 0.9991889982048507 1.0044607491861874e-16
vn 0.04026593928355296 0.9991889982048507 1.0044607491861874e-16
vn 0.2000256973503292 0.9797906513125724 2.7201269300689312e-17
vn 0.2000256973503292 0.9797906513125724 2.7201269300689312e-17
vn 0.2000256973503292 0.9797906513125724 2.7201269300689312e-17
vn 0.2000256973503292 0.9797906513125724 5.681102390475033e-17
vn 0.2000256973503292 0.9797906513125724 5.681102390475033e-17
vn 0.2000256973503292 0.9797906513125724 5.681102390475033e-17
vn 0.3546049074985718 0.9350162349274633 5.7440303916591246e-18
vn 0.3546049074985718 0.9350162349274633 5.7440303916591246e-18
vn 0.3546049074985718 0.9350162349274633 5.7440303916591246e-18
vn 0.3546049074985718 0.9350162349274633 0
vn 0.3546049074985718 0.9350162349274633 0
vn 0.3546049074985718 0.9350162349274633 0
vn 0.5000000067305869 0.8660253998985324 0
vn 0.5000000067305869 0.8660253998985324 0
vn 0.5000000067305869 0.8660253998985324 0
vn 0.5000000067305869 0.8660253998985324 0
vn 0.6324453802043141 0.7746049580645741 0
vn 0.6324453802043141 0.7746049580645741 0
vn 0.6324453802043141 0.7746049580645741 0
vn 0.6324453802043141 0.7746049580645741 0
vn 0.7485107633901565 0.6631226410620323 0
vn 0.7485107633901565 0.6631226410620323 0
vn 0.7485107633901565 0.6631226410620323 0
vn 0.7485107633901565 0.6631226410620323 8.92880490671419e-18
vn 0.7485107633901565 0.6631226410620323 8.92880490671419e-18
vn 0.7485107633901565 0.6631226410620323 8.92880490671419e-18
vn 0.8451900813953231 0.534465832688084 -7.874469341202151e-17
vn 0.8451900813953231 0.534465832688084 -7.874469341202151e-17
vn 0.8451900813953231 0.534465832688084 -7.874469341202151e-17
vn 0.8451900813953231 0.534465832688084 -4.194755177826987e-17
vn 0.8451900813953231 0.534465832688084 -4.194755177826987e-17
vn 0.8451900813953231 0.534465832688084 -4.194755177826987e-17
vn 0.9199794446432856 0.39196660754945906 -1.0184947733945935e-16
vn 0.9199794446432856 0.39196660754945906 -1.0184947733945935e-16
vn 0.9199794446432856 0.39196660754945906 -1.0184947733945935e-16
vn 0.9199794446432856 0.39196660754945906 1.160454317677958e-16
vn 0.9199794446432856 0.39196660754945906 1.160454317677958e-16
vn 0.9199794446432856 0.39196660754945906 1.160454317677958e-16
vn 0.9709418200839708 0.2393156535039567 7.085167072451217e-17
vn 0.9709418200839708 0.2393156535039567 7.085167072451217e-17
vn 0.9709418200839708 0.2393156535039567 7.085167072451217e-17
vn 0.9709418200839708 0.2393156535039567 0
vn 0.9709418200839708 0.2393156535039567 0
vn 0.9709418200839708 0.2393156535039567 0
vn 1 0 0
vn 1 0 0
vn 1 0 0
vn 1 0 0
vn 0 -1 0
vn 0 -1 0
vn 0 -1 0
vn 0 -1 0
vn -1 0 0
vn -1 0 0
vn -1 0 0
vn -1 0 0
vn 0 1 0
vn 0 1 0
vn 0 1 0
vn 0 1 0
vn 0 0 1
vn 0 0 1
vn 0 0 1
vn 0 0 1
vn 0 0 1
vn 0 0 1
vn 0 0 1
vn 0 0 1
vn 0 0 1
vn 0 0 1
vn 0 0 1
vn 0 0 1
vn 0 0 1
vn 0 0 1
vn 0 0 1
vn 0 0 1
vn 0 0 1
vn 0 0 1
vn 0 0 1
vn 0 0 1
vn 0 0 1
vn 0 0 1
vn 0 0 -1
vn 0 0 -1
vn 0 0 -1
vn 0 0 -1
vn 0 0 -1
vn 0 0 -1
vn 0 0 -1
vn 0 0 -1
vn 0 0 -1
vn 0 0 -1
vn 0 0 -1
vn 0 0 -1
vn 0 0 -1
vn 0 0 -1
vn 0 0 -1
vn 0 0 -1
vn 0 0 -1
vn 0 0 -1
vn 0 0 -1
vn 0 0 -1
vn 0 0 -1
vn 0 0 -1
vn 0 0 -1
vn 0 0 -1
vn 0 0 -1
vn 0 0 -1
vn 0 0 -1
vn 0 0 -1
vn 0 0 -1
vn 0 0 -1
vn 0 0 -1
vn 0 0 -1
vn 0 0 -1
vn 0 0 -1
vn 0 0 -1
vn 0 0 -1
vn 0 0 -1
vn 0 0 -1
vn 0 0 -1
vn 0 0 -1
vn 0 0 -1
vn 0 0 -1
vn 0 0 -1
vn -0.12840345553716692 0.01690463542309486 0.9915779272993762
vn -0.12840345553716692 0.01690463542309486 0.9915779272993762
vn -0.12840345553716692 0.01690463542309486 0.9915779272993762
f 6934//6934 6935//6935 6936//6936
